person_id,name,force_id,force_name,rank,superior_id,superior_name,salary,ambition,loyalty,kamon
0,青山忠成,121,无,2,1101,,5,35,100,76
1,赤池长任,26,相良家,2,1101,,5,29,99,255
2,赤井直正,43,波多野家,8,1101,,0,57,99,255
3,安西又助,106,房总水军,2,1101,,5,44,100,115
4,赤尾清纲,1,浅井家,0,1101,,0,21,100,61
5,明石全登,14,浦上家,0,1101,,100,62,87,147
6,赤穴盛清,7,尼子家,2,1101,,0,31,85,255
7,赤松政秀,0,无,0,1101,,100,61,100,77
8,赤松义祐,0,无,2,1101,,5,56,100,77
9,秋上久家,7,尼子家,10,1101,,5,41,100,255
10,安艺国虎,9,一条家,0,1101,,0,67,90,118
11,秋田实季,8,安东家,2,56,安东爱季,0,47,100,13
12,秋山虎繁,35,武田家,0,1101,,5,33,93,51
13,明智秀满,2,朝仓家,0,14,明智光秀,100,26,88,44
14,明智光秀,2,朝仓家,32,1101,,5,94,81,44
15,浅井井赖,1,浅井家,2,1101,,5,55,100,61
16,浅井长政,1,浅井家,0,1101,,20,81,100,61
17,浅井久政,1,浅井家,0,1101,,5,31,100,61
18,朝仓景镜,2,朝仓家,0,1101,,5,71,100,59
19,朝仓景健,2,朝仓家,0,1101,,5,40,100,59
20,朝仓景恒,2,朝仓家,2,1101,,5,21,100,59
21,朝仓景连,2,朝仓家,0,1101,,5,40,100,59
22,朝仓宗滴,121,无,10,1101,,5,29,100,59
23,朝仓义景,2,朝仓家,0,1101,,50,61,100,59
24,浅野长晟,19,织田家,2,25,浅野长政,5,55,99,33
25,浅野长政,19,织田家,2,1101,,5,36,88,33
26,浅野幸长,19,织田家,2,25,浅野长政,100,70,86,33
27,朝比奈泰朝,12,今川家,2,1101,,100,25,100,20
28,浅利胜赖,8,安东家,8,1101,,5,30,100,115
29,足利义昭,3,足利家,2,1101,,5,95,100,63
30,足利义氏,121,无,10,1101,,5,29,99,22
31,足利义辉,3,足利家,0,1101,,5,67,100,63
32,芦名盛氏,4,芦名家,2,1101,,5,29,100,10
33,芦名盛兴,4,芦名家,2,1101,,5,18,100,10
34,芦名盛重,27,佐竹家,2,1101,,50,55,80,10
35,芦名盛隆,4,芦名家,0,1101,,100,65,90,10
36,阿苏惟将,5,阿苏家,2,1101,,0,34,99,97
37,安宅信康,111,淡路水军,2,1101,,5,40,88,68
38,安宅冬康,111,淡路水军,0,1101,,5,22,88,68
39,迹部胜资,35,武田家,2,1101,,0,26,100,51
40,穴山小助,35,武田家,8,41,穴山梅雪,5,17,100,255
41,穴山梅雪,35,武田家,0,1101,,5,45,89,255
42,姊小路赖纲,6,三木家,2,1101,,5,58,100,45
43,阿部正次,121,无,2,1101,,0,14,99,33
44,尼子胜久,7,尼子家,0,1101,,5,67,90,75
45,尼子晴久,7,尼子家,2,1101,,50,86,100,75
46,尼子义久,7,尼子家,2,1101,,5,32,100,75
47,天野隆重,50,毛利家,2,1101,,100,41,100,130
48,天野康景,12,今川家,2,506,德川家康,5,17,100,27
49,雨森弥兵卫,1,浅井家,2,1101,,20,30,100,255
50,鲇贝宗重,36,伊达家,2,1101,,20,21,100,6
51,荒木氏纲,43,波多野家,2,1101,,5,23,90,255
52,荒木村重,49,三好家,2,1101,,5,82,85,184
53,有马晴信,54,龙造寺家,2,1101,,20,80,90,42
54,安国寺惠琼,121,无,8,1101,,5,65,87,48
55,安东高季,8,安东家,2,1101,,5,86,57,13
56,安东爱季,8,安东家,2,1101,,0,38,100,13
57,安藤直次,12,今川家,2,506,德川家康,5,19,100,192
58,安藤守就,25,斋藤家,0,1101,,0,56,100,255
59,安藤良整,44,北条家,2,1101,,5,31,95,255
60,饭尾连龙,12,今川家,0,1101,,100,66,65,115
61,饭田觉兵卫,121,无,2,1101,,0,44,0,255
62,井伊直政,12,今川家,10,506,德川家康,5,32,100,168
63,伊贺崎道顺,96,伊贺众,34,1101,,50,48,99,255
64,伊木忠次,121,无,2,1101,,5,40,0,255
65,池田惣左卫门,86,镫屋,10,1101,,0,65,99,255
66,池田恒兴,19,织田家,8,1101,,20,25,100,133
67,池田辉政,19,织田家,10,66,池田恒兴,0,66,100,133
68,池田元助,19,织田家,8,66,池田恒兴,20,55,99,133
69,池赖和,114,土佐水军,0,1101,,5,50,99,255
70,生驹亲正,19,织田家,2,1101,,5,24,90,87
71,石川昭光,36,伊达家,2,1101,,0,70,56,18
72,石川数正,12,今川家,2,506,德川家康,100,46,98,53
73,石川五右卫门,96,伊贺众,24,1101,,0,90,99,255
74,石川高信,40,南部家,2,1101,,5,65,100,1
75,石田三成,121,无,0,1101,,5,61,0,102
76,石母田景赖,36,伊达家,2,1101,,5,18,100,255
77,伊集院忠仓,30,岛津家,2,1101,,10,40,100,101
78,伊集院忠栋,30,岛津家,0,77,伊集院忠仓,20,74,100,101
79,以心崇传,121,无,10,1101,,0,65,99,65
80,矶野员昌,1,浅井家,2,1101,,0,37,100,255
81,板仓胜重,12,今川家,2,506,德川家康,0,21,100,54
82,板部冈江雪斋,44,北条家,10,1101,,0,32,100,255
83,伊丹康直,108,骏河水军,2,1101,,100,55,99,88
84,市川经好,50,毛利家,2,1101,,50,60,99,255
85,一栗放牛,15,大崎家,8,1101,,5,50,99,255
86,一条兼定,9,一条家,2,1101,,50,36,100,88
87,一条信龙,35,武田家,0,1101,,0,20,100,48
88,伊地知重兴,23,肝付家,2,1101,,5,50,82,100
89,伊地知重秀,30,岛津家,2,1101,,5,24,100,255
90,一万田鉴实,17,大友家,2,1101,,5,16,100,90
91,一色义清,10,一色家,0,1101,,5,60,100,65
92,一色义定,10,一色家,0,1101,,20,45,100,65
93,一色义道,10,一色家,0,1101,,0,70,100,65
94,出浦盛清,91,户隐众,18,1101,,0,55,99,255
95,伊藤一刀斋,121,无,66,1101,,5,24,0,255
96,伊东祐兵,11,伊东家,2,1101,,20,21,90,99
97,伊藤惣十郎,71,伊藤屋,10,1101,,5,46,99,255
98,伊东义祐,11,伊东家,2,1101,,0,46,100,99
99,伊奈忠次,121,无,2,1101,,5,20,98,149
100,稻富一梦,10,一色家,34,1101,,5,39,95,65
101,稻叶一铁,25,斋藤家,10,1101,,5,67,67,84
102,稻叶贞通,25,斋藤家,10,101,稻叶一铁,5,34,89,84
103,稻叶正成,121,无,10,1101,,5,55,99,84
104,猪苗代盛国,4,芦名家,2,1101,,50,83,56,10
105,猪子兵介,19,织田家,10,1101,,100,18,100,255
106,猪俣邦宪,44,北条家,0,1101,,0,53,92,255
107,今井宗久,72,纳屋,10,1101,,5,77,99,255
108,今井宗薰,72,纳屋,10,1101,,5,47,99,255
109,今川氏真,12,今川家,2,1101,,20,2,100,36
110,今川义元,12,今川家,40,1101,,5,72,100,36
111,宇野藤右卫门,73,虎屋,10,1101,,50,39,100,255
112,色部胜长,39,长尾家,2,1101,,0,40,100,153
113,色部长实,39,长尾家,2,112,色部胜长,0,27,100,153
114,岩成友通,49,三好家,0,1101,,50,65,98,68
115,犬童赖安,26,相良家,2,1101,,100,46,90,255
116,上杉景胜,39,长尾家,2,1101,,0,90,100,31
117,上杉景虎,44,北条家,0,1101,,5,74,90,31
118,上杉景信,39,长尾家,2,1101,,5,25,100,31
119,上杉谦信,39,长尾家,2,1101,,5,89,100,31
120,神屋宗湛,121,无,10,1101,,20,72,0,255
121,坂田源右卫门,74,坂田屋,10,1101,,20,40,100,255
122,鹈饲孙六,95,甲贺众,18,1101,,50,44,99,255
123,宇喜多忠家,14,浦上家,2,124,宇喜多直家,0,23,100,80
124,宇喜多直家,14,浦上家,2,1101,,5,96,100,80
125,宇喜多秀家,14,浦上家,2,124,宇喜多直家,0,89,100,80
126,宇久纯定,116,五岛水军,2,1101,,0,49,99,45
127,宇久纯玄,116,五岛水军,2,1101,,100,55,99,45
128,宇佐美定满,39,长尾家,0,1101,,100,29,98,179
129,氏家卜全,25,斋藤家,0,101,稻叶一铁,50,56,78,20
130,氏家光氏,51,最上家,2,1101,,5,49,91,28
131,氏家守栋,51,最上家,2,1101,,50,82,93,28
132,氏家行广,25,斋藤家,0,101,稻叶一铁,100,54,100,20
133,牛尾幸清,7,尼子家,2,1101,,5,45,99,255
134,臼杵鉴速,17,大友家,2,1101,,100,38,100,255
135,宇都宫国纲,13,宇都宫家,2,1101,,0,74,94,28
136,宇都宫广纲,13,宇都宫家,2,1101,,100,66,100,28
137,鹈殿氏长,12,今川家,2,138,鹈殿长照,0,41,99,119
138,鹈殿长照,12,今川家,0,1101,,50,10,100,119
139,宇山久兼,7,尼子家,0,1101,,5,8,85,255
140,浦上宗景,14,浦上家,2,1101,,50,62,100,78
141,上井觉兼,30,岛津家,2,1101,,5,36,100,255
142,海野六郎,121,无,2,1101,,0,11,0,255
143,颖娃久虎,30,岛津家,2,1101,,0,44,97,255
144,江村亲家,37,长宗我部家,2,1101,,5,45,99,255
145,江里口信常,54,龙造寺家,0,1101,,100,32,100,255
146,圆城寺信胤,54,龙造寺家,0,1101,,5,41,100,255
147,远藤直经,1,浅井家,0,1101,,5,77,96,255
148,远藤基信,36,伊达家,0,1101,,0,23,97,88
149,大石智久,33,宗家,2,1101,,5,55,99,255
150,大内定纲,4,芦名家,10,1101,,5,72,64,255
151,大内辉弘,17,大友家,0,1101,,20,63,99,255
152,大内义长,121,无,2,1101,,5,29,100,83
153,大久保忠佐,12,今川家,2,506,德川家康,10,45,100,131
154,大久保忠教,121,无,10,1101,,20,55,99,131
155,大久保忠邻,12,今川家,10,156,大久保忠世,10,48,100,131
156,大久保忠世,12,今川家,2,506,德川家康,5,40,100,131
157,大久保长安,121,无,2,1101,,5,61,0,255
158,大熊朝秀,35,武田家,2,1101,,5,40,100,255
159,大崎义隆,15,大崎家,2,1101,,5,60,93,6
160,大崎义直,15,大崎家,2,1101,,5,29,99,6
161,大须贺康高,12,今川家,2,506,德川家康,5,26,100,138
162,太田氏资,16,太田家,0,1101,,20,55,99,34
163,太田牛一,19,织田家,42,1101,,5,17,79,255
164,太田三乐斋,16,太田家,42,1101,,5,69,0,34
165,大谷吉继,121,无,8,1101,,5,32,0,157
166,大月景秀,121,无,10,1101,,5,12,99,255
167,大友宗麟,17,大友家,2,1101,,5,81,100,90
168,大友亲家,17,大友家,2,1101,,5,76,91,90
169,大友亲盛,17,大友家,2,1101,,5,43,95,90
170,大友义统,17,大友家,2,1101,,5,65,98,90
171,大野治长,19,织田家,0,1101,,5,65,100,255
172,大村纯忠,54,龙造寺家,2,1101,,5,16,88,113
173,小笠原长时,49,三好家,2,1101,,5,67,59,51
174,小笠原少斋,121,无,8,1101,,100,55,99,51
175,冈家利,14,浦上家,10,124,宇喜多直家,100,24,100,80
176,冈部贞纲,108,骏河水军,0,1101,,5,50,99,20
177,冈部正纲,12,今川家,2,1101,,50,43,100,20
178,冈部元信,12,今川家,0,1101,,5,31,100,20
179,冈本随缘斋,106,房总水军,2,1101,,10,36,99,255
180,冈本禅哲,27,佐竹家,2,1101,,5,21,96,255
181,冈本赖氏,26,相良家,10,1101,,20,56,97,1
182,冈吉正,45,本愿寺,34,413,铃木佐太夫,5,60,99,1
183,奥平信昌,12,今川家,2,506,德川家康,5,57,79,161
184,奥村永福,19,织田家,10,659,前田利家,0,55,99,255
185,长船贞亲,14,浦上家,0,124,宇喜多直家,100,49,95,162
186,长船纲直,14,浦上家,0,185,长船贞亲,0,45,93,162
187,小濑甫庵,121,无,10,1101,,5,64,0,255
188,小田氏治,18,小田家,2,1101,,20,89,65,21
189,织田有乐,19,织田家,10,1101,,5,39,99,39
190,织田信胜,121,无,0,1101,,5,88,44,39
191,织田信雄,19,织田家,2,1101,,50,62,99,39
192,织田信包,19,织田家,2,1101,,50,34,100,39
193,织田信孝,19,织田家,0,1101,,50,82,96,39
194,织田信忠,19,织田家,0,1101,,5,77,99,39
195,织田信长,19,织田家,8,1101,,0,100,100,39
196,织田秀信,19,织田家,2,194,织田信忠,50,23,99,39
197,小寺政职,0,无,2,1101,,5,54,99,255
198,小岛弥太郎,39,长尾家,10,1101,,5,61,99,255
199,鬼庭左月,36,伊达家,0,1101,,5,31,100,255
200,鬼庭纲元,36,伊达家,2,199,鬼庭左月,0,51,98,255
201,小野镇幸,17,大友家,2,1101,,5,47,99,255
202,小野善鬼,121,无,0,1101,,5,78,99,255
203,小野忠明,121,无,2,1101,,0,68,0,255
204,小野寺辉道,20,小野寺家,2,1101,,100,67,100,15
205,小野寺义道,20,小野寺家,2,1101,,0,55,99,15
206,小幡勘兵卫,35,武田家,2,1101,,5,71,95,161
207,小滨景隆,108,骏河水军,2,1101,,5,55,99,255
208,饭富虎昌,35,武田家,0,1101,,0,46,99,146
209,小山田信茂,35,武田家,0,1101,,100,78,88,129
210,甲斐宗运,5,阿苏家,2,1101,,100,56,0,97
211,海北纲亲,1,浅井家,0,1101,,20,45,99,255
212,香川亲和,37,长宗我部家,2,1101,,100,30,99,54
213,香川元景,49,三好家,2,1101,,0,32,90,54
214,柿崎景家,39,长尾家,0,1101,,5,44,98,22
215,蛎崎季广,8,安东家,2,1101,,5,64,67,60
216,蛎崎庆广,8,安东家,2,215,蛎崎季广,5,83,77,60
217,垣屋光成,52,山名家,2,1101,,20,69,62,255
218,笕十藏,121,无,32,1101,,50,42,0,255
219,葛西晴信,21,葛西家,2,1101,,20,14,87,5
220,笠原政尧,44,北条家,0,1101,,5,79,47,5
221,梶原景宗,107,相模水军,2,1101,,100,55,99,255
222,果心居士,121,无,26,1101,,0,1,99,255
223,糟谷武则,121,无,10,1101,,20,59,0,20
224,片桐且元,19,织田家,10,1101,,0,32,80,33
225,片仓景纲,36,伊达家,2,1101,,5,40,100,142
226,佐甲藤太郎,80,下关屋,10,1101,,5,45,100,255
227,坚田元庆,50,毛利家,2,1101,,5,23,99,255
228,桂元澄,50,毛利家,2,1101,,5,32,99,255
229,葛山氏元,12,今川家,2,1101,,5,61,78,33
230,加藤清正,19,织田家,10,1101,,100,85,100,130
231,加藤段藏,93,轩猿众,16,1101,,100,83,99,255
232,加藤光泰,25,斋藤家,10,1101,,20,50,80,130
233,加藤嘉明,19,织田家,10,1101,,5,43,100,88
234,金上盛备,4,芦名家,0,1101,,0,51,100,255
235,金森长近,121,无,2,1101,,5,56,98,44
236,可儿才藏,25,斋藤家,74,1101,,5,76,65,255
237,钟卷自斋,121,无,66,1101,,5,44,99,255
238,蒲池鉴盛,17,大友家,0,1101,,50,29,91,92
239,龟井兹矩,7,尼子家,2,1101,,20,65,95,75
240,蒲生氏乡,55,六角家,42,242,蒲生定秀,5,69,88,100
241,蒲生贤秀,55,六角家,42,242,蒲生定秀,100,42,87,100
242,蒲生定秀,55,六角家,42,1101,,50,67,99,100
243,蒲生赖乡,55,六角家,0,242,蒲生定秀,5,35,100,100
244,蒲生秀行,55,六角家,42,240,蒲生氏乡,5,42,90,100
245,川上忠智,30,岛津家,10,1101,,10,72,100,101
246,川上久朗,30,岛津家,8,1101,,0,18,100,101
247,河尻秀隆,19,织田家,0,1101,,50,49,92,20
248,河田长亲,39,长尾家,2,1101,,20,48,100,255
249,愿证寺证惠,45,本愿寺,32,1101,,5,11,99,66
250,神户具盛,22,北畠家,2,1101,,100,50,98,133
251,菅达长,111,淡路水军,0,1101,,20,62,99,255
252,城井镇房,17,大友家,0,1101,,20,91,79,20
253,喜入季久,30,岛津家,2,1101,,5,32,99,255
254,木曾义昌,35,武田家,2,255,木曾义康,5,69,77,53
255,木曾义康,35,武田家,2,1101,,5,59,100,53
256,北条景广,39,长尾家,0,257,北条高广,0,78,65,82
257,北条高广,39,长尾家,2,1101,,5,76,66,82
258,北信爱,40,南部家,2,1101,,5,53,99,1
259,北畠具教,22,北畠家,0,1101,,0,63,100,47
260,北畠具房,22,北畠家,2,1101,,20,5,99,47
261,北畠晴具,22,北畠家,2,1101,,5,72,100,47
262,吉川经家,50,毛利家,0,1101,,5,56,100,107
263,吉川广家,50,毛利家,2,265,吉川元春,5,38,92,107
264,吉川元长,50,毛利家,2,265,吉川元春,5,44,99,107
265,吉川元春,50,毛利家,2,1101,,5,67,100,107
266,木下昌直,54,龙造寺家,0,1101,,5,42,100,255
267,木村重成,121,无,8,1101,,5,54,0,1
268,肝付兼续,23,肝付家,0,1101,,5,67,100,100
269,肝付兼护,23,肝付家,0,1101,,5,24,91,100
270,肝付良兼,23,肝付家,2,1101,,5,53,99,100
271,京极高次,3,足利家,2,273,京极高吉,5,61,87,75
272,京极高知,3,足利家,2,273,京极高吉,50,55,99,75
273,京极高吉,3,足利家,2,1101,,20,56,99,75
274,吉良亲贞,37,长宗我部家,10,1101,,5,61,100,255
275,吉良亲实,37,长宗我部家,0,274,吉良亲贞,5,51,99,255
276,雾隐才藏,96,伊贺众,16,1101,,5,61,0,255
277,九鬼广隆,121,无,2,1101,,20,74,99,138
278,九鬼守隆,109,熊野水军,2,279,九鬼嘉隆,50,34,70,138
279,九鬼嘉隆,109,熊野水军,0,1101,,100,66,70,138
280,楠长谙,49,三好家,10,679,松永久秀,50,60,99,255
281,口羽通良,50,毛利家,2,265,吉川元春,0,29,99,162
282,朽木元纲,55,六角家,2,1101,,50,53,88,110
283,国司元相,50,毛利家,10,1101,,0,61,98,255
284,国友善兵卫,121,无,34,1101,,20,12,99,255
285,九户政实,40,南部家,0,1101,,10,90,61,103
286,熊谷信直,50,毛利家,2,265,吉川元春,5,39,98,255
287,组屋源四郎,84,组屋,10,1101,,20,56,99,255
288,末吉孙左卫门,121,无,10,1101,,5,56,99,255
289,藏田五郎左,75,越后屋,10,1101,,5,22,99,255
290,来岛通总,113,村上水军,0,291,村上通康,10,71,88,84
291,村上通康,113,村上水军,2,1101,,5,55,95,84
292,黑田如水,0,无,10,197,小寺政职,5,98,100,158
293,黑田长政,0,无,10,197,小寺政职,0,70,67,158
294,黑田职隆,0,无,10,197,小寺政职,20,42,99,158
295,桑名吉成,37,长宗我部家,0,1101,,50,40,97,255
296,上泉信纲,46,长野家,66,1101,,5,25,100,255
297,高坂甚内,94,透波众,16,1101,,5,74,99,142
298,高坂昌信,35,武田家,42,1101,,50,29,100,142
299,香宗我部亲泰,37,长宗我部家,2,1101,,100,30,100,48
300,河野通直牛福丸,24,河野家,2,1101,,5,49,100,84
301,河野通宣,24,河野家,2,1101,,50,35,100,84
302,高力清长,12,今川家,2,506,德川家康,0,14,100,88
303,小岛职镇,31,神保家,2,1101,,5,72,56,255
304,五代友喜,30,岛津家,2,1101,,5,64,99,255
305,儿玉就英,50,毛利家,2,1101,,10,49,98,255
306,木造具政,22,北畠家,2,1101,,50,61,67,20
307,笼手田安一,47,松浦家,2,308,笼手田安经,100,30,99,255
308,笼手田安经,47,松浦家,2,1101,,20,55,99,255
309,后藤贤丰,55,六角家,0,1101,,100,18,88,255
310,后藤信康,36,伊达家,2,1101,,100,55,100,255
311,后藤又兵卫,0,无,8,197,小寺政职,0,69,78,88
312,小西行长,76,小西屋,0,1101,,50,68,0,117
313,小西隆佐,76,小西屋,10,1101,,5,55,99,117
314,小早川隆景,50,毛利家,2,1101,,5,46,99,108
315,小早川秀秋,19,织田家,2,517,丰臣秀吉,5,70,99,108
316,小早川秀包,50,毛利家,2,1101,,5,42,99,108
317,小堀远州,121,无,10,1101,,5,16,99,255
318,小梁川盛宗,36,伊达家,2,1101,,5,66,99,18
319,近藤义武,8,安东家,2,215,蛎崎季广,5,41,99,255
320,西园寺公广,24,河野家,0,1101,,5,71,66,85
321,杂贺孙一,45,本愿寺,34,413,铃木佐太夫,5,79,100,72
322,斋藤龙兴,25,斋藤家,0,1101,,20,61,100,43
323,斋藤传鬼坊,121,无,64,1101,,5,55,99,255
324,斋藤道三,121,无,8,1101,,20,99,100,43
325,斋藤利三,25,斋藤家,8,101,稻叶一铁,0,53,78,43
326,斋藤朝信,39,长尾家,2,1101,,5,42,98,43
327,斋藤义龙,25,斋藤家,2,1101,,100,87,31,43
328,斋村政广,0,无,0,7,赤松政秀,100,49,98,255
329,佐伯惟定,17,大友家,2,1101,,100,57,96,28
330,吉田印西,121,无,42,1101,,20,62,99,27
331,酒井家次,12,今川家,2,506,德川家康,5,28,99,81
332,酒井忠次,12,今川家,2,506,德川家康,20,31,100,81
333,酒井忠世,12,今川家,2,506,德川家康,20,55,99,81
334,坂井政尚,19,织田家,0,1101,,5,64,99,255
335,榊原康政,12,今川家,10,506,德川家康,0,50,100,140
336,坂崎直盛,14,浦上家,0,123,宇喜多忠家,20,71,93,80
337,相良义阳,26,相良家,0,1101,,50,41,100,98
338,相良赖房,26,相良家,2,1101,,0,87,99,98
339,佐久间信盛,19,织田家,2,1101,,10,55,99,79
340,佐久间盛重,19,织田家,0,1101,,20,54,100,255
341,佐久间盛政,19,织田家,2,1101,,5,74,99,79
342,鲑延秀纲,20,小野寺家,2,1101,,5,55,96,75
343,佐佐木小次郎,121,无,64,1101,,5,92,0,255
344,笹部勘二郎,14,浦上家,0,1101,,0,31,99,255
345,佐世元嘉,7,尼子家,2,1101,,5,31,98,255
346,佐竹义昭,27,佐竹家,2,1101,,5,71,100,19
347,佐竹义重,27,佐竹家,2,1101,,100,69,99,19
348,佐竹义宣,27,佐竹家,2,347,佐竹义重,5,86,95,19
349,佐竹义久,27,佐竹家,2,1101,,5,21,99,19
350,佐田彦四郎,99,外闻众,26,1101,,50,30,99,255
351,佐佐成政,19,织田家,8,1101,,20,71,99,110
352,里见义尧,28,里见家,2,1101,,5,73,100,27
353,里见义弘,28,里见家,2,1101,,5,70,99,27
354,里见义康,28,里见家,2,355,里见义赖,10,43,99,27
355,里见义赖,28,里见家,2,1101,,20,66,99,27
356,真田信纲,35,武田家,8,360,真田幸隆,10,56,91,49
357,真田信幸,35,武田家,2,359,真田昌幸,5,44,80,49
358,真田昌辉,35,武田家,8,360,真田幸隆,5,61,80,49
359,真田昌幸,35,武田家,2,360,真田幸隆,10,87,80,49
360,真田幸隆,35,武田家,2,1101,,10,81,80,49
361,真田幸村,35,武田家,8,359,真田昌幸,5,71,80,49
362,佐野房纲,53,结城家,2,1101,,100,67,79,20
363,佐分利猪之助,121,无,10,1101,,5,41,99,255
364,猿飞佐助,121,无,16,1101,,5,54,0,255
365,猿渡信光,30,岛津家,0,1101,,5,31,99,255
366,山本寺定长,39,长尾家,10,1101,,5,59,99,255
367,椎名康胤,39,长尾家,0,1101,,5,70,99,56
368,志贺亲次,17,大友家,2,369,志贺亲守,20,55,99,90
369,志贺亲守,17,大友家,0,1101,,5,21,100,255
370,繁泽元氏,50,毛利家,2,265,吉川元春,5,28,99,255
371,宍户隆家,50,毛利家,2,1101,,5,40,99,162
372,宍户梅轩,121,无,24,1101,,5,62,99,255
373,宍户元续,50,毛利家,2,371,宍户隆家,20,38,99,162
374,七条兼仲,49,三好家,2,1101,,5,63,80,255
375,七里赖周,45,本愿寺,10,1101,,5,51,100,255
376,篠原长房,49,三好家,0,1101,,5,64,90,68
377,斯波诠直,29,斯波家,2,1101,,0,21,99,4
378,斯波诠真,29,斯波家,2,1101,,0,17,99,4
379,柴田胜家,19,织田家,0,1101,,0,83,100,40
380,柴田胜丰,19,织田家,2,1101,,0,40,80,40
381,新发田重家,39,长尾家,0,382,新发田长敦,5,75,75,95
382,新发田长敦,39,长尾家,2,1101,,5,31,99,95
383,芝辻清右卫门,121,无,34,1101,,100,44,99,255
384,涩谷与右卫门,77,大西屋,10,1101,,5,54,99,255
385,岛井宗室,78,博多屋,10,1101,,5,71,99,255
386,岛左近,38,筒井家,8,1101,,5,65,80,55
387,岛津家久,30,岛津家,0,1101,,50,41,99,101
388,岛津日新斋,30,岛津家,10,1101,,0,69,100,101
389,岛津贵久,30,岛津家,2,1101,,10,70,100,101
390,岛津忠恒,30,岛津家,2,395,岛津义弘,20,34,99,101
391,岛津岁久,30,岛津家,0,1101,,5,69,99,101
392,岛津丰久,30,岛津家,0,387,岛津家久,0,53,100,101
393,岛津义虎,30,岛津家,2,1101,,100,35,96,101
394,岛津义久,30,岛津家,2,1101,,0,90,100,101
395,岛津义弘,30,岛津家,10,1101,,20,86,100,101
396,清水宗治,50,毛利家,2,1101,,20,44,99,20
397,清水康英,44,北条家,2,1101,,50,76,100,88
398,志村光安,51,最上家,2,1101,,20,40,100,255
399,下间仲孝,45,本愿寺,34,1101,,20,70,100,255
400,下间赖照,45,本愿寺,10,1101,,50,56,100,255
401,下间赖廉,45,本愿寺,34,1101,,100,49,100,255
402,上条政繁,39,长尾家,2,1101,,5,58,98,31
403,白石宗实,36,伊达家,2,1101,,100,37,99,142
404,神西元通,7,尼子家,0,1101,,0,55,99,255
405,神保氏张,31,神保家,2,1101,,5,43,90,57
406,神保长住,31,神保家,2,1101,,20,38,76,57
407,神保长城,31,神保家,2,1101,,5,19,98,57
408,神保长职,31,神保家,2,1101,,0,59,100,57
409,陶晴贤,121,无,0,1101,,0,79,51,255
410,菅沼定盈,12,今川家,2,1101,,0,42,99,68
411,杉谷善住坊,95,甲贺众,32,1101,,0,58,99,255
412,杉之坊照算,97,根来众,98,1101,,0,60,99,255
413,铃木佐太夫,45,本愿寺,32,1101,,0,66,100,72
414,铃木重朝,45,本愿寺,34,413,铃木佐太夫,0,67,100,72
415,薄田兼相,50,毛利家,2,314,小早川隆景,50,76,0,255
416,铃木元信,36,伊达家,2,1101,,5,25,99,255
417,须田满亲,121,无,2,1101,,20,36,99,255
418,津田宗及,81,天王寺屋,10,1101,,10,23,99,255
419,角仓素庵,121,无,10,1101,,5,14,0,255
420,角仓了以,121,无,10,1101,,5,55,0,255
421,关一政,22,北畠家,2,424,关盛信,5,55,99,133
422,关口氏广,12,今川家,0,1101,,5,39,100,6
423,世鬼政时,99,外闻众,18,1101,,50,55,99,255
424,关盛信,22,北畠家,2,1101,,50,59,90,133
425,仙石秀久,19,织田家,2,1101,,0,44,0,255
426,千利休,121,无,10,1101,,5,61,100,255
427,相马盛胤,32,相马家,2,1101,,10,74,100,7
428,相马义胤,32,相马家,2,1101,,20,79,87,7
429,宗义调,33,宗家,2,1101,,0,61,99,105
430,宗义智,33,宗家,2,1101,,100,35,99,105
431,十河一存,49,三好家,2,1101,,100,68,100,78
432,十河存保,49,三好家,0,431,十河一存,100,72,99,78
433,太原雪斋,121,无,10,1101,,20,12,100,255
434,大道寺政繁,44,北条家,0,1101,,5,51,100,133
435,大宝寺义氏,34,大宝寺家,2,1101,,5,62,99,16
436,高岛正重,9,一条家,2,1101,,20,22,69,255
437,高梨政赖,39,长尾家,2,1101,,100,50,95,119
438,高桥鉴种,17,大友家,2,1101,,5,88,69,91
439,高桥绍运,17,大友家,0,1101,,0,52,99,91
440,高山重友,49,三好家,2,679,松永久秀,50,49,77,126
441,高山友照,49,三好家,2,679,松永久秀,20,36,77,126
442,泷川一益,19,织田家,34,1101,,20,67,98,255
443,泷川雄利,22,北畠家,2,306,木造具政,50,19,66,255
444,田北镇周,17,大友家,0,1101,,5,55,98,255
445,泷本寺非有,37,长宗我部家,10,1101,,20,27,99,255
446,武井夕庵,25,斋藤家,10,1101,,5,13,99,255
447,武田胜赖,35,武田家,0,1101,,0,79,99,48
448,武田逍遥轩,35,武田家,0,1101,,100,35,99,48
449,武田信玄,35,武田家,2,1101,,5,97,100,48
450,武田信繁,35,武田家,0,1101,,20,42,100,48
451,武田信丰,35,武田家,0,450,武田信繁,20,54,99,48
452,武田元明,121,无,0,1101,,5,55,99,60
453,武田义信,35,武田家,0,1101,,5,65,99,48
454,竹中重门,25,斋藤家,2,455,竹中半兵卫,5,55,99,139
455,竹中半兵卫,25,斋藤家,2,58,安藤守就,20,44,89,139
456,立花道雪,17,大友家,2,1101,,20,40,99,90
457,立花直次,17,大友家,2,456,立花道雪,100,55,99,91
458,立花宗茂,17,大友家,2,439,高桥绍运,20,70,98,91
459,立原久纲,7,尼子家,2,1101,,5,54,100,123
460,楯冈满茂,51,最上家,2,1101,,20,51,96,255
461,伊达实元,36,伊达家,2,1101,,0,22,100,18
462,伊达成实,36,伊达家,2,461,伊达实元,100,61,100,18
463,伊达稙宗,121,无,2,1101,,50,93,99,18
464,伊达辉宗,36,伊达家,0,1101,,50,48,90,18
465,伊达晴宗,36,伊达家,2,1101,,50,84,90,18
466,伊达政宗,36,伊达家,2,464,伊达辉宗,20,90,99,18
467,田中胜介,121,无,10,1101,,5,84,99,255
468,田中吉政,1,浅井家,2,698,宫部继润,0,70,80,20
469,谷忠澄,37,长宗我部家,2,1101,,100,35,99,255
470,种子岛时尧,30,岛津家,34,1101,,0,59,89,35
471,种子岛久时,30,岛津家,34,470,种子岛时尧,5,65,89,35
472,田村清显,4,芦名家,2,1101,,5,50,99,54
473,多罗尾光俊,95,甲贺众,18,1101,,100,39,99,255
474,田原亲贤,17,大友家,0,1101,,100,64,99,255
475,千贺孙兵卫,108,骏河水军,2,1101,,100,55,99,255
476,千坂景亲,39,长尾家,2,1101,,5,55,99,255
477,千叶邦胤,44,北条家,2,478,千叶胤富,5,51,100,146
478,千叶胤富,44,北条家,2,1101,,0,53,100,146
479,茶屋又四郎,79,茶屋,10,1101,,5,57,99,255
480,茶屋四郎次郎,79,茶屋,10,1101,,0,49,100,255
481,长宗我部国亲,121,无,2,1101,,5,79,100,86
482,长宗我部信亲,37,长宗我部家,0,1101,,0,43,99,255
483,长宗我部元亲,37,长宗我部家,2,1101,,5,94,100,86
484,长宗我部盛亲,37,长宗我部家,8,1101,,5,78,99,86
485,长续连,42,畠山家,0,1101,,0,76,74,58
486,长连龙,42,畠山家,2,1101,,20,68,85,58
487,塚原卜传,121,无,66,1101,,100,42,0,255
488,津轻为信,40,南部家,2,1101,,5,94,70,2
489,柘植三之丞,96,伊贺众,18,1101,,5,55,99,255
490,津田信澄,19,织田家,0,1101,,20,25,100,39
491,土屋昌恒,35,武田家,0,1101,,0,19,100,119
492,筒井定次,38,筒井家,0,1101,,0,46,80,71
493,筒井顺庆,38,筒井家,2,1101,,5,50,80,71
494,角隈石宗,17,大友家,0,1101,,20,40,99,255
495,津野亲忠,37,长宗我部家,2,1101,,0,86,100,255
496,土居宗珊,9,一条家,0,1101,,5,22,96,255
497,土井利胜,12,今川家,2,506,德川家康,5,19,100,37
498,东乡重位,30,岛津家,2,1101,,5,71,89,160
499,藤堂高虎,1,浅井家,10,1101,,100,90,100,69
500,远山景任,25,斋藤家,2,1101,,0,38,100,63
501,远山纲景,44,北条家,2,1101,,100,40,100,6
502,户川秀安,14,浦上家,2,124,宇喜多直家,5,30,100,71
503,户川逵安,14,浦上家,10,502,户川秀安,5,47,92,71
504,土岐赖次,49,三好家,2,679,松永久秀,5,10,76,44
505,得居通之,24,河野家,2,1101,,5,55,99,255
506,德川家康,12,今川家,34,1101,,5,98,100,37
507,德川信康,12,今川家,0,506,德川家康,20,78,100,37
508,德川秀忠,12,今川家,34,506,德川家康,50,60,100,37
509,户泽盛安,121,无,2,1101,,5,75,0,14
510,富田景政,2,朝仓家,2,1101,,50,23,99,1
511,富田重政,2,朝仓家,2,510,富田景政,20,72,0,1
512,富田势源,121,无,66,1101,,50,6,99,1
513,富田隆实,4,芦名家,2,1101,,20,40,100,1
514,富永山随,107,相模水军,0,1101,,5,21,68,1
515,丰臣秀次,19,织田家,0,1101,,5,89,78,41
516,丰臣秀长,121,无,2,1101,,50,45,0,41
517,丰臣秀吉,19,织田家,2,1101,,5,98,100,41
518,丰臣秀赖,19,织田家,40,517,丰臣秀吉,20,15,100,41
519,鸟居强右卫门,12,今川家,8,506,德川家康,0,7,99,18
520,鸟居忠吉,12,今川家,10,506,德川家康,100,56,99,18
521,鸟居元忠,12,今川家,8,506,德川家康,20,4,100,18
522,内藤如安,49,三好家,2,679,松永久秀,100,41,99,255
523,内藤昌丰,35,武田家,0,1101,,50,60,100,48
524,内藤正成,12,今川家,42,506,德川家康,5,54,100,171
525,直江景纲,39,长尾家,2,1101,,5,34,99,134
526,直江兼续,39,长尾家,2,1101,,0,82,99,134
527,长井道利,25,斋藤家,0,1101,,100,45,98,43
528,长尾政景,39,长尾家,2,1101,,50,59,90,54
529,中川清秀,49,三好家,0,1101,,0,39,100,116
530,长坂钓闲,35,武田家,8,1101,,5,80,99,255
531,中岛重房,37,长宗我部家,2,1101,,5,64,99,255
532,中岛可之助,37,长宗我部家,2,1101,,5,60,99,255
533,中条景泰,39,长尾家,0,1101,,5,28,98,79
534,永田德本,121,无,10,1101,,5,3,99,255
535,长野具藤,22,北畠家,2,250,神户具盛,5,72,99,10
536,长野业正,46,长野家,2,1101,,5,35,100,255
537,长野业盛,46,长野家,0,1101,,50,44,99,255
538,中野宗时,36,伊达家,2,1101,,5,84,81,18
539,中村一氏,19,织田家,2,1101,,0,40,100,129
540,道川兵卫三郎,85,川舟屋,10,1101,,5,55,99,255
541,中山朝正,51,最上家,2,1101,,100,60,88,146
542,名古屋山三郎,121,无,0,1101,,50,69,0,255
543,奈佐日本助,110,丹后水军,0,1101,,50,55,99,255
544,那须资晴,13,宇都宫家,42,1101,,5,74,88,29
545,长束正家,19,织田家,0,1101,,0,33,0,255
546,夏目吉信,12,今川家,0,506,德川家康,0,46,99,255
547,锅岛胜茂,54,龙造寺家,2,548,锅岛直茂,0,42,99,110
548,锅岛直茂,54,龙造寺家,2,1101,,0,85,96,110
549,吕宋助左卫门,72,纳屋,2,1101,,0,88,99,255
550,成田氏长,39,长尾家,2,552,成田长泰,0,77,44,46
551,成田长忠,39,长尾家,2,552,成田长泰,5,40,99,46
552,成田长泰,39,长尾家,2,1101,,0,79,44,46
553,成松信胜,54,龙造寺家,0,1101,,0,41,99,255
554,成富茂安,54,龙造寺家,2,1101,,0,33,99,255
555,南部利直,40,南部家,2,556,南部信直,0,48,69,1
556,南部信直,40,南部家,2,1101,,0,80,87,1
557,南部晴政,40,南部家,2,1101,,0,69,100,1
558,新纳忠元,30,岛津家,2,1101,,5,52,99,101
559,西川仁右卫门,121,无,10,1101,,0,55,99,255
560,仁科盛信,35,武田家,0,1101,,50,46,100,48
561,二曲轮猪助,92,风魔众,26,1101,,5,20,99,255
562,二宫就辰,50,毛利家,2,1101,,0,14,100,255
563,二本松义继,4,芦名家,0,1101,,0,56,98,12
564,丹羽长重,19,织田家,2,565,丹羽长秀,0,56,90,111
565,丹羽长秀,19,织田家,2,1101,,0,40,100,111
566,温井景隆,42,畠山家,2,1101,,0,72,99,5
567,沼田祐光,121,无,2,1101,,0,68,0,255
568,根岸兔角,121,无,66,1101,,0,64,99,255
569,祢寝重长,23,肝付家,2,1101,,0,50,90,100
570,根津甚八,121,无,0,1101,,0,55,99,255
571,乃美宗胜,50,毛利家,2,1101,,0,37,99,255
572,拜乡家嘉,121,无,0,1101,,0,57,0,255
573,垪和氏续,44,北条家,2,1101,,0,31,99,255
574,芳贺高定,13,宇都宫家,2,1101,,0,59,99,20
575,芳贺高继,13,宇都宫家,2,1101,,0,78,89,20
576,友野二郎兵卫,82,友野屋,10,1101,,0,30,99,255
577,支仓常长,36,伊达家,2,1101,,0,56,99,255
578,畠山高政,41,畠山家,2,1101,,0,83,99,70
579,畠山义续,42,畠山家,2,1101,,5,55,93,58
580,畠山义纲,42,畠山家,2,1101,,5,78,100,58
581,波多野晴通,121,无,2,1101,,0,38,100,64
582,波多野秀尚,43,波多野家,2,1101,,20,60,100,64
583,波多野秀治,43,波多野家,2,1101,,5,61,100,64
584,蜂须贺家政,121,无,2,1101,,5,60,0,66
585,蜂须贺小六,121,无,2,1101,,0,72,0,66
586,蜂屋赖隆,25,斋藤家,2,1101,,5,58,80,255
587,服部半藏,12,今川家,10,506,德川家康,100,23,100,175
588,堀立直正,80,下关屋,10,1101,,50,42,99,255
589,花房正成,14,浦上家,2,590,花房正幸,0,30,99,80
590,花房正幸,14,浦上家,42,124,宇喜多直家,5,40,98,80
591,花房职秀,14,浦上家,10,124,宇喜多直家,5,22,99,80
592,马场信春,35,武田家,0,1101,,5,34,100,48
593,林崎甚助,121,无,66,1101,,0,35,99,255
594,林秀贞,19,织田家,2,1101,,5,49,98,6
595,原田宗时,36,伊达家,2,1101,,20,58,99,255
596,原虎胤,35,武田家,2,1101,,5,58,99,25
597,原昌胤,35,武田家,0,1101,,5,40,99,48
598,播磨屋宗德,121,无,10,1101,,20,44,99,255
599,塙直政,19,织田家,8,1101,,0,65,100,255
600,塙团右卫门,121,无,8,1101,,0,77,0,255
601,疋田丰五郎,46,长野家,66,296,上泉信纲,0,67,99,255
602,久武亲直,37,长宗我部家,2,1101,,0,84,97,255
603,久武亲信,37,长宗我部家,2,1101,,0,38,100,255
604,鸿池新六,7,尼子家,10,756,山中鹿介,0,80,45,75
605,日根野弘就,25,斋藤家,2,1101,,0,69,99,162
606,百武贤兼,54,龙造寺家,8,1101,,0,44,99,255
607,平井经治,121,无,0,1101,,0,55,99,255
608,平岩亲吉,12,今川家,2,506,德川家康,0,21,100,115
609,平冈房实,24,河野家,2,1101,,0,39,100,142
610,平贺元相,50,毛利家,2,1101,,0,50,100,255
611,平手泛秀,19,织田家,8,1101,,0,42,99,63
612,平野长泰,121,无,10,1101,,0,57,0,35
613,风魔小太郎,92,风魔众,18,1101,,0,29,100,255
614,深水长智,26,相良家,2,1101,,0,44,99,255
615,福岛正则,19,织田家,10,1101,,0,67,100,177
616,福留亲政,37,长宗我部家,2,1101,,0,70,100,255
617,福留仪重,37,长宗我部家,2,616,福留亲政,0,56,100,255
618,福原贞俊,50,毛利家,2,1101,,0,42,99,81
619,古田织部,49,三好家,8,52,荒木村重,0,43,87,10
620,不破光治,25,斋藤家,2,1101,,0,50,86,20
621,别所长治,0,无,0,1101,,0,79,100,76
622,穗井田元清,50,毛利家,2,1101,,0,34,100,255
623,北条氏胜,44,北条家,2,625,北条氏繁,0,60,99,35
624,北条氏邦,44,北条家,2,1101,,0,48,99,35
625,北条氏繁,44,北条家,2,632,北条纲成,0,26,99,35
626,北条氏照,44,北条家,0,1101,,0,40,99,35
627,北条氏直,44,北条家,2,629,北条氏政,0,42,99,35
628,北条氏规,44,北条家,2,1101,,0,40,99,35
629,北条氏政,44,北条家,0,1101,,0,82,100,35
630,北条氏康,44,北条家,2,1101,,0,88,100,35
631,北条幻庵,44,北条家,2,1101,,0,22,99,35
632,北条纲成,44,北条家,10,1101,,0,19,100,35
633,宝藏院胤荣,121,无,74,1101,,0,63,99,255
634,保科正俊,35,武田家,10,448,武田逍遥轩,0,65,99,142
635,安井道顿,121,无,8,1101,,0,57,99,255
636,细川忠兴,3,足利家,2,638,细川幽斋,0,76,77,67
637,细川晴元,3,足利家,2,1101,,0,52,74,67
638,细川幽斋,3,足利家,2,1101,,0,77,87,67
639,堀尾忠氏,121,无,2,1101,,0,30,0,90
640,堀尾吉晴,121,无,2,1101,,0,25,0,90
641,堀直政,121,无,2,1101,,0,52,90,68
642,堀内氏善,41,畠山家,2,1101,,0,54,43,55
643,堀秀治,19,织田家,2,644,堀秀政,0,40,90,68
644,堀秀政,19,织田家,2,1101,,0,58,99,68
645,本因坊算砂,121,无,10,1101,,0,7,99,255
646,本愿寺教如,45,本愿寺,10,1101,,0,89,100,66
647,本愿寺显如,45,本愿寺,34,1101,,0,88,100,66
648,本愿寺准如,45,本愿寺,10,1101,,0,55,100,66
649,北乡时久,30,岛津家,2,1101,,0,64,99,101
650,本庄繁长,39,长尾家,2,1101,,0,64,88,153
651,本多重次,12,今川家,2,506,德川家康,0,44,100,37
652,本多忠胜,12,今川家,10,506,德川家康,0,45,100,37
653,本多忠朝,12,今川家,8,652,本多忠胜,0,72,100,37
654,本多忠政,12,今川家,10,652,本多忠胜,0,15,100,37
655,本多正纯,12,今川家,2,656,本多正信,0,66,99,37
656,本多正信,12,今川家,2,506,德川家康,0,77,99,37
657,前田庆次,19,织田家,10,1101,,0,78,64,112
658,前田玄以,121,无,2,1101,,0,45,100,123
659,前田利家,19,织田家,10,1101,,0,71,99,112
660,前田利长,19,织田家,10,659,前田利家,0,22,90,112
661,前田利政,19,织田家,10,659,前田利家,0,75,90,112
662,前野长康,121,无,0,1101,,0,59,0,33
663,前波吉继,2,朝仓家,0,1101,,0,64,67,255
664,真壁氏干,27,佐竹家,2,1101,,0,76,99,123
665,真柄直澄,2,朝仓家,0,1101,,0,65,100,255
666,真柄直隆,2,朝仓家,0,1101,,0,66,100,255
667,正木时茂,28,里见家,10,1101,,0,45,100,10
668,正木时忠,28,里见家,10,1101,,0,66,88,10
669,正木赖忠,28,里见家,2,668,正木时忠,0,24,88,10
670,增田长盛,121,无,8,1101,,0,45,0,255
671,益田元祥,50,毛利家,2,1101,,0,31,90,139
672,松井康之,121,无,2,1101,,0,49,99,255
673,松井友闲,19,织田家,10,1101,,0,21,99,255
674,松仓重信,38,筒井家,2,1101,,0,60,98,142
675,松仓重政,38,筒井家,2,674,松仓重信,0,74,98,142
676,松下加兵卫,12,今川家,2,60,饭尾连龙,0,20,99,105
677,松平忠吉,12,今川家,2,506,德川家康,0,68,100,37
678,松田宪秀,44,北条家,0,1101,,0,59,87,255
679,松永久秀,49,三好家,8,1101,,0,100,95,69
680,松永久通,49,三好家,0,679,松永久秀,0,87,88,69
681,松波义亲,42,畠山家,0,1101,,0,60,99,58
682,角屋七郎次郎,70,角屋,10,1101,,0,34,99,255
683,松浦镇信,47,松浦家,2,1101,,0,62,89,95
684,松浦隆信,47,松浦家,2,1101,,0,66,100,95
685,曲直濑道三,121,无,10,1101,,0,17,99,68
686,丸目长惠,26,相良家,66,1101,,0,40,96,255
687,三云成持,55,六角家,2,1101,,0,18,100,161
688,御宿勘兵卫,121,无,0,1101,,0,64,75,255
689,水谷胤重,32,相马家,2,1101,,0,30,99,255
690,水野胜成,12,今川家,2,506,德川家康,0,64,80,129
691,水野忠重,12,今川家,0,506,德川家康,0,55,99,129
692,水野信元,19,织田家,0,1101,,0,64,99,129
693,沟尾庄兵卫,2,朝仓家,10,14,明智光秀,0,14,100,44
694,沟口秀胜,19,织田家,2,1101,,0,46,90,255
695,三刀屋久祐,7,尼子家,10,1101,,0,63,80,150
696,三村家亲,48,三村家,0,1101,,0,70,88,81
697,三村元亲,48,三村家,0,1101,,0,61,100,81
698,宫部继润,1,浅井家,10,1101,,0,74,80,255
699,宫本传太夫,112,盐饱水军,2,1101,,0,55,99,255
700,宫本武藏,121,无,2,1101,,0,84,0,255
701,三好笑岩,49,三好家,2,1101,,0,51,100,68
702,三好长治,49,三好家,0,708,三好实休,0,69,98,68
703,三好长逸,49,三好家,2,1101,,0,58,100,68
704,三好长庆,49,三好家,2,1101,,0,85,100,68
705,三好为三,49,三好家,2,706,三好宗渭,0,40,99,68
706,三好宗渭,49,三好家,0,1101,,0,40,99,68
707,三好义兴,49,三好家,2,1101,,0,37,99,68
708,三好实休,49,三好家,0,1101,,0,64,98,68
709,三好义继,49,三好家,0,1101,,0,59,98,68
710,向井正纲,108,骏河水军,2,1101,,0,68,100,255
711,村井贞胜,19,织田家,0,1101,,0,24,99,255
712,村井长赖,19,织田家,2,659,前田利家,0,45,99,255
713,村上国清,39,长尾家,2,1101,,0,44,99,50
714,村上武吉,113,村上水军,2,1101,,0,66,88,50
715,村上元吉,113,村上水军,0,1101,,0,55,99,50
716,村上义清,39,长尾家,2,1101,,0,71,99,50
717,毛受胜照,19,织田家,2,379,柴田胜家,0,13,98,255
718,毛利胜永,121,无,0,1101,,0,66,0,175
719,毛利重能,121,无,2,1101,,0,54,0,255
720,毛利隆元,50,毛利家,2,1101,,0,45,100,82
721,毛利辉元,50,毛利家,2,1101,,0,76,100,82
722,毛利元就,50,毛利家,2,1101,,0,88,100,82
723,最上义光,51,最上家,2,1101,,0,93,88,17
724,最上义时,51,最上家,2,1101,,0,58,77,17
725,最上义守,51,最上家,2,1101,,0,62,100,17
726,望月六郎,121,无,34,1101,,0,12,0,255
727,本山茂宗,9,一条家,0,10,安艺国虎,0,58,78,255
728,籾井教业,43,波多野家,0,1101,,0,51,99,255
729,百地三太夫,96,伊贺众,24,1101,,0,74,100,255
730,森下道誉,52,山名家,2,1101,,0,35,99,255
731,森忠政,19,织田家,2,735,森可成,0,55,99,62
732,母里太兵卫,0,无,10,197,小寺政职,0,70,77,255
733,森长可,19,织田家,8,735,森可成,0,39,100,62
734,森村春,111,淡路水军,0,1101,,0,55,99,255
735,森可成,19,织田家,0,1101,,0,26,99,62
736,森兰丸,19,织田家,8,1101,,0,40,100,62
737,师冈一羽,121,无,66,1101,,0,14,99,255
738,问注所统景,17,大友家,0,1101,,0,22,99,255
739,八板金兵卫,121,无,34,1101,,0,55,99,255
740,柳生石舟斋,121,无,2,1101,,0,40,100,152
741,柳生兵库助,121,无,2,1101,,0,55,99,152
742,柳生宗矩,38,筒井家,2,1101,,0,59,80,152
743,施药院全宗,121,无,10,1101,,0,66,99,255
744,矢泽赖纲,35,武田家,2,360,真田幸隆,0,19,99,49
745,矢泽赖康,35,武田家,2,360,真田幸隆,0,22,99,49
746,屋代景赖,36,伊达家,2,1101,,0,77,99,255
747,安田显元,39,长尾家,0,437,高梨政赖,0,59,99,82
748,安田长秀,39,长尾家,2,1101,,0,55,99,82
749,柳原户兵卫,90,黑胫巾众,18,1101,,0,43,99,255
750,山县昌景,35,武田家,10,1101,,0,30,100,146
751,山崎片家,55,六角家,2,1101,,0,45,100,78
752,山崎长德,2,朝仓家,2,1101,,0,48,100,125
753,山田有信,30,岛津家,2,1101,,0,44,100,255
754,山田长政,121,无,0,1101,,0,55,99,255
755,山田宗昌,11,伊东家,2,1101,,0,41,99,99
756,山中鹿介,7,尼子家,8,1101,,0,40,100,75
757,山中俊好,55,六角家,26,1101,,0,49,98,255
758,山名祐丰,52,山名家,2,1101,,0,62,100,73
759,山名禅高,52,山名家,2,1101,,0,51,99,73
760,山内一丰,19,织田家,2,1101,,0,53,100,178
761,山本勘助,35,武田家,0,1101,,0,55,97,20
762,汤浅五助,121,无,8,1101,,0,31,90,255
763,结城晴朝,53,结城家,10,1101,,0,50,100,23
764,结城秀康,12,今川家,10,506,德川家康,0,79,75,37
765,结城政胜,121,无,2,1101,,0,69,100,23
766,游佐续光,42,畠山家,2,1101,,0,77,65,255
767,由利镰之助,121,无,10,1101,,0,31,0,255
768,横谷左近,91,户隐众,18,1101,,0,55,99,255
769,吉江景资,39,长尾家,0,1101,,0,24,100,255
770,吉冈宪法,121,无,66,1101,,0,50,99,255
771,吉冈清十郎,121,无,66,1101,,0,23,0,255
772,吉冈传七郎,121,无,66,1101,,0,71,0,255
773,吉冈长增,17,大友家,2,1101,,0,34,99,255
774,吉田重俊,37,长宗我部家,2,1101,,0,51,99,255
775,吉田孝赖,37,长宗我部家,2,1101,,0,44,99,255
776,吉田政重,37,长宗我部家,2,1101,,0,56,98,255
777,吉田康俊,37,长宗我部家,2,1101,,0,38,99,255
778,吉弘鉴理,17,大友家,2,1101,,0,48,99,255
779,吉见正赖,50,毛利家,2,1101,,0,40,96,6
780,世濑藏人,90,黑胫巾众,18,1101,,0,40,99,255
781,淀屋常安,121,无,10,1101,,0,72,99,255
782,梁田藤左卫门,83,梁田屋,10,1101,,0,43,99,255
783,依冈左京,9,一条家,0,1101,,0,48,98,255
784,龙造寺家就,54,龙造寺家,2,1101,,0,55,99,94
785,龙造寺隆信,54,龙造寺家,0,1101,,0,81,100,94
786,龙造寺长信,54,龙造寺家,2,1101,,0,31,99,94
787,龙造寺信周,54,龙造寺家,2,1101,,0,67,96,94
788,龙造寺政家,54,龙造寺家,2,1101,,0,28,100,94
789,留守政景,36,伊达家,2,1101,,0,40,100,4
790,六角承祯,55,六角家,42,1101,,0,67,100,62
791,六角义治,55,六角家,42,1101,,0,65,99,62
792,若林镇兴,115,无,2,1101,,0,45,99,130
793,胁坂安治,1,浅井家,10,1101,,0,55,100,58
794,分部光嘉,22,北畠家,2,1101,,0,59,89,255
795,和田昭为,27,佐竹家,2,1101,,0,51,99,255
796,和田惟政,3,足利家,0,1101,,0,38,99,138
797,渡边勘兵卫,121,无,10,1101,,0,40,0,255
798,渡边守纲,12,今川家,10,506,德川家康,0,40,99,37
799,亘理元宗,36,伊达家,2,1101,,0,40,100,18
800,無,121,无,2,1101,,0,84,0,255
801,武田信虎,121,无,2,1101,,0,51,100,68
802,大内义隆,121,无,2,1101,,0,69,98,68
803,织田信秀,121,无,2,1101,,0,78,100,68
804,松平广忠,121,无,2,1101,,0,85,100,68
805,平手政秀,121,无,2,1101,,0,40,99,68
806,九鬼净隆,121,无,2,1101,,0,40,99,68
807,畠山秋高,121,无,2,1101,,0,37,99,68
808,赤松晴政,121,无,2,1101,,0,64,98,68
809,少贰冬尚,121,无,2,1101,,0,59,98,68
810,有马义贞,121,无,2,1101,,0,68,100,255
811,大友义鉴,121,无,2,1101,,0,24,99,255
812,本愿寺证如,121,无,2,1101,,0,45,99,255
813,大宝寺义增,121,无,2,1101,,0,44,99,50
814,斯波义统,121,无,2,1101,,0,66,88,50
815,织田信友,121,无,2,1101,,0,55,99,50
816,细川氏纲,121,无,2,1101,,0,71,99,50
817,六角定赖,121,无,2,1101,,0,13,98,255
818,岛津胜久,121,无,2,1101,,0,66,0,175
819,筒井顺昭,121,无,2,1101,,0,54,0,255
820,二阶堂盛义,121,无,2,1101,,0,45,100,82
821,一宫随波斋,121,无,2,1101,,0,76,100,82
822,有马晴纯,121,无,2,1101,,0,88,100,82
823,相良晴广,121,无,2,1101,,0,93,88,17
824,村上吉充,121,无,2,1101,,0,58,77,17
825,岩间小熊,121,无,2,1101,,0,62,100,17
826,梶原政景,121,无,2,1101,,0,12,0,255
827,松永长赖,121,无,2,1101,,0,58,78,255
828,毛利秀元,121,无,2,1101,,0,51,99,255
829,大谷休泊,121,无,2,1101,,0,74,100,255
830,游佐信教,121,无,2,1101,,0,35,99,255
831,田北绍铁,121,无,2,1101,,0,55,99,62
832,冷泉隆丰,121,无,2,1101,,0,70,77,255
833,相良武任,121,无,2,1101,,0,39,100,62
834,饭田兴秀,121,无,2,1101,,0,55,99,255
835,儿玉就方,121,无,2,1101,,0,26,99,62
836,白井贤胤,121,无,2,1101,,0,40,100,62
837,织田信光,121,无,2,1101,,0,55,99,255
838,小山田信有,121,无,2,1101,,0,55,99,255
839,尼子国久,121,无,2,1101,,0,55,99,255
840,尼子诚久,96,伊贺众,16,1101,,0,71,99,255
841,坂井大膳,115,无,0,1101,,0,58,99,255
842,别所就治,115,无,8,1101,,0,41,99,255
843,志道广良,115,无,8,1101,,0,38,99,255
844,锅岛清房,96,伊贺众,8,1101,,0,47,99,255
845,神屋绍策,70,角屋,8,1101,,0,34,99,255
846,内藤兴盛,91,户隐众,8,1101,,0,82,99,255
847,岛津实久,109,熊野水军,8,1101,,0,68,99,255
848,井上元兼,115,无,16,1101,,0,21,99,255
849,津田宗达,72,纳屋,0,1101,,0,87,99,255
850,阿苏惟丰,106,房总水军,8,1101,,0,61,99,255
851,津田算长,72,纳屋,8,1101,,0,97,99,255
852,杉重矩,106,房总水军,8,1101,,0,72,99,255
853,城井长房,99,外闻众,8,1101,,0,83,99,255
854,葛西晴胤,72,纳屋,8,1101,,0,25,99,255
855,江上武种,106,房总水军,8,1101,,0,78,99,255
856,佐伯惟教,72,纳屋,8,1101,,0,44,99,255
857,宇久玄雅,70,角屋,0,1101,,0,82,99,255
858,二木重高,80,下关屋,8,1101,,0,29,99,255
859,高田又兵卫,99,外闻众,0,1101,,0,74,99,255
860,待替换(ID 860),99,外闻众,8,1101,,0,100,99,255
861,待替换(ID 861),106,房总水军,8,1101,,0,63,99,255
862,待替换(ID 862),78,博多屋,8,1101,,0,87,99,255
863,待替换(ID 863),116,五岛水军,8,1101,,0,22,99,255
864,待替换(ID 864),78,博多屋,8,1101,,0,87,99,255
865,待替换(ID 865),78,博多屋,16,1101,,0,48,99,255
866,待替换(ID 866),84,组屋,8,1101,,0,70,99,255
867,待替换(ID 867),78,博多屋,8,1101,,0,80,99,255
868,待替换(ID 868),99,外闻众,0,1101,,0,71,99,255
869,待替换(ID 869),116,五岛水军,8,1101,,0,89,99,255
870,待替换(ID 870),116,五岛水军,16,1101,,0,46,99,255
871,待替换(ID 871),70,角屋,8,1101,,0,44,99,255
872,待替换(ID 872),73,虎屋,0,1101,,0,80,99,255
873,待替换(ID 873),93,轩猿众,16,1101,,0,94,99,255
874,待替换(ID 874),116,五岛水军,8,1101,,0,75,99,255
875,待替换(ID 875),79,茶屋,8,1101,,0,46,99,255
876,待替换(ID 876),93,轩猿众,0,1101,,0,45,99,255
877,待替换(ID 877),93,轩猿众,0,1101,,0,44,99,255
878,待替换(ID 878),93,轩猿众,8,1101,,0,91,99,255
879,待替换(ID 879),101,,8,1101,,0,42,99,255
880,待替换(ID 880),91,户隐众,8,1101,,0,86,99,255
881,待替换(ID 881),85,川舟屋,8,1101,,0,60,99,255
882,待替换(ID 882),107,相模水军,0,1101,,0,47,99,255
883,待替换(ID 883),91,户隐众,0,1101,,0,54,99,255
884,待替换(ID 884),86,镫屋,8,1101,,0,28,99,255
885,待替换(ID 885),96,伊贺众,16,1101,,0,56,99,255
886,待替换(ID 886),107,相模水军,16,1101,,0,98,99,255
887,待替换(ID 887),107,相模水军,8,1101,,0,86,99,255
888,待替换(ID 888),79,茶屋,16,1101,,0,98,99,255
889,待替换(ID 889),91,户隐众,8,1101,,0,33,99,255
890,待替换(ID 890),95,甲贺众,8,1101,,0,70,99,255
891,待替换(ID 891),95,甲贺众,8,1101,,0,69,99,255
892,待替换(ID 892),113,村上水军,8,1101,,0,59,99,255
893,待替换(ID 893),113,村上水军,8,1101,,0,40,99,255
894,待替换(ID 894),79,茶屋,8,1101,,0,70,99,255
895,待替换(ID 895),96,伊贺众,16,1101,,0,24,99,255
896,待替换(ID 896),90,黑胫巾众,8,1101,,0,99,99,255
897,待替换(ID 897),113,村上水军,16,1101,,0,63,99,255
898,待替换(ID 898),84,组屋,8,1101,,0,21,99,255
899,待替换(ID 899),73,虎屋,8,1101,,0,79,99,255
900,待替换(ID 900),111,淡路水军,0,1101,,0,66,99,255
901,待替换(ID 901),79,茶屋,0,1101,,0,90,99,255
902,待替换(ID 902),80,下关屋,8,1101,,0,54,99,255
903,待替换(ID 903),71,伊藤屋,8,1101,,0,35,99,255
904,待替换(ID 904),71,伊藤屋,0,1101,,0,75,99,255
905,待替换(ID 905),111,淡路水军,8,1101,,0,84,99,255
906,待替换(ID 906),111,淡路水军,8,1101,,0,35,99,255
907,待替换(ID 907),71,伊藤屋,8,1101,,0,38,99,255
908,待替换(ID 908),71,伊藤屋,0,1101,,0,65,99,255
909,待替换(ID 909),74,坂田屋,0,1101,,0,24,99,255
910,待替换(ID 910),97,根来众,0,1101,,0,71,99,255
911,待替换(ID 911),74,坂田屋,8,1101,,0,98,99,255
912,待替换(ID 912),74,坂田屋,8,1101,,0,94,99,255
913,待替换(ID 913),114,土佐水军,0,1101,,0,72,99,255
914,待替换(ID 914),101,,8,1101,,0,31,99,255
915,待替换(ID 915),114,土佐水军,0,1101,,0,45,99,255
916,待替换(ID 916),82,友野屋,8,1101,,0,76,99,255
917,待替换(ID 917),90,黑胫巾众,8,1101,,0,27,99,255
918,待替换(ID 918),74,坂田屋,8,1101,,0,97,99,255
919,待替换(ID 919),114,土佐水军,0,1101,,0,44,99,255
920,待替换(ID 920),114,土佐水军,8,1101,,0,99,99,255
921,待替换(ID 921),92,风魔众,8,1101,,0,44,99,255
922,待替换(ID 922),110,丹后水军,8,1101,,0,41,99,255
923,待替换(ID 923),81,天王寺屋,8,1101,,0,47,99,255
924,待替换(ID 924),81,天王寺屋,8,1101,,0,80,99,255
925,待替换(ID 925),97,根来众,8,1101,,0,36,99,255
926,待替换(ID 926),81,天王寺屋,0,1101,,0,48,99,255
927,待替换(ID 927),100,,16,1101,,0,43,99,255
928,待替换(ID 928),108,骏河水军,8,1101,,0,27,99,255
929,待替换(ID 929),90,黑胫巾众,8,1101,,0,52,99,255
930,待替换(ID 930),110,丹后水军,0,1101,,0,95,99,255
931,待替换(ID 931),94,透波众,16,1101,,0,50,99,255
932,待替换(ID 932),98,,8,1101,,0,69,99,255
933,待替换(ID 933),110,丹后水军,0,1101,,0,52,99,255
934,待替换(ID 934),94,透波众,8,1101,,0,89,99,255
935,待替换(ID 935),112,盐饱水军,8,1101,,0,94,99,255
936,待替换(ID 936),81,天王寺屋,8,1101,,0,59,99,255
937,待替换(ID 937),94,透波众,8,1101,,0,59,99,255
938,待替换(ID 938),94,透波众,8,1101,,0,83,99,255
939,待替换(ID 939),112,盐饱水军,8,1101,,0,85,99,255
940,待替换(ID 940),112,盐饱水军,8,1101,,0,39,99,255
941,待替换(ID 941),73,虎屋,8,1101,,0,40,99,255
942,待替换(ID 942),76,小西屋,0,1101,,0,33,99,255
943,待替换(ID 943),76,小西屋,8,1101,,0,63,99,255
944,三次郎,112,盐饱水军,8,1101,,0,63,99,255
945,待替换(ID 945),76,小西屋,8,1101,,0,52,99,255
946,待替换(ID 946),97,根来众,8,1101,,0,97,99,255
947,待替换(ID 947),82,友野屋,0,1101,,0,87,99,255
948,仙左卫门,86,镫屋,8,1101,,0,74,99,255
949,待替换(ID 949),108,骏河水军,16,1101,,0,99,99,255
950,待替换(ID 950),76,小西屋,8,1101,,0,22,99,255
951,待替换(ID 951),110,丹后水军,8,1101,,0,33,99,255
952,待替换(ID 952),92,风魔众,8,1101,,0,72,99,255
953,待替换(ID 953),92,风魔众,8,1101,,0,70,99,255
954,待替换(ID 954),92,风魔众,8,1101,,0,62,99,255
955,待替换(ID 955),105,,8,1101,,0,86,99,255
956,待替换(ID 956),80,下关屋,16,1101,,0,89,99,255
957,待替换(ID 957),83,梁田屋,8,1101,,0,53,99,255
958,待替换(ID 958),83,梁田屋,8,1101,,0,71,99,255
959,待替换(ID 959),83,梁田屋,8,1101,,0,38,99,255
960,待替换(ID 960),105,,8,1101,,0,82,99,255
961,待替换(ID 961),83,梁田屋,16,1101,,0,73,99,255
962,待替换(ID 962),94,透波众,8,1101,,0,100,99,255
963,待替换(ID 963),105,,16,1101,,0,34,99,255
964,待替换(ID 964),105,,8,1101,,0,52,99,255
965,待替换(ID 965),98,,8,1101,,0,38,99,255
966,待替换(ID 966),98,,8,1101,,0,91,99,255
967,待替换(ID 967),82,友野屋,16,1101,,0,55,99,255
968,待替换(ID 968),101,,8,1101,,0,25,99,255
969,待替换(ID 969),98,,8,1101,,0,42,99,255
970,待替换(ID 970),77,大西屋,8,1101,,0,42,99,255
971,待替换(ID 971),117,,16,1101,,0,96,99,255
972,待替换(ID 972),117,,8,1101,,0,20,99,255
973,待替换(ID 973),98,,8,1101,,0,75,99,255
974,待替换(ID 974),77,大西屋,8,1101,,0,51,99,255
975,待替换(ID 975),117,,8,1101,,0,37,99,255
976,待替换(ID 976),117,,8,1101,,0,86,99,255
977,待替换(ID 977),105,,16,1101,,0,68,99,255
978,待替换(ID 978),77,大西屋,0,1101,,0,67,99,255
979,待替换(ID 979),77,大西屋,8,1101,,0,99,99,255
980,待替换(ID 980),85,川舟屋,0,1101,,0,60,99,255
981,待替换(ID 981),70,角屋,16,1101,,0,82,99,255
982,待替换(ID 982),100,,8,1101,,0,98,99,255
983,待替换(ID 983),75,越后屋,0,1101,,0,84,99,255
984,待替换(ID 984),100,,16,1101,,0,37,99,255
985,待替换(ID 985),109,熊野水军,8,1101,,0,41,99,255
986,待替换(ID 986),113,村上水军,8,1101,,0,26,99,255
987,待替换(ID 987),109,熊野水军,8,1101,,0,36,99,255
988,待替换(ID 988),75,越后屋,16,1101,,0,27,99,255
989,待替换(ID 989),75,越后屋,16,1101,,0,72,99,255
990,待替换(ID 990),100,,0,1101,,0,33,99,255
991,待替换(ID 991),109,熊野水军,8,1101,,0,22,99,255
992,待替换(ID 992),97,根来众,16,1101,,0,99,99,255
993,待替换(ID 993),75,越后屋,0,1101,,0,67,99,255
994,待替换(ID 994),100,,8,1101,,0,36,99,255
995,待替换(ID 995),100,,8,1101,,0,58,99,255
996,待替换(ID 996),109,熊野水军,0,1101,,0,100,99,255
997,待替换(ID 997),95,甲贺众,8,1101,,0,70,99,255
998,待替换(ID 998),95,甲贺众,0,1101,,0,87,99,255
999,待替换(ID 999),91,户隐众,8,1101,,0,46,99,255
1000,待替换(ID 1000),0,无,0,4161,,8,89,36,32
1001,待替换(ID 1001),0,无,0,0,青山忠成,0,128,166,4
1002,待替换(ID 1002),0,无,0,0,青山忠成,0,0,0,0
1003,待替换(ID 1003),0,无,0,0,青山忠成,0,0,0,0
1004,待替换(ID 1004),0,无,4,18016,,0,0,0,0
1005,待替换(ID 1005),0,无,0,4097,,0,77,4,77
1006,待替换(ID 1006),0,无,0,34048,,4,73,16,0
1007,待替换(ID 1007),0,无,0,0,青山忠成,0,0,0,0
1008,待替换(ID 1008),0,无,0,0,青山忠成,0,0,0,0
1009,待替换(ID 1009),4,芦名家,0,0,青山忠成,0,0,0,0
1010,待替换(ID 1010),0,无,0,1101,,1101,77,54,0
1011,待替换(ID 1011),0,无,0,8,赤松义祐,8,64,130,0
1012,待替换(ID 1012),0,无,0,0,青山忠成,0,128,153,4
1013,待替换(ID 1013),0,无,0,0,青山忠成,0,0,0,0
1014,待替换(ID 1014),0,无,0,0,青山忠成,0,0,0,0
1015,待替换(ID 1015),0,无,4,13895,,0,0,0,0
1016,待替换(ID 1016),0,无,0,9282,,73,77,4,77
1017,女海贼,0,无,0,15232,,4,28,179,81
1018,女海贼,0,无,0,0,青山忠成,0,0,0,0
1019,待替换(ID 1019),0,无,0,0,青山忠成,0,0,0,0
1020,待替换(ID 1020),4,芦名家,0,0,青山忠成,0,0,0,0
1021,待替换(ID 1021),0,无,0,1101,,1101,66,54,0
1022,待替换(ID 1022),0,无,0,33353,,40,0,144,36
1023,待替换(ID 1023),0,无,0,0,青山忠成,0,128,59,4
1024,待替换(ID 1024),0,无,0,0,青山忠成,0,0,0,0
1025,待替换(ID 1025),0,无,0,0,青山忠成,0,0,0,0
1026,待替换(ID 1026),0,无,4,13866,,0,0,0,0
1027,待替换(ID 1027),0,无,0,45121,,4,77,4,77
1028,待替换(ID 1028),0,无,0,15232,,4,72,0,0
1029,待替换(ID 1029),0,无,0,0,青山忠成,0,0,0,0
1030,长谷川宗仁,0,无,0,0,青山忠成,0,0,0,0
1031,长谷川等伯,4,芦名家,0,0,青山忠成,0,0,0,0
1032,狩野永德,0,无,0,25,浅野长政,1101,116,90,0
1033,本阿弥光悦,0,无,0,32841,,4,1,16,32
1034,朝山日乘,0,无,0,0,青山忠成,0,128,13,4
1035,快川绍喜,0,无,0,0,青山忠成,0,0,0,0
1036,多闻院英俊,0,无,0,0,青山忠成,0,0,0,0
1037,泽庵宗彭,0,无,4,13905,,0,0,0,0
1038,佛罗伊斯,0,无,0,16969,,45,77,4,77
1039,阿鲁梅达,0,无,0,5248,,4,82,32,1
1040,拉斐耶鲁,0,无,0,0,青山忠成,0,0,0,0
1041,里璐,0,无,0,0,青山忠成,0,0,0,0
1042,菊亭晴季,1,浅井家,0,0,青山忠成,0,0,0,0
1043,公家,0,无,0,1101,,1101,101,75,0
1044,天皇,0,无,0,136,宇都宫广纲,36,72,128,4
1045,三法师,0,无,0,0,青山忠成,0,128,10,5
1046,淀夫人,0,无,0,0,青山忠成,0,0,0,0
1047,宁宁,0,无,0,0,青山忠成,0,0,0,0
1048,阿中,0,无,4,15703,,0,0,0,0
1049,阿市,0,无,0,32768,,96,77,4,77
1050,阿松,0,无,0,17792,,4,81,16,4
1051,菊公主,0,无,0,0,青山忠成,0,0,0,0
1052,早川夫人,0,无,0,0,青山忠成,0,0,0,0
1053,相模,4,芦名家,0,0,青山忠成,0,0,0,0
1054,阿福,0,无,0,1101,,1101,93,67,0
1055,冬姬,0,无,0,8786,,8,65,144,0
1056,阿梅,0,无,0,0,青山忠成,0,128,121,4
1057,訚千代,0,无,0,0,青山忠成,0,0,0,0
1058,爱姬,0,无,0,0,青山忠成,0,0,0,0
1059,义姬,0,无,4,13901,,0,0,0,0
1060,豪姬,0,无,0,36865,,36,77,4,77
1061,阿玉,0,无,0,4864,,4,74,128,4
1062,归蝶,0,无,0,0,青山忠成,0,0,0,0
1063,濑名,0,无,0,0,青山忠成,0,0,0,0
1064,德公主,4,芦名家,0,0,青山忠成,0,0,0,0
1065,千代,0,无,0,1101,,1102,107,81,0
1066,小松,0,无,0,641,堀直政,44,201,196,137
1067,安岐,0,无,0,0,青山忠成,0,0,13,4
1068,三条,0,无,0,0,青山忠成,0,0,0,0
1069,初姬,0,无,0,0,青山忠成,0,0,0,0
1070,小督,0,无,4,17759,,0,0,0,0
1071,彦鹤,0,无,0,4176,,4,77,4,77
1072,永姬,0,无,0,11904,,4,8,16,4
1073,熙子,0,无,0,0,青山忠成,0,0,0,0
1074,幸圆,0,无,0,0,青山忠成,0,0,0,0
1075,春桃,4,芦名家,0,0,青山忠成,0,0,0,0
1076,出云阿国,0,无,0,1101,,1101,101,75,0
1077,志津,0,无,0,41163,,133,0,0,97
1078,阿妙,0,无,0,0,青山忠成,0,0,205,4
1079,阿铃,0,无,0,0,青山忠成,0,0,0,0
1080,阿通,0,无,0,0,青山忠成,0,0,0,0
1081,阿春,0,无,4,15436,,0,0,0,0
1082,阿史,0,无,0,37450,,8,66,0,77
1083,美代,0,无,0,20480,,4,81,18,9
1084,博古通今的老人,0,无,0,0,青山忠成,0,0,0,0
1085,行商人,0,无,0,0,青山忠成,0,0,0,0
1086,南光坊天海,4,芦名家,0,0,青山忠成,0,0,0,0
1087,虎哉宗乙,0,无,0,465,伊达晴宗,463,90,64,0
1088,天室光育,0,无,0,4160,,8,154,150,73
1089,海北友松,0,无,0,0,青山忠成,0,128,251,4
1090,岭,0,无,0,0,青山忠成,0,0,0,0
1091,千岁,0,无,0,0,青山忠成,0,0,0,0
1092,蝴蝶,0,无,4,19044,,0,0,0,0
1093,白枧,0,无,0,65,池田惣左卫门,0,77,4,77
1094,新庄,0,无,0,45696,,4,65,16,4
1095,山手,0,无,0,0,青山忠成,0,0,0,0
1096,照姬,0,无,0,0,青山忠成,0,0,0,0
1097,南姫,4,芦名家,0,0,青山忠成,0,0,0,0
1098,九郎判官义经,0,无,0,1101,,1101,67,54,0
1099,相马小次郎将门,0,无,0,0,青山忠成,0,64,68,138
1100,由纪,0,无,0,0,青山忠成,0,128,46,4
1101,小琴,0,无,0,0,青山忠成,0,0,0,0
1102,阿仲,0,无,0,0,青山忠成,0,0,0,0
1103,吾作,0,无,4,13884,,0,0,0,0
1104,町民男,0,无,0,8192,,96,77,4,77
1105,亡国公主(竹姬 樱姬 乙姬 万寿姬),0,无,0,39552,,4,0,0,0
1106,竹千代,0,无,0,0,青山忠成,0,0,0,0
1107,门卫,0,无,0,0,青山忠成,0,0,0,0
1108,米屋老板,4,芦名家,0,0,青山忠成,0,0,0,0
1109,马屋的老板,0,无,0,1101,,1101,74,54,0
1110,酒场的老板娘,0,无,0,37018,,4,0,48,45
1111,旅店老板娘,0,无,0,0,青山忠成,0,128,109,4
1112,农民女,0,无,0,0,青山忠成,0,0,0,0
1113,阿夏,0,无,0,0,青山忠成,0,0,0,0
1114,町民男,0,无,4,13884,,0,0,0,0
1115,小夜,0,无,0,1161,真田昌幸,72,77,4,77
1116,待替换(ID 1116),0,无,0,49024,,4,1,16,110
1117,僧侣,0,无,0,0,青山忠成,0,0,0,0
1118,剑术的师范,0,无,0,0,青山忠成,0,0,0,0
1119,公家,4,芦名家,0,0,青山忠成,0,0,0,0
1120,待替换(ID 1120),0,无,0,1101,,1101,52,54,0
1121,备大将,0,无,0,0,青山忠成,0,227,166,100
1122,旅人,0,无,0,0,青山忠成,0,0,109,4
1123,喝醉的男人,0,无,0,0,青山忠成,0,0,0,0
1124,喝醉的女人,0,无,0,0,青山忠成,0,0,0,0
1125,阿绫,0,无,4,13910,,0,0,0,0
1126,待替换(ID 1126),0,无,0,0,青山忠成,33,77,4,77
1127,小孩,0,无,0,5248,,4,9,144,32
1128,小姓,0,无,0,0,青山忠成,0,0,0,0
1129,保镖,0,无,0,0,青山忠成,0,0,0,0
1130,贼,4,芦名家,0,0,青山忠成,0,0,0,0
1131,座的掌柜,0,无,0,1101,,1101,60,55,0
1132,朝鲜商人,0,无,0,0,青山忠成,0,8,38,45
1133,明朝商人,0,无,0,0,青山忠成,0,128,72,4
1134,琉球商人,0,无,0,0,青山忠成,0,0,0,0
1135,待替换(ID 1135),0,无,0,0,青山忠成,0,0,0,0
1136,掌柜,0,无,4,13898,,0,0,0,0
1137,锻冶匠,0,无,0,37441,,4,77,4,77
1138,医者,0,无,0,12544,,4,74,0,4
1139,剑术师范代,0,无,0,0,青山忠成,0,0,0,0
1140,待替换(ID 1140),0,无,0,0,青山忠成,0,0,0,0
1141,枪术的师范,4,芦名家,0,0,青山忠成,0,0,0,0
1142,女孩,0,无,0,528,长尾政景,1101,95,69,0
1143,伙计,0,无,0,36945,,8,64,132,4
1144,剑术师范代,0,无,0,0,青山忠成,0,128,49,4
1145,剑术师范代,0,无,0,0,青山忠成,0,0,0,0
1146,老奶奶,0,无,0,0,青山忠成,0,0,0,0
1147,头目,0,无,4,17245,,0,0,0,0
1148,头领,0,无,0,9920,,5,77,4,77
1149,备大将,0,无,0,64896,,4,147,34,105
1150,待替换(ID 1150),0,无,0,0,青山忠成,0,0,0,0
1151,待替换(ID 1151),0,无,0,0,青山忠成,0,0,0,0
1152,明智光秀,4,芦名家,0,0,青山忠成,0,0,0,0
1153,石田三成,0,无,0,124,宇喜多直家,1103,112,86,0
1154,织田信长,0,无,0,10449,,69,2,128,0
1155,加藤清正,0,无,0,0,青山忠成,0,0,16,5
1156,蒲生氏乡,0,无,0,0,青山忠成,0,0,0,0
1157,九鬼嘉隆,0,无,0,0,青山忠成,0,0,0,0
1158,黑田如水,0,无,4,13881,,0,0,0,0
1159,小西行长,0,无,0,1,赤池长任,1,77,4,77
1160,小早川隆景,0,无,0,4224,,4,73,0,12
1161,真田昌幸,0,无,0,0,青山忠成,0,0,0,0
1162,真田幸村,0,无,0,0,青山忠成,0,0,0,0
1163,柴田胜家,4,芦名家,0,0,青山忠成,0,0,0,0
1164,岛左近,0,无,0,1101,,1101,78,54,0
1165,岛津义久,0,无,0,8193,,32,0,144,0
1166,岛津义弘,0,无,0,0,青山忠成,0,128,28,4
1167,竹中半兵卫,0,无,0,0,青山忠成,0,0,0,0
1168,伊达政宗,0,无,0,0,青山忠成,0,0,0,0
1169,藤堂高虎,0,无,4,13897,,0,0,0,0
1170,丰臣秀长,0,无,0,4745,,36,77,4,77
1171,丰臣秀长,0,无,0,34176,,4,9,16,0
1172,丰臣秀吉,0,无,0,0,青山忠成,0,0,0,0
1173,丰臣秀吉,0,无,0,0,青山忠成,0,0,0,0
1174,丰臣秀吉,4,芦名家,0,0,青山忠成,0,0,0,0
1175,直江兼续,0,无,0,1101,,1101,98,72,0
1176,吕宋助左卫门,0,无,0,1098,九郎判官义经,0,0,0,32
1177,服部半藏,0,无,0,0,青山忠成,0,128,160,4
1178,福岛正则,0,无,0,0,青山忠成,0,0,0,0
1179,本多忠胜,0,无,0,0,青山忠成,0,0,0,0
1180,前田庆次,0,无,4,13895,,0,0,0,0
1181,前田利家,0,无,0,9946,,65,77,4,77
1182,宫本武藏,0,无,0,39808,,4,138,164,37
1183,村上武吉,0,无,0,0,青山忠成,0,0,0,0
1184,最上义光,0,无,0,0,青山忠成,0,0,0,0
1185,山中鹿介,4,芦名家,0,0,青山忠成,0,0,0,0
1186,宁宁,0,无,0,1135,待替换(ID 1135),1101,72,54,0
1187,阿中,0,无,0,4242,,5,73,18,0
1188,大宝寺义兴,0,无,0,0,青山忠成,0,0,204,4
1189,大野治房,0,无,0,0,青山忠成,0,0,0,0
1190,水原亲宪,0,无,0,0,青山忠成,0,0,0,0
1191,津轻信枚,0,无,4,13896,,0,0,0,0
1192,小山田茂诚,0,无,0,5906,,37,77,4,77
1193,十时连贞,0,无,0,17792,,4,73,144,4
1194,井伊直孝,0,无,0,0,青山忠成,0,0,0,0
1195,片仓重长,0,无,0,0,青山忠成,0,0,0,0
1196,成田长亲,4,芦名家,0,0,青山忠成,0,0,0,0
1197,最上家亲,0,无,0,1101,,1101,68,54,0
1198,上田重安,0,无,0,5185,,5,0,32,1
1199,小梁川宗朝,0,无,0,0,青山忠成,0,128,80,4
1200,大国实赖,0,无,0,0,青山忠成,0,0,0,0
1201,梅津政景,0,无,0,0,青山忠成,0,0,0,0
1202,三渊藤英,0,无,4,18787,,0,0,0,0
1203,本多政重,0,无,0,12864,,133,77,4,77
1204,栗山善助,0,无,0,43648,,4,220,20,8
1205,多贺谷政广,0,无,0,0,青山忠成,0,0,0,0
1206,土岐为赖,0,无,0,0,青山忠成,0,0,0,0
1207,舞兵库,4,芦名家,0,0,青山忠成,0,0,0,0
1208,山上道及,0,无,0,167,大友宗麟,1135,98,72,0
1209,蜂须贺至镇,0,无,0,64,伊木忠次,0,138,176,16
1210,真田信尹,0,无,0,0,青山忠成,0,128,161,4
1211,伊东满所,0,无,0,0,青山忠成,0,0,0,0
1212,宫部长房,0,无,0,0,青山忠成,0,0,0,0
1213,朝比奈信置,0,无,4,15703,,0,0,0,0
1214,金森可重,0,无,0,4195,,4,77,4,77
1215,斯波义银,0,无,0,1920,,5,138,22,69
1216,毛利秀赖,0,无,0,0,青山忠成,0,0,0,0
1217,津川义冬,0,无,0,0,青山忠成,0,0,0,0
1218,留守显宗,4,芦名家,0,0,青山忠成,0,0,0,0
1219,原长赖,0,无,0,1101,,1101,60,54,0
1220,平塚为广,0,无,0,0,青山忠成,0,73,178,105
1221,妻木广忠,0,无,0,0,青山忠成,0,128,166,4
1222,鸟屋尾满荣,0,无,0,0,青山忠成,0,0,0,0
1223,野村直隆,0,无,0,0,青山忠成,0,0,0,0
1224,土居清良,0,无,4,17759,,0,0,0,0
1225,岛津忠直,0,无,0,41553,,4,77,4,77
1226,一柳直末,0,无,0,34176,,4,73,0,0
1227,三木直赖,0,无,0,0,青山忠成,0,0,0,0
1228,杉浦玄任,0,无,0,0,青山忠成,0,0,0,0
1229,色部显长,4,芦名家,0,0,青山忠成,0,0,0,0
1230,中条藤资,0,无,0,1101,,1101,71,54,0
1231,江上家种,0,无,0,32850,,0,64,178,80
1232,甘粕景继,0,无,0,0,青山忠成,0,2,255,7
1233,安田作兵卫,0,无,0,0,青山忠成,0,0,0,0
1234,河野通直牛福丸,0,无,0,0,青山忠成,0,0,0,0
1235,姊小路良赖,0,无,4,13907,,0,0,0,0
1236,竹中久作,0,无,0,4097,,4,195,0,112
1237,阿闭贞征,0,无,0,20480,,4,138,32,9
1238,森田净云,0,无,0,0,青山忠成,0,0,0,0
1239,熊谷元直,0,无,0,0,青山忠成,0,0,0,0
1240,明智光安,0,无,0,0,青山忠成,0,0,0,0
1241,别所重栋,0,无,0,1101,,1101,63,54,0
1242,小川佑忠,0,无,0,41034,,1,0,0,0
1243,吉弘镇信,0,无,0,0,青山忠成,0,128,19,4
1244,佃十成,0,无,0,0,青山忠成,0,0,0,0
1245,大谷吉治,0,无,0,0,青山忠成,0,0,0,0
1246,有马丰氏,0,无,4,15189,,0,0,0,0
1247,神代胜利,0,无,0,0,青山忠成,0,77,4,77
1248,赤星统家,0,无,0,48640,,4,1,16,14
1249,伊集院忠朗,0,无,0,0,青山忠成,0,0,0,0
1250,桦山久高,0,无,0,0,青山忠成,0,0,0,0
1251,藤田信吉,4,芦名家,0,0,青山忠成,0,0,0,0
1252,间宫康俊,0,无,0,1101,,1101,112,86,0
1253,由布惟信,0,无,0,9857,,41,2,130,0
1254,小滨光隆,0,无,0,0,青山忠成,0,128,69,4
1255,天草四郎,0,无,0,0,青山忠成,0,0,0,0
1256,船越景直,0,无,0,0,青山忠成,0,0,0,0
1257,伊达小次郎,0,无,4,13879,,0,0,0,0
1258,金光文右卫门,0,无,0,4168,,36,77,4,77
1259,友野宗善,0,无,0,38912,,4,72,0,0
1260,多米元忠,0,无,0,0,青山忠成,0,0,0,0
1261,宇野源十郎,0,无,0,0,青山忠成,0,0,0,0
1262,津田宗凡,4,芦名家,0,0,青山忠成,0,0,0,0
1263,末次平藏,0,无,0,1101,,1101,47,54,0
1264,甘粕景持,0,无,0,1153,石田三成,0,80,164,41
1265,山崎吉家,0,无,0,0,青山忠成,0,128,118,4
1266,唐泽玄蕃,0,无,0,0,青山忠成,0,0,0,0
1267,植田光次,0,无,0,0,青山忠成,0,0,0,0
1268,大林坊俊海,0,无,1,13898,,0,0,0,0
1269,内田托马,0,无,0,36937,,0,166,2,77
1270,奥弥兵卫,0,无,0,1664,,5,138,40,33
1271,秦泉寺丰后,0,无,0,0,青山忠成,0,0,0,0
1272,后藤宗印,0,无,0,0,青山忠成,0,0,0,0
1273,爱洲元香斋,4,芦名家,0,0,青山忠成,0,0,0,0
1274,上泉泰纲,0,无,0,1101,,1101,96,70,0
1275,濑户方久,0,无,0,32914,,5,81,130,0
1276,苏我理右卫门,0,无,0,0,青山忠成,0,0,228,4
1277,松下常庆,0,无,0,0,青山忠成,0,0,0,0
1278,曲直濑玄朔,0,无,0,0,青山忠成,0,0,0,0
1279,三枝昌贞,0,无,4,13872,,0,0,0,0
1280,石田正澄,0,无,0,37905,,0,77,4,77
1281,一柳直盛,0,无,0,20480,,4,220,164,41
1282,驹井高白斋,0,无,0,0,青山忠成,0,0,0,0
1283,镰田政年,0,无,0,0,青山忠成,0,0,0,0
1284,清水景治,4,芦名家,0,0,青山忠成,0,0,0,0
1285,千千石米格尔,0,无,0,1101,,1101,103,77,0
1286,弥助,0,无,0,36945,,32,72,144,33
1287,三浦按针,0,无,0,0,青山忠成,0,128,206,4
1288,海雷丁,0,无,0,0,青山忠成,0,0,0,0
1289,佐伯杏太郎,0,无,0,0,青山忠成,0,0,0,0
1290,李华梅,0,无,4,13896,,0,0,0,0
1291,蒂雅,0,无,0,5704,,5,77,4,77
1292,待替换(ID 1292),0,无,0,30976,,4,130,132,36
1293,待替换(ID 1293),0,无,0,0,青山忠成,0,0,0,0
1294,待替换(ID 1294),0,无,0,0,青山忠成,0,0,0,0
1295,待替换(ID 1295),4,芦名家,0,0,青山忠成,0,0,0,0
1296,待替换(ID 1296),0,无,0,1101,,1101,48,54,0
1297,待替换(ID 1297),0,无,0,41041,,33,0,32,0
1298,待替换(ID 1298),0,无,0,0,青山忠成,0,0,99,4
1299,待替换(ID 1299),0,无,0,0,青山忠成,0,0,0,0
1300,待替换(ID 1300),0,无,0,0,青山忠成,0,0,0,0
1301,待替换(ID 1301),0,无,4,13900,,0,0,0,0
1302,待替换(ID 1302),0,无,0,5120,,0,77,4,77
1303,待替换(ID 1303),0,无,0,12672,,4,73,146,8
1304,待替换(ID 1304),0,无,0,0,青山忠成,0,0,0,0
1305,待替换(ID 1305),0,无,0,0,青山忠成,0,0,0,0
1306,待替换(ID 1306),4,芦名家,0,0,青山忠成,0,0,0,0
1307,待替换(ID 1307),0,无,0,1101,,1101,89,60,0
1308,待替换(ID 1308),0,无,0,45129,,8,64,148,0
1309,待替换(ID 1309),0,无,0,0,青山忠成,0,128,178,4
1310,待替换(ID 1310),0,无,0,0,青山忠成,0,0,0,0
1311,待替换(ID 1311),0,无,0,0,青山忠成,0,0,0,0
1312,待替换(ID 1312),0,无,4,13878,,0,0,0,0
1313,待替换(ID 1313),0,无,0,520,鸟居忠吉,0,1,1,77
1314,待替换(ID 1314),0,无,0,8320,,4,10,144,4
1315,待替换(ID 1315),0,无,0,0,青山忠成,0,0,0,0
1316,待替换(ID 1316),0,无,0,0,青山忠成,0,0,0,0
1317,待替换(ID 1317),4,芦名家,0,0,青山忠成,0,0,0,0
1318,待替换(ID 1318),0,无,0,259,北畠具教,261,87,61,0
1319,待替换(ID 1319),0,无,0,32769,,0,3,194,4
1320,待替换(ID 1320),0,无,0,0,青山忠成,0,128,138,4
1321,待替换(ID 1321),0,无,0,0,青山忠成,0,0,0,0
1322,待替换(ID 1322),0,无,0,0,青山忠成,0,0,0,0
1323,待替换(ID 1323),0,无,2,15960,,0,0,0,0
1324,待替换(ID 1324),0,无,0,45698,,68,210,2,77
1325,待替换(ID 1325),0,无,0,41088,,4,154,144,4
1326,待替换(ID 1326),0,无,0,0,青山忠成,0,0,0,0
1327,待替换(ID 1327),0,无,0,0,青山忠成,0,0,0,0
1328,待替换(ID 1328),4,芦名家,0,0,青山忠成,0,0,0,0
1329,待替换(ID 1329),0,无,0,268,肝付兼续,1101,101,75,0
1330,待替换(ID 1330),0,无,0,32849,,4,64,128,32
1331,待替换(ID 1331),0,无,0,0,青山忠成,0,0,105,4
1332,待替换(ID 1332),0,无,0,0,青山忠成,0,0,0,0
1333,待替换(ID 1333),0,无,0,0,青山忠成,0,0,0,0
1334,待替换(ID 1334),0,无,4,13872,,0,0,0,0
1335,待替换(ID 1335),0,无,0,37449,,5,225,1,77
1336,待替换(ID 1336),0,无,0,38912,,4,73,146,0
1337,待替换(ID 1337),0,无,0,0,青山忠成,0,0,0,0
1338,待替换(ID 1338),0,无,0,0,青山忠成,0,0,0,0
1339,待替换(ID 1339),4,芦名家,0,0,青山忠成,0,0,0,0
1340,待替换(ID 1340),0,无,0,279,九鬼嘉隆,1106,113,87,0
1341,待替换(ID 1341),0,无,0,42122,,8,1,2,4
1342,待替换(ID 1342),0,无,0,0,青山忠成,0,128,101,4
1343,待替换(ID 1343),0,无,0,0,青山忠成,0,0,0,0
1344,待替换(ID 1344),0,无,0,0,青山忠成,0,0,0,0
1345,待替换(ID 1345),0,无,4,16217,,0,0,0,0
1346,待替换(ID 1346),0,无,0,37584,,32,77,4,77
1347,待替换(ID 1347),0,无,0,53632,,4,0,5,32
1348,待替换(ID 1348),0,无,0,0,青山忠成,0,0,0,0
1349,待替换(ID 1349),0,无,0,0,青山忠成,0,0,0,0
1350,待替换(ID 1350),4,芦名家,0,0,青山忠成,0,0,0,0
1351,待替换(ID 1351),0,无,0,1101,,1101,78,54,0
1352,待替换(ID 1352),0,无,0,1600,,0,138,56,77
1353,待替换(ID 1353),0,无,0,0,青山忠成,0,128,194,4
1354,待替换(ID 1354),0,无,0,0,青山忠成,0,0,0,0
1355,待替换(ID 1355),0,无,0,0,青山忠成,0,0,0,0
1356,待替换(ID 1356),0,无,4,13883,,0,0,0,0
1357,待替换(ID 1357),0,无,0,10012,,106,38,1,77
1358,待替换(ID 1358),0,无,0,32512,,4,210,164,45
1359,待替换(ID 1359),0,无,0,0,青山忠成,0,0,0,0
1360,待替换(ID 1360),0,无,0,0,青山忠成,0,0,0,0
1361,待替换(ID 1361),4,芦名家,0,0,青山忠成,0,0,0,0
1362,待替换(ID 1362),0,无,0,1107,门卫,1101,48,54,0
1363,待替换(ID 1363),0,无,0,4161,,105,0,0,0
1364,待替换(ID 1364),0,无,0,0,青山忠成,0,128,63,4
1365,待替换(ID 1365),0,无,0,0,青山忠成,0,0,0,0
1366,待替换(ID 1366),0,无,0,0,青山忠成,0,0,0,0
1367,待替换(ID 1367),0,无,4,20072,,0,0,0,0
1368,待替换(ID 1368),0,无,0,5120,,0,77,4,77
1369,待替换(ID 1369),0,无,0,19840,,4,65,0,0
1370,待替换(ID 1370),0,无,0,0,青山忠成,0,0,0,0
1371,待替换(ID 1371),0,无,0,0,青山忠成,0,0,0,0
1372,待替换(ID 1372),4,芦名家,0,0,青山忠成,0,0,0,0
1373,待替换(ID 1373),0,无,0,1101,,1101,75,54,0
1374,待替换(ID 1374),0,无,0,4178,,40,8,0,5
1375,待替换(ID 1375),0,无,0,0,青山忠成,0,0,162,4
1376,待替换(ID 1376),0,无,0,0,青山忠成,0,0,0,0
1377,待替换(ID 1377),0,无,0,0,青山忠成,0,0,0,0
1378,待替换(ID 1378),0,无,4,13880,,0,0,0,0
1379,待替换(ID 1379),0,无,0,37888,,0,77,4,77
1380,待替换(ID 1380),0,无,0,32512,,4,138,176,9
1381,待替换(ID 1381),0,无,0,0,青山忠成,0,0,0,0
1382,待替换(ID 1382),0,无,0,0,青山忠成,0,0,0,0
1383,待替换(ID 1383),4,芦名家,0,0,青山忠成,0,0,0,0
1384,待替换(ID 1384),0,无,0,722,毛利元就,1101,73,54,0
1385,待替换(ID 1385),0,无,0,64,伊木忠次,36,0,148,8
1386,待替换(ID 1386),0,无,0,0,青山忠成,0,0,138,4
1387,待替换(ID 1387),0,无,0,0,青山忠成,0,0,0,0
1388,待替换(ID 1388),0,无,0,0,青山忠成,0,0,0,0
1389,待替换(ID 1389),0,无,4,13887,,0,0,0,0
1390,待替换(ID 1390),0,无,0,45568,,40,77,4,77
1391,待替换(ID 1391),0,无,0,37760,,4,0,0,0
1392,待替换(ID 1392),0,无,0,0,青山忠成,0,0,0,0
1393,待替换(ID 1393),0,无,0,0,青山忠成,0,0,0,0
1394,待替换(ID 1394),1,浅井家,0,0,青山忠成,0,0,0,0
1395,待替换(ID 1395),0,无,0,1101,,1101,90,64,0
1396,待替换(ID 1396),0,无,0,8211,,109,138,24,98
1397,待替换(ID 1397),0,无,0,0,青山忠成,0,128,88,4
1398,待替换(ID 1398),0,无,0,0,青山忠成,0,0,0,0
1399,待替换(ID 1399),0,无,0,0,青山忠成,0,0,0,0
