类别,太阁原词,例句,所属域,我们侧名,值类型,语义,参数,备注,频率
域,主命,調查:(人物::主人公.承擔主命)!=(主命::獲取貴重品（忍者）),—,QuestDef,—,主命/任务,—,✅ 引擎域,169
域,主命屬性,調查:(環境變量::5270.88)-(主命屬性::5288.80),—,13 主命属性,—,主命属性,—,🔴 数据包（07 核对）,2
域,事件,更新:(事件::ECF00000_1700)(已發生),—,Event::done,—,事件状态查询,—,✅ 引擎域,5212
域,事件主命,調查:(狀況::8)==(事件主命::半兵衛勧誘),—,13 事件主命,—,事件主命,—,✅ 引擎域,12
域,事件標誌,更新:(事件標誌::38)(成立),—,Flag::,—,旗标,—,✅ 引擎域,1384
域,事件發生狀態,調查:(遊戲通關種類::5830.134)!=(事件發生狀態::6089.73),—,Event::state,—,事件状态,—,✅ 引擎域,1
域,交易品,代入交易品Ａ:(交易品::蜜柑),—,Item::,—,交易品,—,🔴 数据包（07 核对）,278
域,人物,調查:(人物::主人公)!=(人物::前田利家),—,Hero::,—,角色,—,✅ 引擎域,38143
域,人物類別,調查:(人物::人物Ａ.類別)!=(人物類別::泛用對手),—,枚举字面量,—,人物类别,—,✅ 引擎域,14
域,儲存號,更新:(儲存號::謀反事件用人物)(人物Ａ),—,Ctx/Variable,—,存档槽,—,✅ 引擎域,207
域,勢力,更新:(大名家::織田信長.未知8(勢力::齋藤義龍))(59),—,Faction::,—,势力,—,✅ 引擎域,4712
域,卡,更新:(人物::豐臣秀吉.卡持有(卡::千成瓢箪))(真偽::真),—,Card::,—,技能卡,—,🔴 数据包（07 核对）,619
域,商家,代入商家Ａ:(商家::主人公商家),—,Org::,—,商家组织,—,🔴 数据包（07 核对）,101
域,國,調查:(城::城Ｂ.所屬國)!=(國::播磨),—,Settlement.region,—,国/区域,—,✅ 引擎域,1291
域,地方,調查:(城::城Ａ.所在地方)!=(地方::近畿),—,Settlement.region,—,地方/区域,—,✅ 引擎域,312
域,城,調查:(城::城Ａ)!=(城::三木),—,Settlement::,—,据点（城）,—,✅ 引擎域,9738
域,場面,調查:(狀況::場面)==(場面::自宅),—,scene/menu_dialogue,—,场面/演出形态,—,✅ 引擎域,43
域,大名家,調查:(人物::主人公.所屬大名家)!=(大名家::德川家康),—,Clan::,—,家族/势力,—,✅ 引擎域,22681
域,天氣,更新:(狀況::天氣)(天氣::雲),—,03 预设 weather,—,天气,—,🔴 数据包（07 核对）,47
域,官位,調查:(人物::發生人物.官位)>=(官位::正二位),—,Hero.title,—,官位,—,✅ 引擎域,103
域,官職,更新:(人物::主人公.官職)(官職::無效),—,Hero.title,—,官职,—,✅ 引擎域,203
域,工作,調查:(人物::主人公.承擔工作)==(工作::買進寶物),—,13 主命/工作,—,工作,—,✅ 引擎域,17
域,忍者衆,調查:(忍者衆::忍者衆Ａ)==(忍者衆::伊賀衆),—,Org::,—,忍者组织,—,🔴 数据包（07 核对）,515
域,戰鬥結束種類,調查:(狀況::24)==(戰鬥結束種類::終結),—,03 战果枚举,—,战斗结束种类,—,✅ 引擎域,7
域,據點,調查:(據點::發生據點)!=(據點::釜山之町),—,Settlement::,—,据点,—,✅ 引擎域,3399
域,日數計數器,更新:(日數計數器::7)(0),—,Time::day,—,天数计数,—,✅ 引擎域,989
域,流派,更新:(人物::柳生石舟齋.劍術流派)(流派::新陰),—,❌ 放弃,—,流派（放弃）,—,❌ 放弃,186
域,海賊衆,調查:(海賊衆::海賊衆Ａ)==(海賊衆::熊野水軍),—,Org::,—,海贼组织,—,🔴 数据包（07 核对）,661
域,物品,調查:(人物::主人公.装備武器)==(物品::村正),—,Item::,—,物品,—,🔴 数据包（07 核对）,567
域,物品類型,調查:(物品::物品Ａ.物品類型)==(物品類型::茶器),—,Item 类型,—,物品类型,—,🔴 数据包（07 核对）,3
域,狀況,調查:(狀況::年)>=(1598),—,Time::,—,全局时间状态,—,✅ 引擎域,1932
域,環境變量,調查:(環境變量::5270.88)-(主命屬性::5288.80),—,🔴 05 演出环境,—,环境变量,—,🔴 数据包（07 核对）,1
域,町,調查:(人物::主人公.所屬據點)!=(町::松江),—,Settlement::,—,据点（町）,—,✅ 引擎域,154
域,真偽,更新:(人物::豐臣秀吉.卡持有(卡::千成瓢箪))(真偽::真),—,布尔字面量,—,布尔,—,✅ 引擎域,1386
域,砦,調查:(海賊衆::熊野水軍.本據)==(砦::鳥羽),—,Settlement::,—,据点（砦）,—,✅ 引擎域,336
域,背景音樂,調查:(背景音樂::5452.92)>=(主命屬性::5324.82),—,bgm,—,背景音乐,—,🔴 数据包（07 核对）,1
域,變量,代入ｄ:(變量::ｄ)-(1496),—,Variable::,—,剧本变量,—,✅ 引擎域,2105
域,身份,更新:(人物::柳生石舟齋.身份)(身份::師範),—,Identity::,—,身份枚举,—,✅ 引擎域,2357
域,軍團,調查:(軍團::軍團１)==(軍團::主人公軍團),—,Army::,—,军团,—,✅ 引擎域,2432
域,軍團方針,調查:(軍團::主人公軍團.8)==(軍團方針::歸還),—,02 PartyIntent,—,军团方针,—,✅ 引擎域,19
域,遊戲通關種類,調查:(遊戲通關種類::5830.134)!=(事件發生狀態::6089.73),—,🔴 剧本结局枚举,—,通关种类,—,🔴 需新加,1
域,里,調查:(人物::人物Ｅ.所屬據點)==(里::里Ｅ),—,Settlement::,—,据点（里）,—,✅ 引擎域,92
属性,1,調查:(官職::筑前守.1)==(人物::無效),地方 / 官位 / 官職,title.attr_1 / Region.attr_1 / court_rank.attr_1,🔴 待定,1,—,🔴 需新增（17 官职）,54
属性,10,更新:(大名家::上杉景勝.10)(城::橡尾),大名家,Clan.attr_10,🔴 待定,10,—,🔴 需新增（mod 外置属性）,14
属性,102,調查:(人物::明智光秀.官位)==(官位::無效.102),官位,court_rank.attr_102,🔴 待定,102,—,🔴 需新增（17 官职）,1
属性,106,調查:(狀況::8)==(事件主命::三人眾調略.106),事件主命,QuestDef.attr_106,🔴 待定,106,—,🔴 需新增（13 主命）,1
属性,118,調查:(人物::主人公.118)==(真偽::真),人物,Hero.attr_118,🔴 待定,118,—,🔴 需新增（mod 外置属性）,3
属性,134,調查:(遊戲通關種類::5830.134)!=(事件發生狀態::6089.73),遊戲通關種類,ending.attr_134,🔴 待定,134,—,🔴 需新增（数据包）,1
属性,139,調查:(人物::主人公.承擔工作)==(工作::買進硝石.139),工作,QuestDef.attr_139,🔴 待定,139,—,🔴 需新增（13 主命）,1
属性,147,更新:(狀況::天氣)(天氣::晴.147),天氣,weather.attr_147,🔴 待定,147,—,🔴 需新增（03 预设）,1
属性,148,調查:(人物::主人公.148)==(0),人物,Hero.attr_148,🔴 待定,148,—,🔴 需新增（mod 外置属性）,3
属性,15,調查:(人物::姉小路良頼.官位)<(官位::從三位.15),官位,court_rank.attr_15,🔴 待定,15,—,🔴 需新增（17 官职）,2
属性,154,調查:(人物::主人公.154)==(1),人物,Hero.attr_154,🔴 待定,154,—,🔴 需新增（mod 外置属性）,1
属性,16,調查:(人物::發生人物.官位)==(官位::正一位.16),官位,court_rank.attr_16,🔴 待定,16,—,🔴 需新增（17 官职）,1
属性,161,更新:(人物::主人公.161)(0),人物,Hero.attr_161,🔴 待定,161,—,🔴 需新增（mod 外置属性）,4
属性,176,調查:(人物::人物Ａ.176)==(真偽::真),人物,Hero.attr_176,🔴 待定,176,—,🔴 需新增（mod 外置属性）,35
属性,205,更新:(人物::織田信長.205)(1154),人物,Hero.attr_205,🔴 待定,205,—,🔴 需新增（mod 外置属性）,23
属性,206,更新:(人物::織田信長.206)(1154),人物,Hero.attr_206,🔴 待定,206,—,🔴 需新增（mod 外置属性）,21
属性,207,調查:(人物::主人公.207)>=(5),人物,Hero.attr_207,🔴 待定,207,—,🔴 需新增（mod 外置属性）,6
属性,24,調查:(大名家::大名家Ａ.24)==(商家::商家Ａ.當主),大名家,Clan.attr_24,🔴 待定,24,—,🔴 需新增（mod 外置属性）,5
属性,246,調查:(人物::織田信長.官位)!=(官位::正六位下.246),官位,court_rank.attr_246,🔴 待定,246,—,🔴 需新增（17 官职）,1
属性,25,調查:(大名家::大名家Ｂ.25)<(1),大名家,Clan.attr_25,🔴 待定,25,—,🔴 需新增（mod 外置属性）,4
属性,26,更新:(大名家::上杉謙信.26)(31),大名家,Clan.attr_26,🔴 待定,26,—,🔴 需新增（mod 外置属性）,6
属性,27,調查:(軍團::軍團１.27)==(城::城Ｂ),軍團,Army.attr_27,🔴 待定,27,—,🔴 需新增（02 PartyBrain）,62
属性,28,更新:(軍團::主人公軍團.28)(10000),軍團,Army.attr_28,🔴 待定,28,—,🔴 需新增（02 PartyBrain）,5
属性,3,調查:(交易品::玻璃瓶.3)==(1),事件主命 / 交易品 / 官位 / 工作,Item.attr_3 / QuestDef.attr_3 / court_rank.attr_3,🔴 待定,3,—,🔴 需新增（数据包）,58
属性,43,調查:(人物::柴田勝家.官位)==(官位::無效.43),官位,court_rank.attr_43,🔴 待定,43,—,🔴 需新增（17 官职）,1
属性,44,調查:(人物::明智光秀.官位)==(官位::無效.44),官位,court_rank.attr_44,🔴 待定,44,—,🔴 需新增（17 官职）,1
属性,5,調查:(人物::主人公.承擔工作)==(工作::助陣.5),工作,QuestDef.attr_5,🔴 待定,5,—,🔴 需新增（13 主命）,1
属性,60,調查:(人物::人物Ａ.類別)==(人物類別::泛用對手.60),人物類別,Identity.attr_60,🔴 待定,60,—,🔴 需新增（mod 外置属性）,1
属性,73,調查:(遊戲通關種類::5830.134)!=(事件發生狀態::6089.73),事件發生狀態,Event.attr_73,🔴 待定,73,—,🔴 需新增（mod 外置属性）,1
属性,8,調查:(軍團::主人公軍團.8)==(軍團方針::歸還),軍團,Army.attr_8,🔴 待定,8,—,🔴 需新增（02 PartyBrain）,19
属性,80,調查:(環境變量::5270.88)-(主命屬性::5288.80),主命屬性,QuestDef.attr_80,🔴 待定,80,—,🔴 需新增（13 主命）,1
属性,82,調查:(背景音樂::5452.92)>=(主命屬性::5324.82),主命屬性,QuestDef.attr_82,🔴 待定,82,—,🔴 需新增（13 主命）,1
属性,88,調查:(環境變量::5270.88)-(主命屬性::5288.80),環境變量,env.attr_88,🔴 待定,88,—,🔴 需新增（数据包）,1
属性,92,調查:(背景音樂::5452.92)>=(主命屬性::5324.82),背景音樂,bgm.attr_92,🔴 待定,92,—,🔴 需新增（数据包）,1
属性,94,調查:(人物::主人公.94)==(0),人物,Hero.attr_94,🔴 待定,94,—,🔴 需新增（mod 外置属性）,4
属性,95,調查:(狀況::8)==(事件主命::半兵衛勧誘.95),事件主命,QuestDef.attr_95,🔴 待定,95,—,🔴 需新增（13 主命）,1
属性,evm,===== 源文件: EC500000.evm.decompiled.txt =====,事件,unknown,未知,未知（解析碎片）,—,🔴 解析碎片,1
属性,主人,代入人物Ｅ:(里::里Ｅ.主人),砦 / 里,Settlement.owner,对象:王国,归属/城主,—,✅ 引擎查询器,2
属性,主人公道場規模,調查:(人物::主人公.主人公道場規模)<=(5),人物,Hero.dojo_scale,🔴 待定,主人公道場規模,—,🔴 需新增（mod 外置属性）,2
属性,主命期限,調查:(人物::主人公.主命期限)<=(50),人物,Hero.quest_deadline,🔴 待定,主命期限（13）,—,🔴 需新增（13 主命）,17
属性,主命狀態,調查:(人物::主人公.主命狀態)==(0),人物,Hero.quest_state,🔴 待定,主命状态（13）,—,🔴 需新增（13 主命）,411
属性,主命目標,調查:(人物::主人公.主命目標)!=(人物::發生人物),人物,Hero.quest_goal,🔴 待定,主命目标（13）,—,🔴 需新增（13 主命）,111
属性,事件参加可能,調查:(人物::前田利家.事件参加可能),人物,Hero.available,布尔,事件参加可能,—,✅ 引擎查询器,2597
属性,交易品數量,調查:(交易品::蕎麦.交易品數量)>(0),交易品,Item.count,🔴 待定,交易品數量,—,🔴 需新增（数据包）,217
属性,仇敵標誌,調查:(人物::ＭＰ主人.仇敵標誌)==(真偽::偽),人物,Hero.state,枚举,登场状态,—,✅ 引擎查询器,18
属性,仕官傾向,更新:(人物::小野忠明.仕官傾向)(沒那個意思),人物,Hero.tendency,枚举,仕官志向,—,✅ 引擎查询器,315
属性,住民安定度,調查:(城::城Ａ.住民安定度)>=(70),城,Settlement.security,数字,治安,—,✅ 引擎查询器,115
属性,体力,更新:(人物::主人公.体力)(1),人物,Hero.health,数字,体力,—,✅ 引擎查询器,113
属性,使用狀況,調查:(軍團::事件用１軍團.使用狀況)==(0),軍團,Army.state,枚举,登场状态,—,✅ 引擎查询器,475
属性,個人戰勝利数,調查:(人物::主人公.個人戰勝利数)>=(100),人物,Hero.duel_wins,🔴 待定,个人战胜利数,—,🔴 需新增（mod 外置属性）,29
属性,個人戰敗北数,代入ｄ:(人物::主人公.個人戰敗北数)*(4),人物,Hero.duel_losses,🔴 待定,個人戰敗北数,—,🔴 需新增（mod 外置属性）,1
属性,個人戰現在連勝数,調查:(人物::主人公.個人戰現在連勝数)>=(20),人物,Hero.duel_streak,🔴 待定,个人战连胜数,—,🔴 需新增（mod 外置属性）,1
属性,停止進攻,更新:(大名家::足利義昭.停止進攻)(真),大名家,Clan.ceasefire,🔴 待定,停止进攻,—,🔴 需新增（mod 外置属性）,121
属性,價值,調查:(物品::物品Ａ.價值)>=(5),物品,Item.price,🔴 待定,價值,—,🔴 需新增（数据包）,13
属性,價格,代入ｐ:(物品::物品Ａ.價格)/(10),物品,Item.price,🔴 待定,價格,—,🔴 需新增（数据包）,14
属性,全城壓制,調查:(國::甲斐.全城壓制(大名家::大名家Ａ)),國,allControlled,谓词,全城壓制,—,谓词引擎（01 条件求值）,481
属性,兵士数,調查:(城::城Ａ.兵士数)>=(10000),城 / 里,Settlement.garrison,数字,驻军,—,✅ 引擎查询器,384
属性,兵法指南役大名家,更新:(人物::小野忠明.兵法指南役大名家)(大名家::德川家康),人物,Hero.tactics_advisor,🔴 待定,兵法指南役大名家,—,🔴 需新增（mod 外置属性）,30
属性,兵糧,調查:(城::城Ａ.兵糧)>=(10000),城 / 砦 / 里,Settlement.food,数字,兵粮,—,✅ 引擎查询器,279
属性,出奔計數器,更新:(大名家::大名家Ｄ.出奔計數器)(5),大名家,Clan.deserter_count,🔴 待定,出奔计数器,—,🔴 需新增（mod 外置属性）,3
属性,出撃標誌,調查:(人物::人物Ｂ.出撃標誌)==(0),人物,Hero.state,枚举,登场状态,—,✅ 引擎查询器,180
属性,出現標誌,更新:(人物::阿中.出現標誌)(未出現),人物,Hero.state,枚举,登场状态,—,✅ 引擎查询器,618
属性,出自,場合別:(人物::發生人物.出自){//size=88(58),人物,Hero.origin,🔴 待定,出自,—,🔴 需新增（mod 外置属性）,8
属性,劍勝利回数,更新:(人物::主人公.劍勝利回数)(10),人物,Hero.sword_wins,🔴 待定,剑胜利回数,—,🔴 需新增（mod 外置属性）,4
属性,劍術師匠,更新:(人物::柳生石舟齋.劍術師匠)(人物::上泉信綱),人物,Hero.sword_master,🔴 待定,劍術師匠,—,🔴 需新增（mod 外置属性）,141
属性,劍術流派,更新:(人物::柳生石舟齋.劍術流派)(流派::新陰),人物,Hero.sword_style,🔴 待定,劍術流派,—,🔴 需新增（mod 外置属性）,83
属性,勢力類型,調查:(勢力::勢力Ｂ.勢力類型)==(0),勢力,Faction.type,枚举,类型,—,✅ 引擎查询器,3
属性,卡持有,更新:(人物::豐臣秀吉.卡持有(卡::千成瓢箪))(真偽::真),人物,Hero.card_held,🔴 待定,卡持有,—,🔴 需新增（mod 外置属性）,113
属性,印可,更新:(人物::柳生石舟齋.印可)(真偽::真),人物,Hero.license,🔴 待定,印可,—,🔴 需新增（mod 外置属性）,26
属性,印可狀標誌,更新:(流派::鐘捲.印可狀標誌)(真偽::真),流派,Card.license_flag,布尔,印可状标记,—,🔴 需新增（数据包）,28
属性,原屬下標誌,更新:(人物::人物Ａ.原屬下標誌)(原上司),人物,Hero.former_subordinate,布尔,原属下标记,—,🔴 需新增（mod 外置属性）,40
属性,合戰禁止標誌,更新:(人物::主人公.合戰禁止標誌)(真偽::真),人物,Hero.no_battle_flag,布尔,合战禁止标记,—,🔴 需新增（mod 外置属性）,8
属性,名聲,調查:(人物::主人公.名聲)>=(70),人物,Hero.reputation,数字,名声,—,✅ 引擎查询器,223
属性,商人功勳,更新:(人物::主人公.商人功勳)(0),人物,Hero.merit,数字,功勋,—,✅ 引擎查询器,52
属性,商人司,代入勢力Ａ:(町::町Ａ.商人司),町,Settlement.merchant_office,🔴 待定,商人司,—,🔴 需新增（mod 外置属性）,1
属性,商業圈数,調查:(商家::商家Ａ.商業圈数)>=(8),商家,Org.merchant_net,🔴 待定,商业圈数,—,🔴 需新增（数据包）,1
属性,喜好,場合別:(人物::人物Ａ.喜好){//size=852(354),人物,Hero.taste,🔴 待定,喜好,—,🔴 需新增（mod 外置属性）,5
属性,國屬性1,調查:(國::美濃.國屬性1(大名家::大名家Ｂ))==(真偽::偽),國,Region.name,🔴 待定,國屬性1,—,🔴 需新增（mod 外置属性）,6
属性,地形,調查:(據點::據點Ｃ.地形)!=(2),據點,Settlement.terrain,🔴 待定,地形,—,🔴 需新增（mod 外置属性）,2
属性,城主,代入人物Ｄ:(城::城Ｃ.城主),城,Settlement.owner,对象:王国,归属/城主,—,✅ 引擎查询器,2451
属性,城数,調查:(大名家::島津義久.城数)<(9),大名家,Clan.settlements,数字,城数,—,✅ 引擎查询器,87
属性,基準石高,調查:(城::城Ａ.基準石高)>=(變量::ｇ),城,Settlement.kokudaka,数字,石高,—,✅ 引擎查询器,48
属性,士兵數,調查:(軍團::軍團２.士兵數)>=(1500),軍團,Army.troops,🔴 待定,兵数,—,🔴 需新增（02 PartyBrain）,15
属性,士氣,代入ｍ:(城::城Ａ.士氣),城 / 砦 / 軍團 / 里,Settlement.morale / Army.morale,数字,士气,—,✅ 引擎查询器,344
属性,壽命,代入ｙ:(人物::主人公.壽命)+(1500),人物,Hero.lifespan,🔴 待定,寿命,—,🔴 需新增（mod 外置属性）,1
属性,外交同盟,調查:(商家::商家Ａ.外交同盟(勢力::大名家Ａ))!=(2),勢力 / 商家 / 大名家 / 忍者衆 / 海賊衆,isAllied,🔴 待定,外交同盟,—,🔴 需新增（mod 外置属性）,2288
属性,外交感情,代入ｄ:(大名家::大名家Ｃ.外交感情(勢力::大名家Ａ))+(10),勢力 / 商家 / 大名家 / 忍者衆 / 海賊衆,relation,谓词,外交感情,—,谓词引擎（01 条件求值）,1839
属性,外出禁止標誌,更新:(人物::小野忠明.外出禁止標誌)(真偽::真),人物,Hero.state,枚举,登场状态,—,✅ 引擎查询器,303
属性,大型船建造技術,更新:(海賊衆::海賊衆Ｂ.大型船建造技術)(量産可能),海賊衆,Org.tech_large_vessel,🔴 待定,大型船建造技術,—,🔴 需新增（数据包）,3
属性,大型船舶数,代入ｃ:(砦::砦Ｃ.大型船舶数)/(2),砦,Settlement.vessels_large,🔴 待定,大型船舶数,—,🔴 需新增（mod 外置属性）,25
属性,大方針,更新:(大名家::大名家Ｂ.大方針)(分國統一),大名家 / 忍者衆,Clan.policy / Org.policy,枚举,大方针,—,✅ 引擎查询器,125
属性,大方針目標,更新:(大名家::大名家Ｂ.大方針目標)(國::山城),大名家,Clan.policy_goal,🔴 待定,大方针目标,—,🔴 需新增（mod 外置属性）,25
属性,大筒,代入ｅ:(城::城Ａ.大筒),城,Settlement.materials,数字,物资储备,—,✅ 引擎查询器,7
属性,天覧試合標誌,調查:(人物::主人公.天覧試合標誌)==(3),人物,Hero.tournament_flag,布尔,天览试合标记,—,🔴 需新增（mod 外置属性）,2
属性,失蹤標誌,更新:(人物::汎用姫様.失蹤標誌)(真),人物,Hero.state,枚举,登场状态,—,✅ 引擎查询器,41
属性,妻,更新:(人物::上杉景勝.妻)(人物::無效),人物,Hero.spouse,对象:人物,配偶,—,✅ 引擎查询器,466
属性,妻性格,調查:(人物::人物Ａ.妻性格)==(0),人物,Hero.spouse_personality,🔴 待定,妻性格,—,🔴 需新增（mod 外置属性）,86
属性,存在,調查:(流派::主人公流派.存在),勢力 / 商家 / 大名家 / 忍者衆 / 流派 / 海賊衆,exists,谓词,存在,—,谓词引擎（01 条件求值）,7513
属性,宗家,調查:(流派::中條.宗家)==(人物::富田勢源),流派,Card.sword_hq,🔴 待定,宗家,—,🔴 需新增（数据包）,9
属性,官位,調查:(人物::發生人物.官位)==(官位::正一位.16),人物,Hero.title,枚举（带序：17 官职品级）,官职,—,✅ 引擎查询器,105
属性,官職,更新:(人物::主人公.官職)(官職::無效),人物,Hero.title,枚举（带序：17 官职品级）,官职,—,✅ 引擎查询器,148
属性,容貌１,更新:(人物::織田信長.容貌１)(1154),人物,Hero.appearance,🔴 待定,容貌,—,🔴 需新增（mod 外置属性）,4
属性,容貌２,更新:(人物::織田信長.容貌２)(1154),人物,Hero.appearance,🔴 待定,容貌,—,🔴 需新增（mod 外置属性）,4
属性,容貌３,更新:(人物::織田信長.容貌３)(1154),人物,Hero.appearance,🔴 待定,容貌,—,🔴 需新增（mod 外置属性）,4
属性,容貌４,更新:(人物::織田信長.容貌４)(1154),人物,Hero.appearance,🔴 待定,容貌,—,🔴 需新增（mod 外置属性）,4
属性,對手武將,更新:(人物::主人公.對手武將)(人物::織田信勝),人物,Hero.rival,🔴 待定,对手武将,—,🔴 需新增（mod 外置属性）,27
属性,工作狀態,調查:(人物::主人公.工作狀態)==(0),人物,Hero.work_state,🔴 待定,工作状态（13）,—,🔴 需新增（13 主命）,46
属性,工作目標,調查:(人物::主人公.工作目標)!=(人物::果心居士),人物,Hero.work_goal,🔴 待定,工作目标（13）,—,🔴 需新增（13 主命）,1
属性,年齡,調查:(人物::主人公.年齡)<(50),人物,Hero.age,数字,年龄,—,✅ 引擎查询器,327
属性,建築技能,代入ｆ:(人物::主人公.建築技能),人物,Hero.skill_construction,🔴 待定,建築技能,—,🔴 需新增（mod 外置属性）,28
属性,弓術技能,代入ｂ:(變量::ｂ)+(人物::主人公.弓術技能),人物,Hero.skill_archery,🔴 待定,弓術技能,—,🔴 需新增（mod 外置属性）,30
属性,忍者功勳,更新:(人物::主人公.忍者功勳)(1048576),人物,Hero.merit,数字,功勋,—,✅ 引擎查询器,56
属性,忍術技能,調查:(人物::主人公.忍術技能)==(5),人物,Hero.skill_ninjutsu,🔴 待定,忍術技能,—,🔴 需新增（mod 外置属性）,79
属性,忠誠度,更新:(人物::人物Ｄ.忠誠度)(100),人物,Hero.loyalty,数字,忠诚,—,✅ 引擎查询器,61
属性,性別,調查:(人物::主人公.性別)==(1),人物,Hero.gender,枚举,性别,—,✅ 引擎查询器,1430
属性,性情,調查:(人物::主人公.性情)==(2),人物,Hero.personality,🔴 待定,性情,—,🔴 需新增（mod 外置属性）,3
属性,悪名,調查:(人物::主人公.悪名)>=(70),人物,Hero.infamy,数字,恶名,—,✅ 引擎查询器,299
属性,戰略,更新:(大名家::大名家Ａ.戰略)(國內統一),大名家 / 忍者衆 / 海賊衆,Clan.strategy / Org.strategy,枚举,战略,—,✅ 引擎查询器,470
属性,戰略目標,更新:(大名家::大名家Ａ.戰略目標)(國::越前),大名家 / 忍者衆 / 海賊衆,Clan.strategy_goal / Org.strategy_goal,🔴 待定,战略目标,—,🔴 需新增（mod 外置属性）,286
属性,戰鬥標誌,調查:(城::城Ｂ.戰鬥標誌)==(0),城 / 砦 / 里,Settlement.siege,布尔,战斗/围城状态,—,✅ 引擎查询器,128
属性,所在地方,調查:(城::城Ａ.所在地方)!=(地方::近畿),城 / 據點 / 町,Settlement.region,对象:区域,所在国/地方,—,✅ 引擎查询器,242
属性,所屬上司,代入人物Ａ:(人物::主人公.所屬上司),人物,Hero.superior,对象:人物,所属上司,—,✅ 引擎查询器,612
属性,所屬勢力,代入勢力Ａ:(人物::毛利輝元.所屬勢力),人物 / 軍團,Hero.faction / Army.faction,对象:王国,归属势力,—,✅ 引擎查询器,72
属性,所屬勢力類型,調查:(人物::主人公.所屬勢力類型)==(0),人物,Hero.faction,对象:王国,归属势力,—,✅ 引擎查询器,625
属性,所屬商家,代入商家Ａ:(人物::主人公.所屬商家),人物,Hero.merchant_group,🔴 待定,所屬商家,—,🔴 需新增（mod 外置属性）,24
属性,所屬國,調查:(城::城Ａ.所屬國)==(據點::發生據點.所屬國),城 / 據點 / 町,Settlement.region,对象:区域,所在国/地方,—,✅ 引擎查询器,719
属性,所屬大名家,調查:(人物::主人公.所屬大名家)!=(大名家::德川家康),人物 / 城,Hero.clan / Settlement.clan,对象:家族,归属家族,—,✅ 引擎查询器,5589
属性,所屬忍者衆,代入忍者衆Ａ:(人物::主人公.所屬忍者衆),人物 / 里,Hero.ninja_group / Settlement.ninja_group,🔴 待定,所屬忍者衆,—,🔴 需新增（mod 外置属性）,120
属性,所屬據點,調查:(人物::本多正信.所屬據點)==(據點::主人公據點),人物,Hero.settlement,对象:据点,所在据点,—,✅ 引擎查询器,1727
属性,所屬海賊衆,代入海賊衆Ａ:(人物::主人公.所屬海賊衆),人物 / 砦,Hero.pirate_group / Settlement.pirate_group,🔴 待定,所屬海賊衆,—,🔴 需新增（mod 外置属性）,141
属性,所屬當主,代入人物Ａ:(人物::主人公.所屬當主),人物,Hero.clan_leader,🔴 待定,所屬當主,—,🔴 需新增（mod 外置属性）,130
属性,所持標誌,調查:(卡::四海踏破.所持標誌)==(1),卡,Card.held,布尔,所持標誌,—,🔴 需新增（数据包）,500
属性,所持金,代入ａ:(人物::主人公.所持金)+(人物::主人公.貯金),人物,Hero.gold,数字,所持金,—,✅ 引擎查询器,46
属性,所有個数,調查:(物品::斗篷.所有個数)>=(1),物品,Item.count,🔴 待定,所有個数,—,🔴 需新增（数据包）,148
属性,所有者,更新:(物品::地球儀.所有者)(人物::天皇),物品,Item.owner,对象:王国,归属/城主,—,✅ 引擎查询器,287
属性,所有船舶数,代入ｃ:(砦::砦Ｃ.所有船舶数)/(2),砦,Settlement.vessels,数字,船舶,—,✅ 引擎查询器,27
属性,承擔主命,調查:(人物::主人公.承擔主命)!=(主命::獲取貴重品（忍者）),人物,Hero.quest_assigned,🔴 待定,承担主命（13）,—,🔴 需新增（13 主命）,169
属性,承擔工作,調查:(人物::主人公.承擔工作)==(工作::買進交易品.3),人物,Hero.work_assigned,🔴 待定,承担工作（13）,—,🔴 需新增（13 主命）,17
属性,援軍對象軍團番號,調查:(軍團::主人公軍團.援軍對象軍團番號)==(軍團::軍團Ａ),軍團,Army.reinforce_id,🔴 待定,援军军团番号,—,🔴 需新增（02 PartyBrain）,16
属性,據點種類,調查:(據點::發生據點.據點種類)==(2),據點,Settlement.type,枚举,类型,—,✅ 引擎查询器,54
属性,據點類型,調查:(據點::發生據點.據點類型)==(4),據點,Settlement.type,枚举,类型,—,✅ 引擎查询器,223
属性,支持大名家,調查:(忍者衆::忍者衆Ｂ.支持大名家)!=(大名家::無效),忍者衆 / 海賊衆,Org.supporter,🔴 待定,支持大名家,—,🔴 需新增（数据包）,21
属性,支配力,調查:(忍者衆::忍者衆Ａ.支配力)>=(7),大名家 / 忍者衆 / 海賊衆,Org.power / Clan.power,数字,支配力,—,✅ 引擎查询器,177
属性,攻,調查:(據點::據點Ａ.攻め取りカウンタ)<(1),據點,Settlement.attack,🔴 待定,攻,—,🔴 需新增（mod 外置属性）,1
属性,攻擊可能,調查:(城::城Ａ.攻擊可能(城::城Ｄ)),城,Settlement.attackable,布尔,可攻击,—,✅ 引擎查询器,28
属性,政務,更新:(人物::主人公.政務)(ａ),人物,Hero.governance,🔴 待定,政务,—,🔴 需新增（mod 外置属性）,10
属性,智謀,更新:(人物::主人公.智謀)(ｒ),人物,Hero.intellect,🔴 待定,智谋,—,🔴 需新增（mod 外置属性）,5
属性,暴動標誌,更新:(城::吉田.暴動標誌)(真偽::真),城,Settlement.rebellion,布尔,叛乱状态,—,✅ 引擎查询器,43
属性,曾經訪問,調查:(町::那覇.曾經訪問)==(真偽::偽),町,Settlement.visited,🔴 待定,曾经访问,—,🔴 需新增（mod 外置属性）,4
属性,最大載重量,代入ｃ:(人物::主人公.最大載重量)/(50),人物,Hero.capacity,🔴 待定,最大载重量,—,🔴 需新增（mod 外置属性）,3
属性,朝廷貢献度,更新:(大名家::大名家Ａ.朝廷貢献度)(255),大名家,Clan.court_favor,🔴 待定,朝廷贡献度,—,🔴 需新增（mod 外置属性）,6
属性,未知2,調查:(地方::地方Ａ.未知2(大名家::大名家Ａ))==(真偽::真),地方,unknown,未知,未知（解析碎片）,—,🔴 解析碎片,43
属性,未知54,更新:(人物::一條兼定.未知54)(真),人物,unknown,未知,未知（解析碎片）,—,🔴 解析碎片,21
属性,未知8,更新:(大名家::織田信長.未知8(勢力::齋藤義龍))(59),大名家,unknown,未知,未知（解析碎片）,—,🔴 解析碎片,173
属性,未知9,更新:(大名家::上杉景勝.未知9)(偽),大名家,unknown,未知,未知（解析碎片）,—,🔴 解析碎片,22
属性,未知３,更新:(商家::商家Ａ.未知３)(偽),商家 / 忍者衆 / 海賊衆,unknown,未知,未知（解析碎片）,—,🔴 解析碎片,5
属性,本城,代入城Ａ:(大名家::大名家Ａ.本城),大名家,Clan.home,对象:据点,本城,—,✅ 引擎查询器,2298
属性,本店,調查:(據點::發生據點)==(商家::商家Ａ.本店),商家,Org.hq,🔴 待定,本店,—,🔴 需新增（数据包）,15
属性,本據,代入據點Ｂ:(勢力::勢力Ｂ.本據),勢力 / 忍者衆 / 海賊衆,Faction.home / Org.home,对象:据点,本城,—,✅ 引擎查询器,159
属性,格,調查:(人物::主人公.格)>(人物::ＭＰ主人.格),人物,Hero.rank,🔴 待定,格,—,🔴 需新增（mod 外置属性）,2
属性,武具種類,場合別:(人物::人物Ａ.武具種類){//size=256(100),人物,Hero.weapon_type,🔴 待定,武具种类,—,🔴 需新增（mod 外置属性）,2
属性,武具經驗,調查:(人物::主人公.武具經驗)>=(300),人物,Hero.weapon_exp,🔴 待定,武具经验,—,🔴 需新增（mod 外置属性）,1
属性,武力,更新:(人物::主人公.武力)(ａ),人物,Hero.might,🔴 待定,武力,—,🔴 需新增（mod 外置属性）,8
属性,武士功勳,代入ｄ:(人物::主人公.武士功勳)/(300),人物,Hero.merit,数字,功勋,—,✅ 引擎查询器,243
属性,武將２,代入人物Ｄ:(軍團::主人公軍團.武將２),軍團,Army.general,🔴 待定,武将槽,—,🔴 需新增（02 PartyBrain）,368
属性,武將３,代入人物Ｂ:(軍團::軍團１.武將３),軍團,Army.general,🔴 待定,武将槽,—,🔴 需新增（02 PartyBrain）,88
属性,武將４,調查:(軍團::軍團２.武將４)==(人物::山中鹿介),軍團,Army.general,🔴 待定,武将槽,—,🔴 需新增（02 PartyBrain）,24
属性,武將５,調查:(軍團::軍團２.武將５)==(人物::山中鹿介),軍團,Army.general,🔴 待定,武将槽,—,🔴 需新增（02 PartyBrain）,15
属性,武藝技能,代入ｂ:(變量::ｂ)+(人物::主人公.武藝技能),人物,Hero.skill_martial_arts,🔴 待定,武藝技能,—,🔴 需新增（mod 外置属性）,26
属性,死亡標誌,更新:(人物::阿中.死亡標誌)(死亡),人物,Hero.alive,布尔,存活,—,✅ 引擎查询器,858
属性,死刑標誌,更新:(人物::豐臣秀賴.死刑標誌)(死刑),人物,Hero.state,枚举,登场状态,—,✅ 引擎查询器,126
属性,水軍技能,代入ｂ:(變量::ｂ)+(人物::主人公.水軍技能),人物,Hero.skill_naval,🔴 待定,水軍技能,—,🔴 需新增（mod 外置属性）,77
属性,流派評價,調查:(人物::主人公.流派評價)>=(10000),人物,Hero.sword_rank,🔴 待定,流派评价,—,🔴 需新增（mod 外置属性）,20
属性,海賊功勳,更新:(人物::主人公.海賊功勳)(2097152),人物,Hero.merit,数字,功勋,—,✅ 引擎查询器,43
属性,無敵標誌,更新:(人物::人物Ｅ.無敵標誌)(真),人物,Hero.invincible,布尔,无敌标记,—,🔴 需新增（mod 外置属性）,2
属性,父母,調查:(人物::人物Ａ.父母)==(人物::主人公),人物,Hero.parents,🔴 待定,父母,—,🔴 需新增（mod 外置属性）,22
属性,物品類型,調查:(物品::物品Ａ.物品類型)==(物品類型::茶器),物品,Item.type,枚举,类型,—,✅ 引擎查询器,3
属性,物欲,調查:(人物::人物Ｂ.物欲)==(0),人物,Hero.greed,🔴 待定,物欲,—,🔴 需新增（mod 外置属性）,1
属性,現石高,調查:(城::城Ｃ.現石高)>(城::城Ｄ.現石高),城,Settlement.kokudaka,数字,石高,—,✅ 引擎查询器,88
属性,現礦山,代入ｈ:(城::城Ａ.現礦山)+(5),城,Settlement.mine,数字,矿山,—,✅ 引擎查询器,54
属性,生病標誌,更新:(人物::人物Ａ.生病標誌)(生病),人物,Hero.state,枚举,登场状态,—,✅ 引擎查询器,61
属性,當主,代入人物Ｂ:(海賊衆::熊野水軍.當主),勢力 / 商家 / 大名家 / 忍者衆 / 海賊衆,Org.leader / Clan.leader / Faction.leader,布尔,是否家主,—,✅ 引擎查询器,296
属性,知喜好標誌,更新:(人物::人物Ｂ.知喜好標誌)(真偽::真),人物,Hero.knows_taste,布尔,知喜好标记,—,🔴 需新增（mod 外置属性）,1
属性,礦山技能,調查:(人物::主人公.礦山技能)>=(4),人物,Hero.skill_mining,🔴 待定,礦山技能,—,🔴 需新增（mod 外置属性）,18
属性,礦山最高值,調查:(城::城Ａ.礦山最高值)>=(變量::ｈ),城,Settlement.mine_max,🔴 待定,矿山最高值,—,🔴 需新增（mod 外置属性）,30
属性,礼法技能,調查:(人物::主人公.礼法技能)>=(4),人物,Hero.skill_etiquette,🔴 待定,礼法技能,—,🔴 需新增（mod 外置属性）,21
属性,移動可能,調查:(城::城Ａ.移動可能(城::城Ｄ)),城,Settlement.movable,布尔,可移动,—,✅ 引擎查询器,72
属性,立場,調查:(人物::主人公.立場)==(0),人物,Hero.stance,🔴 待定,立场,—,🔴 需新增（mod 外置属性）,169
属性,算術技能,代入ｂ:(變量::ｂ)+(人物::主人公.算術技能),人物,Hero.skill_arithmetic,🔴 待定,算術技能,—,🔴 需新增（mod 外置属性）,90
属性,精神,調查:(人物::主人公.精神)==(2),人物,Hero.spirit,🔴 待定,精神,—,🔴 需新增（mod 外置属性）,2
属性,素政務,代入ｄ:(人物::主人公.素政務),人物,Hero.governance_base,🔴 待定,素政务,—,🔴 需新增（mod 外置属性）,4
属性,素智謀,代入ｄ:(人物::主人公.素智謀),人物,Hero.intellect_base,🔴 待定,素智谋,—,🔴 需新增（mod 外置属性）,4
属性,素武力,代入ｄ:(人物::主人公.素武力),人物,Hero.might_base,🔴 待定,素武力,—,🔴 需新增（mod 外置属性）,4
属性,素統率力,代入ｄ:(人物::主人公.素統率力),人物,Hero.leadership_base,🔴 待定,素统率力,—,🔴 需新增（mod 外置属性）,2
属性,素魅力,代入ｄ:(人物::主人公.素魅力),人物,Hero.charm_base,🔴 待定,素魅力,—,🔴 需新增（mod 外置属性）,4
属性,結果,調查:(軍團::主人公軍團.結果)==(1),軍團,Army.result,枚举（BattleResult）,战斗结果,—,✅ 引擎查询器,279
属性,統率力,更新:(人物::主人公.統率力)(ａ),人物,Hero.leadership,🔴 待定,统率力,—,🔴 需新增（mod 外置属性）,2
属性,繼承人標誌,更新:(人物::佐久間盛政.繼承人標誌)(真偽::真),人物,Hero.heir_flag,布尔,继承人标记,—,🔴 需新增（mod 外置属性）,35
属性,義理,調查:(人物::人物Ｂ.義理)==(0),人物,Hero.loyalty,数字,忠诚,—,✅ 引擎查询器,15
属性,義診天數,調查:(人物::主人公.義診天數)>=(100),人物,Hero.clinic_days,🔴 待定,义诊天数,—,🔴 需新增（mod 外置属性）,2
属性,自宅鄰接工作場,調查:(人物::主人公.自宅鄰接工作場)==(1),人物,Hero.workplace,🔴 待定,自宅邻接工作场,—,🔴 需新增（13 主命）,30
属性,與主人公關係,調查:(大名家::大名家Ａ.與主人公關係)==(0),商家 / 大名家 / 忍者衆 / 海賊衆,relation,谓词,與主人公關係,—,谓词引擎（01 条件求值）,48
属性,茶具經驗,調查:(人物::主人公.茶具經驗)>=(300),人物,Hero.tea_exp,🔴 待定,茶具經驗,—,🔴 需新增（mod 外置属性）,10
属性,茶席次數,調查:(人物::主人公.茶席次數)>=(1000),人物,Hero.tea_count,🔴 待定,茶席次數,—,🔴 需新增（mod 外置属性）,14
属性,茶道技能,調查:(人物::主人公.茶道技能)>=(3),人物,Hero.skill_tea_ceremony,🔴 待定,茶道技能,—,🔴 需新增（mod 外置属性）,18
属性,装備武器,調查:(人物::主人公.装備武器)==(物品::村正),人物,Hero.equipment_weapon,🔴 待定,装備武器,—,🔴 需新增（mod 外置属性）,13
属性,装備防具,調查:(人物::主人公.装備防具)==(物品::物品Ａ),人物,Hero.equipment_armor,🔴 待定,装備防具,—,🔴 需新增（mod 外置属性）,5
属性,補正值,更新:(物品::物品Ｂ.補正值)(7),物品,Item.bonus,🔴 待定,补正值,—,🔴 需新增（数据包）,3
属性,製砲經驗,調查:(人物::主人公.製砲經驗)>=(500),人物,Hero.cannon_exp,🔴 待定,制炮经验,—,🔴 需新增（mod 外置属性）,6
属性,製藥天數,調查:(人物::主人公.製藥天數)>=(100),人物,Hero.medicine_days,🔴 待定,制药天数,—,🔴 需新增（mod 外置属性）,4
属性,製鐵經驗,調查:(人物::主人公.製鐵經驗)>=(500),人物,Hero.smith_exp,🔴 待定,制铁经验,—,🔴 需新增（mod 外置属性）,6
属性,規模,調查:(據點::觀音寺城.規模)<(29),城 / 據點,Settlement.scale,🔴 待定,规模,—,🔴 需新增（mod 外置属性）,82
属性,親密度,更新:(人物::寶藏院胤榮.親密度)(90),人物,relation,谓词,親密度,—,谓词引擎（01 条件求值）,908
属性,訓練度,調查:(城::城Ｃ.訓練度)<(90),城 / 砦 / 里,Settlement.training,数字,训练度,—,✅ 引擎查询器,119
属性,認識標誌,更新:(人物::寶藏院胤榮.認識標誌)(已認識),人物,hasMet,谓词,認識標誌,—,谓词引擎（01 条件求值）,797
属性,貯金,代入ａ:(人物::主人公.所持金)+(人物::主人公.貯金),人物,Hero.gold,数字,所持金,—,✅ 引擎查询器,34
属性,賊遭遇計數器,更新:(人物::主人公.賊遭遇計數器)(1048576),人物,Variable::bandit_enc,🔴 待定,賊遭遇計數器,—,🔴 需新增（mod 外置属性）,1
属性,足輕技能,代入ｂ:(人物::主人公.足輕技能),人物,Hero.skill_infantry,🔴 待定,足輕技能,—,🔴 需新增（mod 外置属性）,16
属性,身份,更新:(人物::柳生石舟齋.身份)(身份::師範),人物,Hero.identity,枚举（带序：17 身份链）,身份,—,✅ 引擎查询器,2062
属性,軍團方針,調查:(軍團::軍團２.軍團方針)==(城::小田原),軍團,Army.intent,枚举,军团方针,—,✅ 引擎查询器,2
属性,軍團長,代入人物Ｄ:(軍團::主人公軍團.軍團長),軍團,Army.leader,布尔,是否家主,—,✅ 引擎查询器,396
属性,軍学技能,調查:(人物::主人公.軍学技能)>=(4),人物,Hero.skill_military_tactics,🔴 待定,軍学技能,—,🔴 需新增（mod 外置属性）,72
属性,軍資金,調查:(城::城Ａ.軍資金)<=(變量::ａ),城 / 砦 / 里,Settlement.funds,数字,军资金,—,✅ 引擎查询器,309
属性,軍馬,代入ｃ:(城::城Ａ.軍馬),城 / 軍團,Settlement.materials / Army.materials,数字,物资储备,—,✅ 引擎查询器,54
属性,辯才技能,調查:(人物::主人公.辯才技能)>=(4),人物,Hero.skill_eloquence,🔴 待定,辯才技能,—,🔴 需新增（mod 外置属性）,45
属性,道場主人,調查:(町::町Ａ.道場主人)==(人物::剣術的師範),町,Settlement.dojo_owner,🔴 待定,道场主人,—,🔴 需新增（mod 外置属性）,52
属性,道場打破可能標誌,調查:(流派::寶藏院.道場打破可能標誌)==(真偽::真),流派,Card.dojo_break,布尔,道場打破可能標誌,—,🔴 需新增（数据包）,3
属性,道場２主人,更新:(町::奈良.道場２主人)(人物::柳生石舟齋),町,Settlement.dojo_owner,🔴 待定,道场主人,—,🔴 需新增（mod 外置属性）,9
属性,鄰接大名家,調查:(大名家::大名家Ａ.鄰接大名家(勢力::大名家Ｂ))==(真偽::真),大名家,isNeighbor,🔴 待定,鄰接大名家,—,🔴 需新增（mod 外置属性）,102
属性,醫師評價,調查:(人物::主人公.醫師評價)>=(3000),人物,Hero.doctor_rank,🔴 待定,医师评价,—,🔴 需新增（mod 外置属性）,42
属性,醫術技能,代入ｂ:(變量::ｂ)+(人物::主人公.醫術技能),人物,Hero.skill_medicine,🔴 待定,醫術技能,—,🔴 需新增（mod 外置属性）,10
属性,野心,調查:(人物::主人公.野心)>=(55),人物,Hero.ambition,🔴 待定,野心,—,🔴 需新增（mod 外置属性）,5
属性,鐵甲船建造技術,更新:(海賊衆::海賊衆Ａ.鐵甲船建造技術)(可能),海賊衆,Org.tech_vessel,🔴 待定,鐵甲船建造技術,—,🔴 需新增（数据包）,12
属性,鐵甲船数,調查:(砦::十三湊.鐵甲船数)==(0),砦,Settlement.vessels_ironclad,🔴 待定,鐵甲船数,—,🔴 需新增（mod 外置属性）,77
属性,鐵砲,代入ｄ:(城::城Ｂ.鐵砲)/(2),城 / 軍團,Settlement.materials / Army.materials,数字,物资储备,—,✅ 引擎查询器,184
属性,鐵砲技能,調查:(人物::主人公.鐵砲技能)>=(3),人物,Hero.skill_firearms,🔴 待定,鐵砲技能,—,🔴 需新增（mod 外置属性）,29
属性,鑑定標誌,更新:(物品::物品Ａ.鑑定標誌)(已鑑定),物品,Item.appraised,布尔,鑑定標誌,—,🔴 需新增（数据包）,29
属性,開墾技能,調查:(人物::主人公.開墾技能)>=(4),人物,Hero.skill_farming,🔴 待定,開墾技能,—,🔴 需新增（mod 外置属性）,17
属性,關係經緯,調查:(人物::ＭＰ主人.關係經緯)==(0),人物,Hero.relation_graph,🔴 待定,关系经纬,—,🔴 需新增（mod 外置属性）,54
属性,防御度,調查:(城::城Ｂ.防御度)>=(50),城 / 砦 / 里,Settlement.defense,数字,防御度,—,✅ 引擎查询器,190
属性,離家標誌,更新:(人物::小野忠明.離家標誌)(離家),人物,Hero.away_flag,布尔,離家標誌,—,🔴 需新增（mod 外置属性）,354
属性,類別,調查:(人物::人物Ａ.類別)!=(人物類別::泛用對手),人物,Hero.category,🔴 待定,类别,—,🔴 需新增（mod 外置属性）,14
属性,飲酒,調查:(人物::主人公.飲酒)==(2),人物,Hero.drinking,🔴 待定,饮酒,—,🔴 需新增（mod 外置属性）,7
属性,騎馬技能,代入ｂ:(變量::ｂ)+(人物::主人公.騎馬技能),人物,Hero.skill_cavalry,🔴 待定,騎馬技能,—,🔴 需新增（mod 外置属性）,20
属性,魅力,調查:(人物::主人公.魅力)>=(60),人物,Hero.charm,🔴 待定,魅力,—,🔴 需新增（mod 外置属性）,4
域值,10,更新:(日數計數器::10)(0),日數計數器,Time::day,数字,10,—,✅ 引擎,6
域值,10,調查:(事件標誌::10)==(1),事件標誌,Flag::flag_10,布尔,10,—,🔴 需新加（引擎 Flag）,4
域值,100,調查:(事件標誌::100)==(0),事件標誌,Flag::flag_100,布尔,100,—,🔴 需新加（引擎 Flag）,12
域值,101,更新:(事件標誌::101)(成立),事件標誌,Flag::flag_101,布尔,101,—,🔴 需新加（引擎 Flag）,5
域值,102,更新:(事件標誌::102)(成立),事件標誌,Flag::flag_102,布尔,102,—,🔴 需新加（引擎 Flag）,5
域值,103,調查:(事件標誌::103)==(0),事件標誌,Flag::flag_103,布尔,103,—,🔴 需新加（引擎 Flag）,2
域值,104,更新:(事件標誌::104)(成立),事件標誌,Flag::flag_104,布尔,104,—,🔴 需新加（引擎 Flag）,6
域值,105,更新:(事件標誌::105)(成立),事件標誌,Flag::flag_105,布尔,105,—,🔴 需新加（引擎 Flag）,22
域值,106,調查:(事件標誌::106)==(1),事件標誌,Flag::flag_106,布尔,106,—,🔴 需新加（引擎 Flag）,2
域值,107,更新:(事件標誌::107)(成立),事件標誌,Flag::flag_107,布尔,107,—,🔴 需新加（引擎 Flag）,7
域值,108,調查:(事件標誌::108)==(1),事件標誌,Flag::flag_108,布尔,108,—,🔴 需新加（引擎 Flag）,10
域值,109,更新:(事件標誌::109)(成立),事件標誌,Flag::flag_109,布尔,109,—,🔴 需新加（引擎 Flag）,5
域值,11,調查:(事件標誌::11)==(1),事件標誌,Flag::flag_11,布尔,11,—,🔴 需新加（引擎 Flag）,7
域值,11,更新:(日數計數器::11)(0),日數計數器,Time::day,数字,11,—,✅ 引擎,2
域值,110,調查:(事件標誌::110)==(1),事件標誌,Flag::flag_110,布尔,110,—,🔴 需新加（引擎 Flag）,9
域值,111,更新:(事件標誌::111)(成立),事件標誌,Flag::flag_111,布尔,111,—,🔴 需新加（引擎 Flag）,9
域值,112,更新:(事件標誌::112)(成立),事件標誌,Flag::flag_112,布尔,112,—,🔴 需新加（引擎 Flag）,8
域值,113,調查:(事件標誌::113)==(1),事件標誌,Flag::flag_113,布尔,113,—,🔴 需新加（引擎 Flag）,4
域值,114,更新:(事件標誌::114)(成立),事件標誌,Flag::flag_114,布尔,114,—,🔴 需新加（引擎 Flag）,1
域值,115,調查:(事件標誌::115)==(0),事件標誌,Flag::flag_115,布尔,115,—,🔴 需新加（引擎 Flag）,3
域值,116,調查:(事件標誌::116)==(1),事件標誌,Flag::flag_116,布尔,116,—,🔴 需新加（引擎 Flag）,2
域值,118,調查:(事件標誌::118)==(1),事件標誌,Flag::flag_118,布尔,118,—,🔴 需新加（引擎 Flag）,3
域值,119,調查:(事件標誌::119)==(0),事件標誌,Flag::flag_119,布尔,119,—,🔴 需新加（引擎 Flag）,2
域值,12,更新:(日數計數器::12)(2097152),日數計數器,Time::day,数字,12,—,✅ 引擎,13
域值,12,調查:(事件標誌::12)==(1),事件標誌,Flag::flag_12,布尔,12,—,🔴 需新加（引擎 Flag）,5
域值,120,調查:(事件標誌::120)==(1),事件標誌,Flag::flag_120,布尔,120,—,🔴 需新加（引擎 Flag）,4
域值,121,調查:(事件標誌::121)==(1),事件標誌,Flag::flag_121,布尔,121,—,🔴 需新加（引擎 Flag）,11
域值,122,調查:(事件標誌::122)==(1),事件標誌,Flag::flag_122,布尔,122,—,🔴 需新加（引擎 Flag）,2
域值,123,更新:(事件標誌::123)(成立),事件標誌,Flag::flag_123,布尔,123,—,🔴 需新加（引擎 Flag）,6
域值,124,更新:(事件標誌::124)(成立),事件標誌,Flag::flag_124,布尔,124,—,🔴 需新加（引擎 Flag）,32
域值,125,更新:(事件標誌::125)(不成立),事件標誌,Flag::flag_125,布尔,125,—,🔴 需新加（引擎 Flag）,5
域值,126,更新:(事件標誌::126)(成立),事件標誌,Flag::flag_126,布尔,126,—,🔴 需新加（引擎 Flag）,5
域值,127,更新:(事件標誌::127)(成立),事件標誌,Flag::flag_127,布尔,127,—,🔴 需新加（引擎 Flag）,3
域值,128,更新:(事件標誌::128)(成立),事件標誌,Flag::flag_128,布尔,128,—,🔴 需新加（引擎 Flag）,5
域值,13,更新:(日數計數器::13)(0),日數計數器,Time::day,数字,13,—,✅ 引擎,5
域值,13,更新:(事件標誌::13)(成立),事件標誌,Flag::flag_13,布尔,13,—,🔴 需新加（引擎 Flag）,3
域值,130,更新:(事件標誌::130)(成立),事件標誌,Flag::flag_130,布尔,130,—,🔴 需新加（引擎 Flag）,7
域值,131,調查:(事件標誌::131)==(1),事件標誌,Flag::flag_131,布尔,131,—,🔴 需新加（引擎 Flag）,6
域值,132,調查:(事件標誌::132)==(1),事件標誌,Flag::flag_132,布尔,132,—,🔴 需新加（引擎 Flag）,4
域值,133,調查:(事件標誌::133)==(1),事件標誌,Flag::flag_133,布尔,133,—,🔴 需新加（引擎 Flag）,2
域值,134,調查:(事件標誌::134)!=(1),事件標誌,Flag::flag_134,布尔,134,—,🔴 需新加（引擎 Flag）,4
域值,135,調查:(事件標誌::135)!=(1),事件標誌,Flag::flag_135,布尔,135,—,🔴 需新加（引擎 Flag）,3
域值,136,調查:(事件標誌::136)!=(1),事件標誌,Flag::flag_136,布尔,136,—,🔴 需新加（引擎 Flag）,4
域值,137,調查:(事件標誌::137)==(1),事件標誌,Flag::flag_137,布尔,137,—,🔴 需新加（引擎 Flag）,3
域值,139,調查:(事件標誌::139)==(1),事件標誌,Flag::flag_139,布尔,139,—,🔴 需新加（引擎 Flag）,6
域值,14,調查:(日數計數器::14)>=(5),日數計數器,Time::day,数字,14,—,✅ 引擎,2
域值,14,更新:(事件標誌::14)(成立),事件標誌,Flag::flag_14,布尔,14,—,🔴 需新加（引擎 Flag）,2
域值,140,調查:(事件標誌::140)!=(1),事件標誌,Flag::flag_140,布尔,140,—,🔴 需新加（引擎 Flag）,3
域值,141,調查:(事件標誌::141)!=(1),事件標誌,Flag::flag_141,布尔,141,—,🔴 需新加（引擎 Flag）,4
域值,142,調查:(事件標誌::142)!=(1),事件標誌,Flag::flag_142,布尔,142,—,🔴 需新加（引擎 Flag）,9
域值,143,調查:(事件標誌::143)!=(1),事件標誌,Flag::flag_143,布尔,143,—,🔴 需新加（引擎 Flag）,6
域值,144,調查:(事件標誌::144)!=(1),事件標誌,Flag::flag_144,布尔,144,—,🔴 需新加（引擎 Flag）,5
域值,145,調查:(事件標誌::145)!=(1),事件標誌,Flag::flag_145,布尔,145,—,🔴 需新加（引擎 Flag）,4
域值,146,調查:(事件標誌::146)==(1),事件標誌,Flag::flag_146,布尔,146,—,🔴 需新加（引擎 Flag）,19
域值,147,調查:(事件標誌::147)!=(1),事件標誌,Flag::flag_147,布尔,147,—,🔴 需新加（引擎 Flag）,2
域值,148,調查:(事件標誌::148)==(1),事件標誌,Flag::flag_148,布尔,148,—,🔴 需新加（引擎 Flag）,3
域值,149,調查:(事件標誌::149)==(1),事件標誌,Flag::flag_149,布尔,149,—,🔴 需新加（引擎 Flag）,4
域值,15,調查:(日數計數器::15)>=(30),日數計數器,Time::day,数字,15,—,✅ 引擎,3
域值,150,調查:(事件標誌::150)!=(1),事件標誌,Flag::flag_150,布尔,150,—,🔴 需新加（引擎 Flag）,4
域值,151,更新:(事件標誌::151)(成立),事件標誌,Flag::flag_151,布尔,151,—,🔴 需新加（引擎 Flag）,1
域值,152,調查:(事件標誌::152)==(0),事件標誌,Flag::flag_152,布尔,152,—,🔴 需新加（引擎 Flag）,2
域值,16,更新:(事件標誌::16)(成立),事件標誌,Flag::flag_16,布尔,16,—,🔴 需新加（引擎 Flag）,4
域值,16,更新:(日數計數器::16)(0),日數計數器,Time::day,数字,16,—,✅ 引擎,2
域值,162,調查:(事件標誌::162)==(1),事件標誌,Flag::flag_162,布尔,162,—,🔴 需新加（引擎 Flag）,5
域值,163,更新:(事件標誌::163)(成立),事件標誌,Flag::flag_163,布尔,163,—,🔴 需新加（引擎 Flag）,4
域值,164,調查:(事件標誌::164)==(1),事件標誌,Flag::flag_164,布尔,164,—,🔴 需新加（引擎 Flag）,4
域值,165,更新:(事件標誌::165)(成立),事件標誌,Flag::flag_165,布尔,165,—,🔴 需新加（引擎 Flag）,15
域值,166,更新:(事件標誌::166)(成立),事件標誌,Flag::flag_166,布尔,166,—,🔴 需新加（引擎 Flag）,10
域值,167,更新:(事件標誌::167)(成立),事件標誌,Flag::flag_167,布尔,167,—,🔴 需新加（引擎 Flag）,27
域值,168,調查:(事件標誌::168)==(1),事件標誌,Flag::flag_168,布尔,168,—,🔴 需新加（引擎 Flag）,5
域值,169,更新:(事件標誌::169)(成立),事件標誌,Flag::flag_169,布尔,169,—,🔴 需新加（引擎 Flag）,2
域值,17,更新:(日數計數器::17)(0),日數計數器,Time::day,数字,17,—,✅ 引擎,10
域值,17,調查:(事件標誌::17)==(1),事件標誌,Flag::flag_17,布尔,17,—,🔴 需新加（引擎 Flag）,5
域值,170,調查:(事件標誌::170)==(0),事件標誌,Flag::flag_170,布尔,170,—,🔴 需新加（引擎 Flag）,4
域值,171,調查:(事件標誌::171)==(1),事件標誌,Flag::flag_171,布尔,171,—,🔴 需新加（引擎 Flag）,8
域值,172,調查:(事件標誌::172)==(1),事件標誌,Flag::flag_172,布尔,172,—,🔴 需新加（引擎 Flag）,9
域值,173,調查:(事件標誌::173)==(0),事件標誌,Flag::flag_173,布尔,173,—,🔴 需新加（引擎 Flag）,5
域值,174,更新:(事件標誌::174)(成立),事件標誌,Flag::flag_174,布尔,174,—,🔴 需新加（引擎 Flag）,3
域值,175,調查:(事件標誌::175)==(0),事件標誌,Flag::flag_175,布尔,175,—,🔴 需新加（引擎 Flag）,5
域值,18,更新:(事件標誌::18)(成立),事件標誌,Flag::flag_18,布尔,18,—,🔴 需新加（引擎 Flag）,10
域值,18,更新:(日數計數器::18)(0),日數計數器,Time::day,数字,18,—,✅ 引擎,5
域值,182,更新:(事件標誌::182)(成立),事件標誌,Flag::flag_182,布尔,182,—,🔴 需新加（引擎 Flag）,2
域值,183,調查:(事件標誌::183)==(1),事件標誌,Flag::flag_183,布尔,183,—,🔴 需新加（引擎 Flag）,2
域值,184,調查:(事件標誌::184)==(0),事件標誌,Flag::flag_184,布尔,184,—,🔴 需新加（引擎 Flag）,3
域值,185,調查:(事件標誌::185)==(1),事件標誌,Flag::flag_185,布尔,185,—,🔴 需新加（引擎 Flag）,4
域值,186,調查:(事件標誌::186)==(未發生),事件標誌,Flag::flag_186,布尔,186,—,🔴 需新加（引擎 Flag）,2
域值,187,更新:(事件標誌::187)(成立),事件標誌,Flag::flag_187,布尔,187,—,🔴 需新加（引擎 Flag）,1
域值,188,調查:(事件標誌::188)==(0),事件標誌,Flag::flag_188,布尔,188,—,🔴 需新加（引擎 Flag）,4
域值,189,調查:(事件標誌::189)==(1),事件標誌,Flag::flag_189,布尔,189,—,🔴 需新加（引擎 Flag）,5
域值,19,更新:(日數計數器::19)(0),日數計數器,Time::day,数字,19,—,✅ 引擎,18
域值,19,更新:(事件標誌::19)(成立),事件標誌,Flag::flag_19,布尔,19,—,🔴 需新加（引擎 Flag）,6
域值,193,調查:(事件標誌::193)==(0),事件標誌,Flag::flag_193,布尔,193,—,🔴 需新加（引擎 Flag）,2
域值,194,調查:(事件標誌::194)==(0),事件標誌,Flag::flag_194,布尔,194,—,🔴 需新加（引擎 Flag）,4
域值,195,調查:(事件標誌::195)==(0),事件標誌,Flag::flag_195,布尔,195,—,🔴 需新加（引擎 Flag）,6
域值,196,調查:(事件標誌::196)==(1),事件標誌,Flag::flag_196,布尔,196,—,🔴 需新加（引擎 Flag）,3
域值,197,調查:(事件標誌::197)==(0),事件標誌,Flag::flag_197,布尔,197,—,🔴 需新加（引擎 Flag）,4
域值,20,調查:(日數計數器::20)>=(5),日數計數器,Time::day,数字,20,—,✅ 引擎,9
域值,20,更新:(事件標誌::20)(成立),事件標誌,Flag::flag_20,布尔,20,—,🔴 需新加（引擎 Flag）,3
域值,21,更新:(日數計數器::21)(0),日數計數器,Time::day,数字,21,—,✅ 引擎,8
域值,21,更新:(事件標誌::21)(成立),事件標誌,Flag::flag_21,布尔,21,—,🔴 需新加（引擎 Flag）,1
域值,22,更新:(日數計數器::22)(0),日數計數器,Time::day,数字,22,—,✅ 引擎,10
域值,22,更新:(事件標誌::22)(成立),事件標誌,Flag::flag_22,布尔,22,—,🔴 需新加（引擎 Flag）,2
域值,23,調查:(日數計數器::23)>(30),日數計數器,Time::day,数字,23,—,✅ 引擎,9
域值,23,更新:(事件標誌::23)(不成立),事件標誌,Flag::flag_23,布尔,23,—,🔴 需新加（引擎 Flag）,5
域值,24,調查:(日數計數器::24)>=(5),日數計數器,Time::day,数字,24,—,✅ 引擎,39
域值,24,更新:(事件標誌::24)(成立),事件標誌,Flag::flag_24,布尔,24,—,🔴 需新加（引擎 Flag）,17
域值,24,調查:(狀況::24)==(戰鬥結束種類::終結),狀況,Variable::last_battle_result,数字,24,—,✅ 引擎,7
域值,25,更新:(日數計數器::25)(0),日數計數器,Time::day,数字,25,—,✅ 引擎,5
域值,25,調查:(事件標誌::25)==(1),事件標誌,Flag::flag_25,布尔,25,—,🔴 需新加（引擎 Flag）,4
域值,26,調查:(日數計數器::26)>=(10),日數計數器,Time::day,数字,26,—,✅ 引擎,25
域值,26,更新:(事件標誌::26)(成立),事件標誌,Flag::flag_26,布尔,26,—,🔴 需新加（引擎 Flag）,4
域值,27,更新:(日數計數器::27)(0),日數計數器,Time::day,数字,27,—,✅ 引擎,10
域值,27,調查:(事件標誌::27)==(1),事件標誌,Flag::flag_27,布尔,27,—,🔴 需新加（引擎 Flag）,3
域值,28,更新:(日數計數器::28)(0),日數計數器,Time::day,数字,28,—,✅ 引擎,10
域值,28,調查:(事件標誌::28)!=(1),事件標誌,Flag::flag_28,布尔,28,—,🔴 需新加（引擎 Flag）,2
域值,29,更新:(日數計數器::29)(0),日數計數器,Time::day,数字,29,—,✅ 引擎,5
域值,29,調查:(事件標誌::29)!=(1),事件標誌,Flag::flag_29,布尔,29,—,🔴 需新加（引擎 Flag）,2
域值,3,調查:(事件標誌::3)!=(1),事件標誌,Flag::flag_3,布尔,3,—,🔴 需新加（引擎 Flag）,7
域值,3,更新:(日數計數器::3)(0),日數計數器,Time::day,数字,3,—,✅ 引擎,2
域值,30,調查:(日數計數器::30)>=(20),日數計數器,Time::day,数字,30,—,✅ 引擎,8
域值,30,調查:(事件標誌::30)!=(1),事件標誌,Flag::flag_30,布尔,30,—,🔴 需新加（引擎 Flag）,3
域值,31,調查:(事件標誌::31)==(0),事件標誌,Flag::flag_31,布尔,31,—,🔴 需新加（引擎 Flag）,8
域值,31,調查:(日數計數器::31)>=(20),日數計數器,Time::day,数字,31,—,✅ 引擎,2
域值,32,更新:(日數計數器::32)(0),日數計數器,Time::day,数字,32,—,✅ 引擎,7
域值,32,調查:(事件標誌::32)==(1),事件標誌,Flag::flag_32,布尔,32,—,🔴 需新加（引擎 Flag）,2
域值,33,更新:(事件標誌::33)(成立),事件標誌,Flag::flag_33,布尔,33,—,🔴 需新加（引擎 Flag）,6
域值,33,更新:(日數計數器::33)(0),日數計數器,Time::day,数字,33,—,✅ 引擎,4
域值,34,調查:(事件標誌::34)==(1),事件標誌,Flag::flag_34,布尔,34,—,🔴 需新加（引擎 Flag）,5
域值,34,更新:(日數計數器::34)(0),日數計數器,Time::day,数字,34,—,✅ 引擎,2
域值,35,調查:(事件標誌::35)!=(1),事件標誌,Flag::flag_35,布尔,35,—,🔴 需新加（引擎 Flag）,23
域值,35,調查:(日數計數器::35)<(60),日數計數器,Time::day,数字,35,—,✅ 引擎,5
域值,36,調查:(事件標誌::36)==(1),事件標誌,Flag::flag_36,布尔,36,—,🔴 需新加（引擎 Flag）,29
域值,36,更新:(日數計數器::36)(0),日數計數器,Time::day,数字,36,—,✅ 引擎,18
域值,36,調查:(狀況::36)!=(真偽::真),狀況,Variable::tk5_u19ca14,数字/布尔/对象,36,—,✅ 引擎,2
域值,37,更新:(日數計數器::37)(0),日數計數器,Time::day,数字,37,—,✅ 引擎,15
域值,37,更新:(事件標誌::37)(成立),事件標誌,Flag::flag_37,布尔,37,—,🔴 需新加（引擎 Flag）,8
域值,38,更新:(事件標誌::38)(成立),事件標誌,Flag::flag_38,布尔,38,—,🔴 需新加（引擎 Flag）,20
域值,38,更新:(日數計數器::38)(0),日數計數器,Time::day,数字,38,—,✅ 引擎,5
域值,39,更新:(日數計數器::39)(0),日數計數器,Time::day,数字,39,—,✅ 引擎,21
域值,39,調查:(事件標誌::39)==(1),事件標誌,Flag::flag_39,布尔,39,—,🔴 需新加（引擎 Flag）,5
域值,40,更新:(日數計數器::40)(0),日數計數器,Time::day,数字,40,—,✅ 引擎,4
域值,40,調查:(事件標誌::40)==(1),事件標誌,Flag::flag_40,布尔,40,—,🔴 需新加（引擎 Flag）,2
域值,41,更新:(日數計數器::41)(1048576),日數計數器,Time::day,数字,41,—,✅ 引擎,8
域值,41,調查:(事件標誌::41)==(1),事件標誌,Flag::flag_41,布尔,41,—,🔴 需新加（引擎 Flag）,5
域值,42,更新:(日數計數器::42)(0),日數計數器,Time::day,数字,42,—,✅ 引擎,6
域值,42,更新:(事件標誌::42)(成立),事件標誌,Flag::flag_42,布尔,42,—,🔴 需新加（引擎 Flag）,1
域值,43,更新:(日數計數器::43)(0),日數計數器,Time::day,数字,43,—,✅ 引擎,3
域值,43,更新:(事件標誌::43)(成立),事件標誌,Flag::flag_43,布尔,43,—,🔴 需新加（引擎 Flag）,1
域值,44,更新:(日數計數器::44)(2097152),日數計數器,Time::day,数字,44,—,✅ 引擎,28
域值,44,更新:(事件標誌::44)(不成立),事件標誌,Flag::flag_44,布尔,44,—,🔴 需新加（引擎 Flag）,3
域值,45,更新:(日數計數器::45)(0),日數計數器,Time::day,数字,45,—,✅ 引擎,12
域值,45,更新:(事件標誌::45)(不成立),事件標誌,Flag::flag_45,布尔,45,—,🔴 需新加（引擎 Flag）,5
域值,46,更新:(日數計數器::46)(3145728),日數計數器,Time::day,数字,46,—,✅ 引擎,7
域值,46,調查:(事件標誌::46)==(1),事件標誌,Flag::flag_46,布尔,46,—,🔴 需新加（引擎 Flag）,6
域值,47,調查:(日數計數器::47)>=(10),日數計數器,Time::day,数字,47,—,✅ 引擎,9
域值,47,調查:(事件標誌::47)==(1),事件標誌,Flag::flag_47,布尔,47,—,🔴 需新加（引擎 Flag）,3
域值,48,更新:(日數計數器::48)(2097152),日數計數器,Time::day,数字,48,—,✅ 引擎,3
域值,48,更新:(事件標誌::48)(不成立),事件標誌,Flag::flag_48,布尔,48,—,🔴 需新加（引擎 Flag）,3
域值,49,調查:(事件標誌::49)!=(1),事件標誌,Flag::flag_49,布尔,49,—,🔴 需新加（引擎 Flag）,8
域值,49,更新:(日數計數器::49)(0),日數計數器,Time::day,数字,49,—,✅ 引擎,2
域值,5,更新:(日數計數器::5)(0),日數計數器,Time::day,数字,5,—,✅ 引擎,55
域值,5,調查:(事件標誌::5)==(1),事件標誌,Flag::flag_5,布尔,5,—,🔴 需新加（引擎 Flag）,9
域值,50,調查:(事件標誌::50)==(0),事件標誌,Flag::flag_50,布尔,50,—,🔴 需新加（引擎 Flag）,4
域值,50,更新:(日數計數器::50)(0),日數計數器,Time::day,数字,50,—,✅ 引擎,3
域值,51,更新:(日數計數器::51)(0),日數計數器,Time::day,数字,51,—,✅ 引擎,3
域值,51,調查:(事件標誌::51)==(0),事件標誌,Flag::flag_51,布尔,51,—,🔴 需新加（引擎 Flag）,2
域值,52,調查:(事件標誌::52)==(0),事件標誌,Flag::flag_52,布尔,52,—,🔴 需新加（引擎 Flag）,4
域值,52,調查:(日數計數器::52)>=(10),日數計數器,Time::day,数字,52,—,✅ 引擎,4
域值,53,更新:(日數計數器::53)(1048576),日數計數器,Time::day,数字,53,—,✅ 引擎,11
域值,53,調查:(事件標誌::53)==(0),事件標誌,Flag::flag_53,布尔,53,—,🔴 需新加（引擎 Flag）,4
域值,54,調查:(事件標誌::54)==(0),事件標誌,Flag::flag_54,布尔,54,—,🔴 需新加（引擎 Flag）,4
域值,54,調查:(日數計數器::54)>=(40),日數計數器,Time::day,数字,54,—,✅ 引擎,3
域值,55,更新:(日數計數器::55)(0),日數計數器,Time::day,数字,55,—,✅ 引擎,200
域值,55,調查:(事件標誌::55)==(0),事件標誌,Flag::flag_55,布尔,55,—,🔴 需新加（引擎 Flag）,4
域值,56,更新:(事件標誌::56)(不成立),事件標誌,Flag::flag_56,布尔,56,—,🔴 需新加（引擎 Flag）,5
域值,56,更新:(日數計數器::56)(0),日數計數器,Time::day,数字,56,—,✅ 引擎,3
域值,57,調查:(事件標誌::57)==(1),事件標誌,Flag::flag_57,布尔,57,—,🔴 需新加（引擎 Flag）,13
域值,57,更新:(日數計數器::57)(0),日數計數器,Time::day,数字,57,—,✅ 引擎,2
域值,58,更新:(日數計數器::58)(0),日數計數器,Time::day,数字,58,—,✅ 引擎,6
域值,58,調查:(事件標誌::58)==(1),事件標誌,Flag::flag_58,布尔,58,—,🔴 需新加（引擎 Flag）,2
域值,59,調查:(日數計數器::59)>=(5),日數計數器,Time::day,数字,59,—,✅ 引擎,8
域值,59,調查:(事件標誌::59)==(1),事件標誌,Flag::flag_59,布尔,59,—,🔴 需新加（引擎 Flag）,2
域值,6,更新:(日數計數器::6)(0),日數計數器,Time::day,数字,6,—,✅ 引擎,28
域值,6,調查:(事件標誌::6)==(1),事件標誌,Flag::flag_6,布尔,6,—,🔴 需新加（引擎 Flag）,8
域值,60,調查:(事件標誌::60)!=(1),事件標誌,Flag::flag_60,布尔,60,—,🔴 需新加（引擎 Flag）,24
域值,60,更新:(日數計數器::60)(2097152),日數計數器,Time::day,数字,60,—,✅ 引擎,3
域值,61,調查:(事件標誌::61)==(1),事件標誌,Flag::flag_61,布尔,61,—,🔴 需新加（引擎 Flag）,6
域值,61,調查:(日數計數器::61)>(90),日數計數器,Time::day,数字,61,—,✅ 引擎,2
域值,62,更新:(日數計數器::62)(2097152),日數計數器,Time::day,数字,62,—,✅ 引擎,7
域值,62,更新:(事件標誌::62)(成立),事件標誌,Flag::flag_62,布尔,62,—,🔴 需新加（引擎 Flag）,4
域值,63,更新:(事件標誌::63)(成立),事件標誌,Flag::flag_63,布尔,63,—,🔴 需新加（引擎 Flag）,8
域值,63,更新:(日數計數器::63)(0),日數計數器,Time::day,数字,63,—,✅ 引擎,6
域值,64,調查:(日數計數器::64)>=(200),日數計數器,Time::day,数字,64,—,✅ 引擎,34
域值,64,更新:(事件標誌::64)(成立),事件標誌,Flag::flag_64,布尔,64,—,🔴 需新加（引擎 Flag）,6
域值,65,調查:(日數計數器::65)>=(80),日數計數器,Time::day,数字,65,—,✅ 引擎,7
域值,65,調查:(事件標誌::65)==(1),事件標誌,Flag::flag_65,布尔,65,—,🔴 需新加（引擎 Flag）,2
域值,66,更新:(事件標誌::66)(成立),事件標誌,Flag::flag_66,布尔,66,—,🔴 需新加（引擎 Flag）,8
域值,66,更新:(日數計數器::66)(0),日數計數器,Time::day,数字,66,—,✅ 引擎,3
域值,67,調查:(日數計數器::67)>=(200),日數計數器,Time::day,数字,67,—,✅ 引擎,10
域值,67,更新:(事件標誌::67)(成立),事件標誌,Flag::flag_67,布尔,67,—,🔴 需新加（引擎 Flag）,2
域值,68,更新:(日數計數器::68)(0),日數計數器,Time::day,数字,68,—,✅ 引擎,8
域值,68,調查:(事件標誌::68)==(1),事件標誌,Flag::flag_68,布尔,68,—,🔴 需新加（引擎 Flag）,5
域值,69,調查:(日數計數器::69)>=(5),日數計數器,Time::day,数字,69,—,✅ 引擎,5
域值,69,調查:(事件標誌::69)==(1),事件標誌,Flag::flag_69,布尔,69,—,🔴 需新加（引擎 Flag）,4
域值,7,更新:(日數計數器::7)(0),日數計數器,Time::day,数字,7,—,✅ 引擎,23
域值,7,調查:(事件標誌::7)==(1),事件標誌,Flag::flag_7,布尔,7,—,🔴 需新加（引擎 Flag）,16
域值,70,調查:(日數計數器::70)>=(180),日數計數器,Time::day,数字,70,—,✅ 引擎,8
域值,70,調查:(事件標誌::70)==(1),事件標誌,Flag::flag_70,布尔,70,—,🔴 需新加（引擎 Flag）,4
域值,71,更新:(事件標誌::71)(成立),事件標誌,Flag::flag_71,布尔,71,—,🔴 需新加（引擎 Flag）,8
域值,71,調查:(日數計數器::71)>=(100),日數計數器,Time::day,数字,71,—,✅ 引擎,4
域值,72,更新:(事件標誌::72)(不成立),事件標誌,Flag::flag_72,布尔,72,—,🔴 需新加（引擎 Flag）,28
域值,72,調查:(日數計數器::72)>=(60),日數計數器,Time::day,数字,72,—,✅ 引擎,10
域值,73,更新:(事件標誌::73)(成立),事件標誌,Flag::flag_73,布尔,73,—,🔴 需新加（引擎 Flag）,28
域值,73,更新:(日數計數器::73)(0),日數計數器,Time::day,数字,73,—,✅ 引擎,10
域值,74,更新:(事件標誌::74)(成立),事件標誌,Flag::flag_74,布尔,74,—,🔴 需新加（引擎 Flag）,28
域值,74,更新:(日數計數器::74)(0),日數計數器,Time::day,数字,74,—,✅ 引擎,28
域值,75,更新:(事件標誌::75)(不成立),事件標誌,Flag::flag_75,布尔,75,—,🔴 需新加（引擎 Flag）,19
域值,75,調查:(日數計數器::75)>=(10),日數計數器,Time::day,数字,75,—,✅ 引擎,3
域值,76,更新:(事件標誌::76)(不成立),事件標誌,Flag::flag_76,布尔,76,—,🔴 需新加（引擎 Flag）,18
域值,76,調查:(日數計數器::76)>=(5),日數計數器,Time::day,数字,76,—,✅ 引擎,4
域值,77,更新:(事件標誌::77)(不成立),事件標誌,Flag::flag_77,布尔,77,—,🔴 需新加（引擎 Flag）,16
域值,77,更新:(日數計數器::77)(0),日數計數器,Time::day,数字,77,—,✅ 引擎,15
域值,78,更新:(日數計數器::78)(0),日數計數器,Time::day,数字,78,—,✅ 引擎,17
域值,78,更新:(事件標誌::78)(不成立),事件標誌,Flag::flag_78,布尔,78,—,🔴 需新加（引擎 Flag）,15
域值,79,更新:(事件標誌::79)(不成立),事件標誌,Flag::flag_79,布尔,79,—,🔴 需新加（引擎 Flag）,15
域值,79,更新:(日數計數器::79)(3145728),日數計數器,Time::day,数字,79,—,✅ 引擎,6
域值,8,更新:(日數計數器::8)(90),日數計數器,Time::day,数字,8,—,✅ 引擎,32
域值,8,調查:(事件標誌::8)==(1),事件標誌,Flag::flag_8,布尔,8,—,🔴 需新加（引擎 Flag）,16
域值,8,調查:(狀況::8)==(事件主命::半兵衛勧誘),狀況,Variable::tk5_uc9f0f8,数字/布尔/对象,8,—,✅ 引擎,12
域值,80,更新:(事件標誌::80)(不成立),事件標誌,Flag::flag_80,布尔,80,—,🔴 需新加（引擎 Flag）,14
域值,80,調查:(日數計數器::80)>=(20),日數計數器,Time::day,数字,80,—,✅ 引擎,3
域值,81,更新:(事件標誌::81)(不成立),事件標誌,Flag::flag_81,布尔,81,—,🔴 需新加（引擎 Flag）,3
域值,81,更新:(日數計數器::81)(3145728),日數計數器,Time::day,数字,81,—,✅ 引擎,2
域值,82,調查:(事件標誌::82)==(0),事件標誌,Flag::flag_82,布尔,82,—,🔴 需新加（引擎 Flag）,4
域值,83,更新:(事件標誌::83)(成立),事件標誌,Flag::flag_83,布尔,83,—,🔴 需新加（引擎 Flag）,5
域值,84,更新:(事件標誌::84)(成立),事件標誌,Flag::flag_84,布尔,84,—,🔴 需新加（引擎 Flag）,5
域值,85,更新:(事件標誌::85)(成立),事件標誌,Flag::flag_85,布尔,85,—,🔴 需新加（引擎 Flag）,2
域值,86,更新:(事件標誌::86)(不成立),事件標誌,Flag::flag_86,布尔,86,—,🔴 需新加（引擎 Flag）,4
域值,87,更新:(事件標誌::87)(不成立),事件標誌,Flag::flag_87,布尔,87,—,🔴 需新加（引擎 Flag）,5
域值,88,更新:(事件標誌::88)(成立),事件標誌,Flag::flag_88,布尔,88,—,🔴 需新加（引擎 Flag）,5
域值,89,更新:(日數計數器::89)(0),日數計數器,Time::day,数字,89,—,✅ 引擎,13
域值,89,更新:(事件標誌::89)(成立),事件標誌,Flag::flag_89,布尔,89,—,🔴 需新加（引擎 Flag）,5
域值,9,更新:(事件標誌::9)(成立),事件標誌,Flag::flag_9,布尔,9,—,🔴 需新加（引擎 Flag）,8
域值,9,調查:(日數計數器::9)>=(1800),日數計數器,Time::day,数字,9,—,✅ 引擎,2
域值,90,調查:(事件標誌::90)==(1),事件標誌,Flag::flag_90,布尔,90,—,🔴 需新加（引擎 Flag）,6
域值,90,更新:(日數計數器::90)(0),日數計數器,Time::day,数字,90,—,✅ 引擎,3
域值,91,調查:(事件標誌::91)==(0),事件標誌,Flag::flag_91,布尔,91,—,🔴 需新加（引擎 Flag）,4
域值,92,更新:(日數計數器::92)(0),日數計數器,Time::day,数字,92,—,✅ 引擎,4
域值,92,調查:(事件標誌::92)==(1),事件標誌,Flag::flag_92,布尔,92,—,🔴 需新加（引擎 Flag）,2
域值,93,更新:(日數計數器::93)(0),日數計數器,Time::day,数字,93,—,✅ 引擎,4
域值,93,調查:(事件標誌::93)==(1),事件標誌,Flag::flag_93,布尔,93,—,🔴 需新加（引擎 Flag）,2
域值,94,調查:(日數計數器::94)>=(360),日數計數器,Time::day,数字,94,—,✅ 引擎,2
域值,94,調查:(事件標誌::94)==(1),事件標誌,Flag::flag_94,布尔,94,—,🔴 需新加（引擎 Flag）,2
域值,95,調查:(事件標誌::95)!=(1),事件標誌,Flag::flag_95,布尔,95,—,🔴 需新加（引擎 Flag）,159
域值,95,更新:(日數計數器::95)(0),日數計數器,Time::day,数字,95,—,✅ 引擎,11
域值,96,調查:(事件標誌::96)==(1),事件標誌,Flag::flag_96,布尔,96,—,🔴 需新加（引擎 Flag）,61
域值,96,調查:(日數計數器::96)>=(180),日數計數器,Time::day,数字,96,—,✅ 引擎,7
域值,97,調查:(事件標誌::97)==(1),事件標誌,Flag::flag_97,布尔,97,—,🔴 需新加（引擎 Flag）,42
域值,98,調查:(事件標誌::98)==(1),事件標誌,Flag::flag_98,布尔,98,—,🔴 需新加（引擎 Flag）,6
域值,99,調查:(事件標誌::99)==(0),事件標誌,Flag::flag_99,布尔,99,—,🔴 需新加（引擎 Flag）,14
域值,上忍,調查:(人物::主人公.身份)==(身份::上忍),身份,ninja_high,枚举（带序：17 身份链）,上忍,—,🔴 需新加（17 身份系统）,35
域值,下忍,調查:(人物::主人公.身份)==(身份::下忍),身份,ninja_low,枚举（带序：17 身份链）,下忍,—,🔴 需新加（17 身份系统）,25
域值,中忍,調查:(人物::主人公.身份)==(身份::中忍),身份,ninja_mid,枚举（带序：17 身份链）,中忍,—,🔴 需新加（17 身份系统）,28
域值,主人公茶室,調查:(場面::發生設施)==(場面::主人公茶室),場面,Facility::tk5_u081b71,对象:设施,主人公茶室,—,✅ 引擎,2
域值,主人公診療所,調查:(場面::發生設施)==(場面::主人公診療所),場面,Facility::tk5_u7edfb3,对象:设施,主人公診療所,—,✅ 引擎,2
域值,主人公軍團,調查:(軍團::軍團１)==(軍團::主人公軍團),軍團,Army::main_army,对象:部队,主人公軍團,—,🔴 需新加（02 PartyBrain）,178
域值,主人公道場,調查:(場面::發生設施)==(場面::主人公道場),場面,Facility::tk5_udf3594,对象:设施,主人公道場,—,✅ 引擎,2
域值,主人公鍛冶屋,調查:(場面::發生設施)==(場面::主人公鍛冶屋),場面,Facility::tk5_ue023d9,对象:设施,主人公鍛冶屋,—,✅ 引擎,2
域值,事件人物,調查:(人物::人物Ｂ.類別)==(人物類別::事件人物),人物類別,event_person,枚举,事件人物,—,🔴 需新加（枚举）,2
域值,事件用１軍團,調查:(軍團::軍團２)==(軍團::事件用１軍團),軍團,Army::event_army_1,对象:部队,事件用１軍團,—,🔴 需新加（02 PartyBrain）,67
域值,事件用２軍團,調查:(軍團::軍團１)==(軍團::事件用２軍團),軍團,Army::tk5_u4142ad,对象:部队,事件用２軍團,—,🔴 需新加（02 PartyBrain）,28
域值,事件用３軍團,調查:(軍團::軍團２)==(軍團::事件用３軍團),軍團,Army::tk5_uf92d44,对象:部队,事件用３軍團,—,🔴 需新加（02 PartyBrain）,28
域值,事件用４軍團,調查:(軍團::軍團１)==(軍團::事件用４軍團),軍團,Army::tk5_u5bfdd7,对象:部队,事件用４軍團,—,🔴 需新加（02 PartyBrain）,1
域值,侍大將,調查:(人物::主人公.身份)==(身份::侍大將),身份,samurai_captain,枚举（带序：17 身份链）,侍大將,—,🔴 需新加（17 身份系统）,49
域值,偽,更新:(人物::柳生石舟齋.卡持有(卡::無刀取))(真偽::偽),真偽,false,布尔,偽,—,✅ 引擎,677
域值,元締,場合分歧:(身份::元締){//size=196(c4),身份,overseer,枚举（带序：17 身份链）,元締,—,🔴 需新加（17 身份系统）,50
域值,劇本,調查:(狀況::劇本)==(2),狀況,Variable::scenario,数字,劇本,—,✅ 引擎,553
域值,參考值,調查:(變量::參考值)>=(80),變量,Variable::tk5_ufe3233,数字/字符串/对象,參考值,—,✅ 引擎,45
域值,國主,調查:(人物::主人公.身份)==(身份::國主),身份,province_lord,枚举（带序：17 身份链）,國主,—,🔴 需新加（17 身份系统）,230
域值,城主,調查:(人物::主人公.身份)==(身份::城主),身份,city_lord,枚举（带序：17 身份链）,城主,—,🔴 需新加（17 身份系统）,388
域值,城主間,調查:(場面::發生設施)==(場面::城主間),場面,Facility::lord_room,对象:设施,城主間,—,✅ 引擎,1
域值,場面,調查:(狀況::場面)==(場面::自宅),狀況,Variable::scene,对象:设施,場面,—,✅ 引擎,11
域值,大名,調查:(人物::主人公.身份)==(身份::大名),身份,daimyo,枚举（带序：17 身份链）,大名,—,🔴 需新加（17 身份系统）,426
域值,大老闆,場合分歧:(身份::大老闆){//size=432(1b0),身份,merchant_owner,枚举（带序：17 身份链）,大老闆,—,🔴 需新加（17 身份系统）,63
域值,大阪之陣別動隊,更新:(儲存號::大阪之陣別動隊)(人物Ｅ),儲存號,Variable::tk5_u3c7cf5,数字/字符串/对象,大阪之陣別動隊,—,✅ 引擎,7
域值,天氣,更新:(狀況::天氣)(天氣::雲),狀況,Variable::tk5_uac276f,枚举,天氣,—,✅ 引擎,47
域值,妻愛情值,調查:(儲存號::妻愛情值)<=(45),儲存號,Variable::tk5_u2ef40e,数字/字符串/对象,妻愛情值,—,✅ 引擎,83
域值,姑娘,更新:(人物::人物Ｂ.身份)(身份::姑娘),身份,girl,枚举（带序：17 身份链）,姑娘,—,🔴 需新加（17 身份系统）,3
域值,家老,調查:(人物::主人公.身份)==(身份::家老),身份,elder,枚举（带序：17 身份链）,家老,—,🔴 需新加（17 身份系统）,132
域值,容器記錄數,調查:(變量::容器記錄數)>(0),變量,Variable::tk5_u3e8e81,数字/字符串/对象,容器記錄數,—,✅ 引擎,465
域值,師範,更新:(人物::柳生石舟齋.身份)(身份::師範),身份,sword_master,枚举（带序：17 身份链）,師範,—,🔴 需新加（17 身份系统）,77
域值,師範代,更新:(人物::小野善鬼.身份)(身份::師範代),身份,sword_deputy,枚举（带序：17 身份链）,師範代,—,🔴 需新加（17 身份系统）,12
域值,年,調查:(狀況::年)>=(1598),狀況,Time::year,数字,年,—,✅ 引擎,603
域值,從屬經驗大名,更新:(儲存號::從屬經驗大名)(人物Ｂ),儲存號,Variable::tk5_ud0f732,数字/字符串/对象,從屬經驗大名,—,✅ 引擎,6
域值,忍屋敷,調查:(場面::發生設施)==(場面::忍屋敷),場面,Facility::tk5_u36d2cc,对象:设施,忍屋敷,—,✅ 引擎,1
域值,忍者宅,調查:(場面::發生設施)==(場面::忍者宅),場面,Facility::tk5_ua1196e,对象:设施,忍者宅,—,✅ 引擎,2
域值,戰爭禁止日數,更新:(狀況::戰爭禁止日數)(90),狀況,Variable::war_ban_days,数字,戰爭禁止日數,—,✅ 引擎,211
域值,手代,調查:(人物::主人公.身份)==(身份::手代),身份,clerk,枚举（带序：17 身份链）,手代,—,🔴 需新加（17 身份系统）,29
域值,據點內畫面,調查:(狀況::場面)==(場面::據點內畫面),場面,Facility::tk5_ue4b242,对象:设施,據點內畫面,—,✅ 引擎,1
域值,支配人,場合分歧:(身份::支配人){//size=172(ac),身份,manager,枚举（带序：17 身份链）,支配人,—,🔴 需新加（17 身份系统）,28
域值,日,調查:(狀況::日)>(20),狀況,Time::day,数字,日,—,✅ 引擎,65
域值,晴,更新:(狀況::天氣)(天氣::晴),天氣,weather_clear,枚举,晴,—,✅ 引擎,16
域值,月,調查:(狀況::月)>=(10),狀況,Time::month,数字,月,—,✅ 引擎,287
域值,本能寺呼寄武将,代入人物Ｂ:(儲存號::本能寺呼寄武将),儲存號,Variable::tk5_udc70b1,数字/字符串/对象,本能寺呼寄武将,—,✅ 引擎,7
域值,武器,調查:(物品::物品Ａ.物品類型)==(物品類型::武器),物品類型,ItemType::tk5_u44a3d9,枚举,武器,—,✅ 引擎,2
域值,武家宅,調查:(場面::發生設施)==(場面::武家宅),場面,Facility::tk5_u617435,对象:设施,武家宅,—,✅ 引擎,1
域值,武將,調查:(人物::人物Ｂ.類別)==(人物類別::武將),人物類別,general,枚举,武將,—,🔴 需新加（枚举）,4
域值,歸還,調查:(軍團::主人公軍團.8)==(軍團方針::歸還),軍團方針,intent_tk5_u6f8443,枚举,歸還,—,✅ 引擎,19
域值,民家,調查:(場面::發生設施)==(場面::民家),場面,Facility::tk5_u380204,对象:设施,民家,—,✅ 引擎,1
域值,水夫,調查:(人物::主人公.身份)==(身份::水夫),身份,sailor,枚举（带序：17 身份链）,水夫,—,🔴 需新加（17 身份系统）,23
域值,水夫頭,調查:(人物::主人公.身份)==(身份::水夫頭),身份,boat_leader,枚举（带序：17 身份链）,水夫頭,—,🔴 需新加（17 身份系统）,27
域值,水攻的城,調查:(儲存號::水攻的城)==(據點::據點Ｃ),儲存號,Variable::tk5_ubac0ff,数字/字符串/对象,水攻的城,—,✅ 引擎,4
域值,泛用對手,調查:(人物::人物Ａ.類別)!=(人物類別::泛用對手),人物類別,generic_rival,枚举,泛用對手,—,🔴 需新加（枚举）,5
域值,浪人,調查:(人物::主人公.身份)==(身份::浪人),身份,ronin,枚举（带序：17 身份链）,浪人,—,🔴 需新加（17 身份系统）,246
域值,海賊宅,調查:(場面::發生設施)==(場面::海賊宅),場面,Facility::pirate_den,对象:设施,海賊宅,—,✅ 引擎,3
域值,海賊屋敷,調查:(場面::發生設施)==(場面::海賊屋敷),場面,Facility::tk5_udfd835,对象:设施,海賊屋敷,—,✅ 引擎,1
域值,無效,調查:(人物::主人公.承擔主命)!=(主命::無效),主命,null,枚举,無效,—,✅ 引擎,2
域值,町人,調查:(人物::人物Ｂ.類別)==(人物類別::町人),人物類別,townsman,枚举,町人,—,🔴 需新加（枚举）,2
域值,番頭,調查:(人物::主人公.身份)==(身份::番頭),身份,foreman,枚举（带序：17 身份链）,番頭,—,🔴 需新加（17 身份系统）,29
域值,發生設施,調查:(場面::發生設施)==(場面::海賊宅),場面,Facility::event_facility,对象:设施,發生設施,—,✅ 引擎,16
域值,真,更新:(人物::豐臣秀吉.卡持有(卡::千成瓢箪))(真偽::真),真偽,true,布尔,真,—,✅ 引擎,709
域值,空閒大名家數,調查:(狀況::空閒大名家數)>=(1),狀況,Variable::idle_clans,数字,空閒大名家數,—,✅ 引擎,40
域值,終結,調查:(狀況::24)==(戰鬥結束種類::終結),戰鬥結束種類,ended,枚举,終結,—,🔴 需新加（03 战果）,7
域值,自宅,調查:(狀況::場面)==(場面::自宅),場面,Facility::home,对象:设施,自宅,—,✅ 引擎,8
域值,船大將,調查:(人物::主人公.身份)==(身份::船大將),身份,naval_captain,枚举（带序：17 身份链）,船大將,—,🔴 需新加（17 身份系统）,38
域值,船頭,調查:(人物::主人公.身份)==(身份::船頭),身份,boatswain,枚举（带序：17 身份链）,船頭,—,🔴 需新加（17 身份系统）,40
域值,芝濱妻,調查:(人物::主人公.妻)==(儲存號::芝濱妻),儲存號,Variable::tk5_u203440,数字/字符串/对象,芝濱妻,—,✅ 引擎,2
域值,茶人,調查:(人物::主人公.身份)==(身份::茶人),身份,tea_master,枚举（带序：17 身份链）,茶人,—,🔴 需新加（17 身份系统）,23
域值,茶器,調查:(物品::物品Ａ.物品類型)==(物品類型::茶器),物品類型,ItemType::tk5_u792485,枚举,茶器,—,✅ 引擎,1
域值,見習,調查:(人物::主人公.身份)==(身份::見習),身份,apprentice,枚举（带序：17 身份链）,見習,—,🔴 需新加（17 身份系统）,17
域值,評定期間標誌,調查:(狀況::評定期間標誌)==(真偽::偽),狀況,Time::assessment_flag,布尔,評定期間標誌,—,✅ 引擎,43
域值,評定期限結束標誌,調查:(狀況::評定期限結束標誌)==(真偽::偽),狀況,Variable::tk5_u59963a,布尔,評定期限結束標誌,—,✅ 引擎,9
域值,謀反事件用人物,更新:(儲存號::謀反事件用人物)(人物Ａ),儲存號,Variable::tk5_u58338b,数字/字符串/对象,謀反事件用人物,—,✅ 引擎,2
域值,足輕大將,調查:(人物::主人公.身份)==(身份::足輕大將),身份,ashigaru_captain,枚举（带序：17 身份链）,足輕大將,—,🔴 需新加（17 身份系统）,48
域值,足輕組頭,調查:(人物::主人公.身份)==(身份::足輕組頭),身份,ashigaru_leader,枚举（带序：17 身份链）,足輕組頭,—,🔴 需新加（17 身份系统）,39
域值,軍團１,調查:(軍團::軍團１)==(軍團::主人公軍團),軍團,Army::army_1,对象:部队,軍團１,—,🔴 需新加（02 PartyBrain）,226
域值,軍團２,調查:(軍團::軍團２)==(軍團::事件用１軍團),軍團,Army::army_2,对象:部队,軍團２,—,🔴 需新加（02 PartyBrain）,92
域值,軍團Ａ,調查:(軍團::軍團Ａ)==(軍團::主人公軍團),軍團,Army::tk5_ud9732f,对象:部队,軍團Ａ,—,🔴 需新加（02 PartyBrain）,9
域值,遊戲經過日數,調查:(狀況::遊戲經過日數)>=(360),狀況,Variable::tk5_u37122e,数字,遊戲經過日數,—,✅ 引擎,42
域值,部將,調查:(人物::主人公.身份)==(身份::部將),身份,general,枚举（带序：17 身份链）,部將,—,🔴 需新加（17 身份系统）,86
域值,醫師,調查:(人物::主人公.身份)==(身份::醫師),身份,doctor,枚举（带序：17 身份链）,醫師,—,🔴 需新加（17 身份系统）,23
域值,鍛冶匠,調查:(人物::主人公.身份)==(身份::鍛冶匠),身份,smith,枚举（带序：17 身份链）,鍛冶匠,—,🔴 需新加（17 身份系统）,23
域值,雨,更新:(狀況::天氣)(天氣::雨),天氣,weather_rain,枚举,雨,—,✅ 引擎,10
域值,雲,更新:(狀況::天氣)(天氣::雲),天氣,weather_cloudy,枚举,雲,—,✅ 引擎,20
域值,頭,場合分歧:(身份::頭){//size=348(15c),身份,chief,枚举（带序：17 身份链）,頭,—,🔴 需新加（17 身份系统）,62
域值,頭領,調查:(人物::主人公.身份)==(身份::頭領),身份,chief,枚举（带序：17 身份链）,頭領,—,🔴 需新加（17 身份系统）,58
域值,Ｒｎｄ,代入ｒ:(變量::Ｒｎｄ)%(11),變量,Variable::Rnd,数字/字符串/对象,Ｒｎｄ,—,✅ 引擎,11
域值,Ｒｎｄ１００,調查:(變量::Ｒｎｄ１００)<=(40),變量,Variable::Rnd100,数字/字符串/对象,Ｒｎｄ１００,—,✅ 引擎,63
域值,ａ,調查:(變量::ａ)==(0),變量,Variable::a,数字/字符串/对象,ａ,—,✅ 引擎,424
域值,ｂ,調查:(變量::ｂ)>(0),變量,Variable::b,数字/字符串/对象,ｂ,—,✅ 引擎,215
域值,ｃ,代入ｃ:(變量::ｃ)*(10),變量,Variable::c,数字/字符串/对象,ｃ,—,✅ 引擎,153
域值,ｄ,代入ｄ:(變量::ｄ)-(1496),變量,Variable::d,数字/字符串/对象,ｄ,—,✅ 引擎,153
域值,ｅ,調查:(變量::ｅ)==(0),變量,Variable::e,数字/字符串/对象,ｅ,—,✅ 引擎,54
域值,ｆ,調查:(變量::ｆ)==(1),變量,Variable::f,数字/字符串/对象,ｆ,—,✅ 引擎,25
域值,ｇ,代入ａ:(變量::ａ)+(變量::ｇ),變量,Variable::g,数字/字符串/对象,ｇ,—,✅ 引擎,37
域值,ｈ,代入ａ:(變量::ａ)+(變量::ｈ),變量,Variable::h,数字/字符串/对象,ｈ,—,✅ 引擎,36
域值,ｉ,代入ａ:(變量::ａ)+(變量::ｉ),變量,Variable::i,数字/字符串/对象,ｉ,—,✅ 引擎,45
域值,ｊ,代入ａ:(變量::ａ)+(變量::ｊ),變量,Variable::j,数字/字符串/对象,ｊ,—,✅ 引擎,6
域值,ｋ,代入ａ:(變量::ａ)+(變量::ｋ),變量,Variable::k,数字/字符串/对象,ｋ,—,✅ 引擎,8
域值,ｌ,調查:(變量::ｍ)>(變量::ｌ),變量,Variable::l,数字/字符串/对象,ｌ,—,✅ 引擎,6
域值,ｍ,調查:(變量::ｍ)>=(10000),變量,Variable::m,数字/字符串/对象,ｍ,—,✅ 引擎,27
域值,ｎ,調查:(變量::ｎ)==(0),變量,Variable::n,数字/字符串/对象,ｎ,—,✅ 引擎,15
域值,ｏ,調查:(變量::ｏ)<=(3),變量,Variable::o,数字/字符串/对象,ｏ,—,✅ 引擎,17
域值,ｐ,調查:(變量::ｐ)==(1),變量,Variable::p,数字/字符串/对象,ｐ,—,✅ 引擎,15
域值,ｒ,代入ａ:(變量::ｄ)-(變量::ｒ),變量,Variable::r,数字/字符串/对象,ｒ,—,✅ 引擎,41
域值,ｔ,調查:(變量::ｔ)<(100),變量,Variable::t,数字/字符串/对象,ｔ,—,✅ 引擎,142
域值,ｕ,調查:(變量::ｕ)==(1),變量,Variable::u,数字/字符串/对象,ｕ,—,✅ 引擎,8
域值,ｖ,調查:(變量::ｖ)==(0),變量,Variable::v,数字/字符串/对象,ｖ,—,✅ 引擎,3
域值,ｗ,調查:(變量::ｗ)==(1),變量,Variable::w,数字/字符串/对象,ｗ,—,✅ 引擎,21
域值,ｘ,調查:(變量::ｘ)==(1),變量,Variable::x,数字/字符串/对象,ｘ,—,✅ 引擎,20
域值,ｙ,調查:(變量::ｙ)==(0),變量,Variable::y,数字/字符串/对象,ｙ,—,✅ 引擎,16
域值,ｚ,調查:(變量::ｚ)==(1),變量,Variable::z,数字/字符串/对象,ｚ,—,✅ 引擎,34
命令,下個場面,下個場面:(評定間),—,05 场景切换,—,场景切换,—,05 场景切换,30
命令,主命作成,"主命作成:(織田信長,柴田勝家,攻略地方（武士）,255,1549664256)",—,create_order,—,主命作成,orderId,13,56
命令,事件主命作成,"事件主命作成:(織田信長,主人公,316,20119552)[[半兵衛?誘]]",—,13 事件主命,—,事件主命,—,13 事件主命（QuestDef）,9
命令,事件主命變更,事件主命變更:(事件主命成果)[[勸誘成功]],—,13 事件主命,—,事件主命,—,13 事件主命（QuestDef）,32
命令,人物登用,"人物登用:(人物Ａ,直臣,主人公)",—,spawn_hero,—,造角色,"actor, clan",06,739
命令,人物解雇,"人物解雇:(主人公,發生據點,已出現)",—,fire_hero,—,解雇,actor,06,874
命令,他歧,"他歧:(0){//size=0(0), expected=280",—,🔴 解析碎片,—,解析碎片,—,🔴 解析碎片（忽略）,1
命令,代入主命目標海域,代入主命目標海域:(人物::主人公.主命目標),—,Ctx/Variable/GlobalSlot,对象:任务,代入槽赋值,—,Ctx / Variable / GlobalSlot 三档,1
命令,代入主命目標銷路,代入主命目標銷路:(人物::主人公.主命目標),—,Ctx/Variable/GlobalSlot,对象:任务,代入槽赋值,—,Ctx / Variable / GlobalSlot 三档,4
命令,代入交易品Ａ,代入交易品Ａ:(交易品::蜜柑),—,Ctx/Variable/GlobalSlot,对象:物品,代入槽赋值,—,Ctx / Variable / GlobalSlot 三档,4
命令,代入人物Ａ,代入人物Ａ:(人物::本多正信),—,Ctx/Variable/GlobalSlot,对象:人物,代入槽赋值,—,Ctx / Variable / GlobalSlot 三档,944
命令,代入人物Ｂ,代入人物Ｂ:(海賊衆::熊野水軍.當主),—,Ctx/Variable/GlobalSlot,对象:人物,代入槽赋值,—,Ctx / Variable / GlobalSlot 三档,1584
命令,代入人物Ｃ,代入人物Ｃ:(大名家::大名家Ｃ.當主),—,Ctx/Variable/GlobalSlot,对象:人物,代入槽赋值,—,Ctx / Variable / GlobalSlot 三档,1592
命令,代入人物Ｄ,代入人物Ｄ:(商家::商家Ａ.當主),—,Ctx/Variable/GlobalSlot,对象:人物,代入槽赋值,—,Ctx / Variable / GlobalSlot 三档,510
命令,代入人物Ｅ,代入人物Ｅ:(人物::主人公當主),—,Ctx/Variable/GlobalSlot,对象:人物,代入槽赋值,—,Ctx / Variable / GlobalSlot 三档,148
命令,代入勢力Ａ,代入勢力Ａ:(人物::毛利輝元.所屬勢力),—,Ctx/Variable/GlobalSlot,对象:王国,代入槽赋值,—,Ctx / Variable / GlobalSlot 三档,60
命令,代入勢力Ｂ,代入勢力Ｂ:(人物::主人公.所屬勢力),—,Ctx/Variable/GlobalSlot,对象:王国,代入槽赋值,—,Ctx / Variable / GlobalSlot 三档,18
命令,代入勢力Ｃ,代入勢力Ｃ:(人物::今川義元.所屬勢力),—,Ctx/Variable/GlobalSlot,对象:王国,代入槽赋值,—,Ctx / Variable / GlobalSlot 三档,3
命令,代入卡Ａ,代入卡Ａ:(卡::松島)+(變量::ｉ),—,Ctx/Variable/GlobalSlot,对象:卡,代入槽赋值,—,Ctx / Variable / GlobalSlot 三档,6
命令,代入商家Ａ,代入商家Ａ:(人物::主人公.所屬商家),—,Ctx/Variable/GlobalSlot,对象:组织,代入槽赋值,—,Ctx / Variable / GlobalSlot 三档,47
命令,代入商家Ｂ,代入商家Ｂ:(人物::主人公.所屬商家),—,Ctx/Variable/GlobalSlot,对象:组织,代入槽赋值,—,Ctx / Variable / GlobalSlot 三档,6
命令,代入國Ａ,代入國Ａ:(據點::據點Ａ.所屬國),—,Ctx/Variable/GlobalSlot,对象:区域,代入槽赋值,—,Ctx / Variable / GlobalSlot 三档,34
命令,代入國Ｂ,代入國Ｂ:(人物::主人公.主命目標),—,Ctx/Variable/GlobalSlot,对象:区域,代入槽赋值,—,Ctx / Variable / GlobalSlot 三档,5
命令,代入國Ｃ,代入國Ｃ:(城::城Ｃ.所屬國),—,Ctx/Variable/GlobalSlot,对象:区域,代入槽赋值,—,Ctx / Variable / GlobalSlot 三档,8
命令,代入國Ｄ,代入國Ｄ:(城::城Ｃ.所屬國),—,Ctx/Variable/GlobalSlot,对象:区域,代入槽赋值,—,Ctx / Variable / GlobalSlot 三档,1
命令,代入地方Ａ,代入地方Ａ:(據點::據點Ａ.所在地方),—,Ctx/Variable/GlobalSlot,对象:区域,代入槽赋值,—,Ctx / Variable / GlobalSlot 三档,34
命令,代入地方Ｂ,代入地方Ｂ:(據點::據點Ｂ.所在地方),—,Ctx/Variable/GlobalSlot,对象:区域,代入槽赋值,—,Ctx / Variable / GlobalSlot 三档,34
命令,代入城Ａ,代入城Ａ:(大名家::大名家Ａ.本城),—,Ctx/Variable/GlobalSlot,对象:据点,代入槽赋值,—,Ctx / Variable / GlobalSlot 三档,773
命令,代入城Ｂ,代入城Ｂ:(人物::福島正則.所屬據點),—,Ctx/Variable/GlobalSlot,对象:据点,代入槽赋值,—,Ctx / Variable / GlobalSlot 三档,794
命令,代入城Ｃ,代入城Ｃ:(人物::主人公.所屬據點),—,Ctx/Variable/GlobalSlot,对象:据点,代入槽赋值,—,Ctx / Variable / GlobalSlot 三档,439
命令,代入城Ｄ,代入城Ｄ:(人物::人物Ｄ.所屬據點),—,Ctx/Variable/GlobalSlot,对象:据点,代入槽赋值,—,Ctx / Variable / GlobalSlot 三档,234
命令,代入城Ｅ,代入城Ｅ:(城::忍),—,Ctx/Variable/GlobalSlot,对象:据点,代入槽赋值,—,Ctx / Variable / GlobalSlot 三档,305
命令,代入大名家Ａ,代入大名家Ａ:(大名家::伊達晴宗),—,Ctx/Variable/GlobalSlot,对象:家族,代入槽赋值,—,Ctx / Variable / GlobalSlot 三档,1326
命令,代入大名家Ｂ,代入大名家Ｂ:(人物::主人公.所屬大名家),—,Ctx/Variable/GlobalSlot,对象:家族,代入槽赋值,—,Ctx / Variable / GlobalSlot 三档,1939
命令,代入大名家Ｃ,代入大名家Ｃ:(人物::主人公.所屬大名家),—,Ctx/Variable/GlobalSlot,对象:家族,代入槽赋值,—,Ctx / Variable / GlobalSlot 三档,1748
命令,代入大名家Ｄ,代入大名家Ｄ:(人物::人物Ｄ.所屬大名家),—,Ctx/Variable/GlobalSlot,对象:家族,代入槽赋值,—,Ctx / Variable / GlobalSlot 三档,311
命令,代入大名家Ｅ,代入大名家Ｅ:(大名家::朝倉義景),—,Ctx/Variable/GlobalSlot,对象:家族,代入槽赋值,—,Ctx / Variable / GlobalSlot 三档,71
命令,代入忍者衆Ａ,代入忍者衆Ａ:(人物::主人公.所屬忍者衆),—,Ctx/Variable/GlobalSlot,对象:组织,代入槽赋值,—,Ctx / Variable / GlobalSlot 三档,120
命令,代入忍者衆Ｂ,代入忍者衆Ｂ:(人物::人物Ｃ.所屬忍者衆),—,Ctx/Variable/GlobalSlot,对象:组织,代入槽赋值,—,Ctx / Variable / GlobalSlot 三档,32
命令,代入忍者衆Ｃ,代入忍者衆Ｃ:(忍者衆::外聞衆),—,Ctx/Variable/GlobalSlot,对象:组织,代入槽赋值,—,Ctx / Variable / GlobalSlot 三档,8
命令,代入據點Ａ,代入據點Ａ:(人物::主人公.所屬據點),—,Ctx/Variable/GlobalSlot,对象:据点,代入槽赋值,—,Ctx / Variable / GlobalSlot 三档,408
命令,代入據點Ｂ,代入據點Ｂ:(勢力::勢力Ｂ.本據),—,Ctx/Variable/GlobalSlot,对象:据点,代入槽赋值,—,Ctx / Variable / GlobalSlot 三档,402
命令,代入據點Ｃ,代入據點Ｃ:(人物::主人公.所屬據點),—,Ctx/Variable/GlobalSlot,对象:据点,代入槽赋值,—,Ctx / Variable / GlobalSlot 三档,109
命令,代入據點Ｄ,代入據點Ｄ:(大名家::大名家Ｄ.本城),—,Ctx/Variable/GlobalSlot,对象:据点,代入槽赋值,—,Ctx / Variable / GlobalSlot 三档,76
命令,代入據點Ｅ,代入據點Ｅ:(人物::人物Ｅ.所屬據點),—,Ctx/Variable/GlobalSlot,对象:据点,代入槽赋值,—,Ctx / Variable / GlobalSlot 三档,54
命令,代入流派Ａ,代入流派Ａ:(流派::主人公流派),—,Ctx/Variable/GlobalSlot,对象:流派,代入槽赋值,—,Ctx / Variable / GlobalSlot 三档,9
命令,代入流派Ｅ,代入流派Ｅ:(人物::主人公.劍術流派),—,Ctx/Variable/GlobalSlot,对象:流派,代入槽赋值,—,Ctx / Variable / GlobalSlot 三档,1
命令,代入海賊衆Ａ,代入海賊衆Ａ:(人物::主人公.所屬海賊衆),—,Ctx/Variable/GlobalSlot,对象:组织,代入槽赋值,—,Ctx / Variable / GlobalSlot 三档,122
命令,代入海賊衆Ｂ,代入海賊衆Ｂ:(人物::人物Ｃ.所屬海賊衆),—,Ctx/Variable/GlobalSlot,对象:组织,代入槽赋值,—,Ctx / Variable / GlobalSlot 三档,50
命令,代入海賊衆Ｃ,代入海賊衆Ｃ:(海賊衆::村上水軍),—,Ctx/Variable/GlobalSlot,对象:组织,代入槽赋值,—,Ctx / Variable / GlobalSlot 三档,37
命令,代入海賊衆Ｄ,代入海賊衆Ｄ:(海賊衆::村上水軍),—,Ctx/Variable/GlobalSlot,对象:组织,代入槽赋值,—,Ctx / Variable / GlobalSlot 三档,3
命令,代入物品Ａ,代入物品Ａ:(物品::朝鮮唐津),—,Ctx/Variable/GlobalSlot,对象:物品,代入槽赋值,—,Ctx / Variable / GlobalSlot 三档,34
命令,代入物品Ｂ,代入物品Ｂ:(物品::松風),—,Ctx/Variable/GlobalSlot,对象:物品,代入槽赋值,—,Ctx / Variable / GlobalSlot 三档,6
命令,代入町Ａ,代入町Ａ:(人物::主人公.所屬據點),—,Ctx/Variable/GlobalSlot,对象:据点,代入槽赋值,—,Ctx / Variable / GlobalSlot 三档,44
命令,代入町Ｂ,代入町Ｂ:(町::井之口),—,Ctx/Variable/GlobalSlot,对象:据点,代入槽赋值,—,Ctx / Variable / GlobalSlot 三档,4
命令,代入町Ｃ,代入町Ｃ:(町::石山),—,Ctx/Variable/GlobalSlot,对象:据点,代入槽赋值,—,Ctx / Variable / GlobalSlot 三档,4
命令,代入砦Ａ,代入砦Ａ:(人物::主人公.所屬據點),—,Ctx/Variable/GlobalSlot,对象:据点,代入槽赋值,—,Ctx / Variable / GlobalSlot 三档,57
命令,代入砦Ｂ,代入砦Ｂ:(人物::村上武吉.所屬據點),—,Ctx/Variable/GlobalSlot,对象:据点,代入槽赋值,—,Ctx / Variable / GlobalSlot 三档,12
命令,代入砦Ｃ,代入砦Ｃ:(海賊衆::海賊衆Ｃ.本據),—,Ctx/Variable/GlobalSlot,对象:据点,代入槽赋值,—,Ctx / Variable / GlobalSlot 三档,25
命令,代入砦Ｅ,代入砦Ｅ:(據點::發生據點),—,Ctx/Variable/GlobalSlot,对象:据点,代入槽赋值,—,Ctx / Variable / GlobalSlot 三档,1
命令,代入軍團Ａ,代入軍團Ａ:(軍團::軍團１),—,Ctx/Variable/GlobalSlot,对象:部队,代入槽赋值,—,Ctx / Variable / GlobalSlot 三档,19
命令,代入軍團Ｂ,代入軍團Ｂ:(軍團::軍團２),—,Ctx/Variable/GlobalSlot,对象:部队,代入槽赋值,—,Ctx / Variable / GlobalSlot 三档,12
命令,代入里Ａ,代入里Ａ:(忍者衆::忍者衆Ａ.本據),—,Ctx/Variable/GlobalSlot,对象:据点,代入槽赋值,—,Ctx / Variable / GlobalSlot 三档,42
命令,代入里Ｂ,代入里Ｂ:(人物::主人公.所屬據點),—,Ctx/Variable/GlobalSlot,对象:据点,代入槽赋值,—,Ctx / Variable / GlobalSlot 三档,4
命令,代入里Ｃ,代入里Ｃ:(忍者衆::伊賀衆.本據),—,Ctx/Variable/GlobalSlot,对象:据点,代入槽赋值,—,Ctx / Variable / GlobalSlot 三档,2
命令,代入里Ｅ,代入里Ｅ:(據點::發生據點),—,Ctx/Variable/GlobalSlot,对象:据点,代入槽赋值,—,Ctx / Variable / GlobalSlot 三档,1
命令,代入ａ,代入ａ:(狀況::年)-(1541),—,Ctx/Variable/GlobalSlot,数字/对象,代入槽赋值,—,Ctx / Variable / GlobalSlot 三档,1151
命令,代入ｂ,代入ｂ:(人物::主人公.年齡),—,Ctx/Variable/GlobalSlot,数字/对象,代入槽赋值,—,Ctx / Variable / GlobalSlot 三档,555
命令,代入ｃ,代入ｃ:(變量::ｂ)/(10),—,Ctx/Variable/GlobalSlot,数字/对象,代入槽赋值,—,Ctx / Variable / GlobalSlot 三档,344
命令,代入ｄ,代入ｄ:(狀況::年),—,Ctx/Variable/GlobalSlot,数字/对象,代入槽赋值,—,Ctx / Variable / GlobalSlot 三档,549
命令,代入ｅ,代入ｅ:(0),—,Ctx/Variable/GlobalSlot,数字/对象,代入槽赋值,—,Ctx / Variable / GlobalSlot 三档,114
命令,代入ｆ,代入ｆ:(1),—,Ctx/Variable/GlobalSlot,数字/对象,代入槽赋值,—,Ctx / Variable / GlobalSlot 三档,52
命令,代入ｇ,代入ｇ:(人物::主人公.開墾技能),—,Ctx/Variable/GlobalSlot,数字/对象,代入槽赋值,—,Ctx / Variable / GlobalSlot 三档,39
命令,代入ｈ,代入ｈ:(人物::主人公.礦山技能),—,Ctx/Variable/GlobalSlot,数字/对象,代入槽赋值,—,Ctx / Variable / GlobalSlot 三档,41
命令,代入ｉ,代入ｉ:(人物::主人公.算術技能),—,Ctx/Variable/GlobalSlot,数字/对象,代入槽赋值,—,Ctx / Variable / GlobalSlot 三档,42
命令,代入ｊ,代入ｊ:(人物::主人公.辯才技能),—,Ctx/Variable/GlobalSlot,数字/对象,代入槽赋值,—,Ctx / Variable / GlobalSlot 三档,6
命令,代入ｋ,代入ｋ:(人物::主人公.礼法技能),—,Ctx/Variable/GlobalSlot,数字/对象,代入槽赋值,—,Ctx / Variable / GlobalSlot 三档,8
命令,代入ｌ,代入ｌ:(0),—,Ctx/Variable/GlobalSlot,数字/对象,代入槽赋值,—,Ctx / Variable / GlobalSlot 三档,9
命令,代入ｍ,代入ｍ:(人物::主人公.所持金)+(人物::主人公.貯金),—,Ctx/Variable/GlobalSlot,数字/对象,代入槽赋值,—,Ctx / Variable / GlobalSlot 三档,29
命令,代入ｎ,代入ｎ:(4),—,Ctx/Variable/GlobalSlot,数字/对象,代入槽赋值,—,Ctx / Variable / GlobalSlot 三档,18
命令,代入ｏ,代入ｏ:(0),—,Ctx/Variable/GlobalSlot,数字/对象,代入槽赋值,—,Ctx / Variable / GlobalSlot 三档,9
命令,代入ｐ,代入ｐ:(1),—,Ctx/Variable/GlobalSlot,数字/对象,代入槽赋值,—,Ctx / Variable / GlobalSlot 三档,20
命令,代入ｒ,代入ｒ:(變量::Ｒｎｄ)%(11),—,Ctx/Variable/GlobalSlot,数字/对象,代入槽赋值,—,Ctx / Variable / GlobalSlot 三档,66
命令,代入ｔ,代入ｔ:(人物::主人公.醫師評價)+(100),—,Ctx/Variable/GlobalSlot,数字/对象,代入槽赋值,—,Ctx / Variable / GlobalSlot 三档,237
命令,代入ｕ,代入ｕ:(1),—,Ctx/Variable/GlobalSlot,数字/对象,代入槽赋值,—,Ctx / Variable / GlobalSlot 三档,10
命令,代入ｖ,代入ｖ:(1),—,Ctx/Variable/GlobalSlot,数字/对象,代入槽赋值,—,Ctx / Variable / GlobalSlot 三档,8
命令,代入ｗ,代入ｗ:(1),—,Ctx/Variable/GlobalSlot,数字/对象,代入槽赋值,—,Ctx / Variable / GlobalSlot 三档,36
命令,代入ｘ,代入ｘ:(1),—,Ctx/Variable/GlobalSlot,数字/对象,代入槽赋值,—,Ctx / Variable / GlobalSlot 三档,17
命令,代入ｙ,代入ｙ:(1),—,Ctx/Variable/GlobalSlot,数字/对象,代入槽赋值,—,Ctx / Variable / GlobalSlot 三档,10
命令,代入ｚ,代入ｚ:(4097),—,Ctx/Variable/GlobalSlot,数字/对象,代入槽赋值,—,Ctx / Variable / GlobalSlot 三档,52
命令,個人戰鬥,"個人戰鬥:(不可逃跑,無護衛,無效,足輕,足輕,足輕,無效,無效,民家庭院,偽,偽)",—,03 battle,—,個人戰鬥,presetId,03,137
命令,停止時間,停止時間:(1),—,pause_time,—,停止时间,无,01 调度,396
命令,分歧,分歧:(1){//size=276(114),—,script 分支,—,条件分支,—,script 分支（if 步骤，01 骨架）,19424
命令,勢力滅亡,"勢力滅亡:(上杉憲政,大名家Ｄ)",—,destroy_faction,—,势力灭亡,faction,02/06,614
命令,國主任命,"國主任命:(明智光秀,丹波,丹波龜山)",—,🔴 区域任命,—,国主任命,—,🔴 区域任命（降级）,16
命令,國主解任,國主解任:(安藤守就),—,🔴 区域任命,—,国主任命,—,🔴 区域任命（降级）,5
命令,圖片消去,圖片消去:(褪去),—,05 视觉,—,视觉/过场,—,05 视觉（立绘/过场）,694
命令,圖片表示,"圖片表示:(事件ＣＧ,城攻陷,無效,無效,褪去)",—,05 视觉,—,视觉/过场,—,05 视觉（立绘/过场）,987
命令,城主任命,"城主任命:(別所長治,城Ｃ)",—,set_owner,—,换城主,"settlement, clan",本 Phase,89
命令,城主解任,城主解任:(城Ｃ),—,set_owner,—,换城主,"settlement, clan",本 Phase,560
命令,外出,外出:,—,🔴 06 身份/移动,—,外出/身份,—,🔴 06 身份/移动（降级）,181
命令,家督讓位,"家督讓位:(人物Ｂ,九鬼嘉隆)",—,change_clan_leader,—,家督让位,"actor, clan",06,166
命令,容器存取,容器存取:(保存),—,container_access,—,存取,—,container_access,40
命令,容器排序,"容器排序:(大名家,支配力,降順)",—,container_sort,—,排序,—,container_sort,450
命令,容器排除,"容器排除:(人物,身份,大名)",—,container_exclude,—,排除,—,container_exclude,2670
命令,容器檢索,"容器檢索:(人物,人物番號,主人公)",—,container_query,—,检索,—,container_query,1
命令,容器清理,"容器清理:(消去,1)",—,container_clear,—,移除,—,container_clear,2519
命令,容器篩選,"容器篩選:(人物,所屬大名家,大名家Ａ)",—,container_filter,—,集合筛选,—,container_filter,3252
命令,容器設定,"容器設定:(人物,類別,武將)",—,container_set,—,按类别初始化,—,container_set,2757
命令,容器選擇,"容器選擇:(人物Ｅ,先頭)",—,container_pick,—,取元素到槽,—,container_pick,2864
命令,對話,"對話:(人物Ａ,主人公)[[{二人稱}，\n(前田利家)大人過世了！]]",—,05 lines[] speaker/textKey,—,对白,—,05 lines[] speaker/textKey,44534
命令,對話選擇,"對話選擇:(博古通今的老人,主人公)[[如果不嫌棄的話，\n讓我來教教你，\n經商之道吧。]]",—,05 choice 节点,—,玩家选择,—,05 choice 节点,28
命令,居城變更,"居城變更:(大名家Ａ,城Ｂ)",—,🔴 06 本城变更,—,居城变更,—,🔴 06 本城变更（Hero.home）,538
命令,強制武器交換,強制武器交換:(鎖鎌),—,🔴 降级,—,強制武器交換,—,🔴 降级,8
命令,強制移動,強制移動:(據點Ｂ),—,teleport,—,强制移动,"party, pos",06,221
命令,忍者軍團編成,"忍者軍團編成:(主人公軍團,里Ｃ,據點移動,城Ｃ,無效,發生據點,主人公,無效,無效,無效,無效,1000,3000,3…",—,02 PartyBrain,—,军团指令,—,02 PartyBrain,1
命令,忍者軍團編成最強,"忍者軍團編成最強:(主人公軍團,里Ａ,據點攻擊,里Ｂ,無效,里Ａ,主人公,無效,無效,無效,無效,3000,20000,…",—,02 PartyBrain,—,军团指令,—,02 PartyBrain,9
命令,成為御用商人,"成為御用商人:(茶屋,德川家康)",—,🔴 商家,—,商家,—,🔴 商家（数据包）,11
命令,所持金變更,所持金變更:(100),—,gold_change,—,金钱变更,"hero, amount",AgentControlHelper,58
命令,據點改名,"據點改名:(石山本願城,大阪城)",—,rename,—,改名,"actor, name",06,50
命令,改名,"改名:(豐臣秀吉,[[豐臣]],[[秀吉]])",—,rename,—,改名,"actor, name",06,318
命令,數字輸入,數字輸入:(勢力Ｂ),—,🔴 降级,—,数字输入（降级）,—,🔴 降级（无对应）,1
命令,文字列設定,文字列設定:(文字列Ａ)[[大名]],—,05 文本变量,—,文本变量,—,05 文本变量,762
命令,旁白,旁白:[[本能寺之變後，天下的局勢為之一變。]],—,05 narrator 行,—,旁白,—,05 narrator 行,5438
命令,暫存人物屬性,暫存人物屬性:(),—,🔴 属性暂存,—,属性暂存,—,🔴 属性暂存（降级）,1
命令,暫存所有變量,暫存所有變量:,—,🔴 Variable 暂存,—,变量暂存,—,🔴 Variable 暂存（降级）,2
命令,會議設定,會議設定:,—,🔴 17 评定,—,评定/会议,—,🔴 17 评定（council_start）,3
命令,會議開始,會議開始:,—,🔴 17 评定,—,评定/会议,—,🔴 17 评定（council_start）,1
命令,武將死亡,武將死亡:(前田利家),—,kill_hero,—,杀角色,actor,06,791
命令,海賊軍團編成,"海賊軍團編成:(事件用２軍團,砦Ｂ,據點移動,嚴島之町,主人公軍團,三島砦,村上武吉,無效,無效,無效,無效,1000,…",—,🔴 海战扩展,—,海战（扩展）,—,🔴 海战扩展,3
命令,海賊軍團編成最強,"海賊軍團編成最強:(主人公軍團,砦Ａ,據點移動,砦Ａ,無效,砦Ａ,主人公,無效,無效,無效,無效,1000,8000,2…",—,🔴 海战扩展,—,海战（扩展）,—,🔴 海战扩展,37
命令,物品改名,物品改名:(),—,rename,—,改名,"actor, name",06,3
命令,獨立,"獨立:(別所長治,城Ｃ,只有陪臣)",—,independence,—,独立,clan,06,122
命令,畫面效果,畫面效果:(暗出),—,fx,—,画面效果,—,05 fx 指令,37
命令,立場變更,"立場變更:(齋藤利三,陪臣,明智光秀)",—,🔴 06 身份变更,—,立场变更,—,🔴 06 身份变更,39
命令,背景恢復,背景恢復:(褪去),—,05 场景切换,—,场景切换,—,05 场景切换（还原）,143
命令,背景變更,"背景變更:(場面,商家,無效果)",—,05 场景切换,—,场景切换,—,05 场景切换,238
命令,自語,自語:[[信雄想必對我的飛躍相當不滿……\n他和德川聯手的話將會很難對付。]],—,05 narrator/自语行,—,自语/旁白,—,05 narrator/自语行,2843
命令,自語選擇,自語選擇:[[（現在的話，\n　(出雲阿國.名)也許會答應也說不定……\n　該求婚嗎！？）]],—,05 choice 节点,—,玩家选择,—,05 choice 节点,9
命令,解除主命,解除主命:(豐臣秀吉),—,🔴 13 主命解除,—,解除主命,—,🔴 13 主命解除（QuestDef）,52
命令,變名對話,"變名對話:(豐臣秀吉,豐臣秀吉,[[木下]],[[藤吉郎]])[[是……！！]]",—,05 变名节点,—,变名对白,—,05 变名节点（动作表现+台词）,1824
命令,軍團指令,"軍團指令:(主人公軍團,軍團攻擊,事件用１軍團,無效)",—,lock_party/army_gather,—,军团锁定/集结,"leader, target, behavior",02 PartyBrain,831
命令,軍團編成,"軍團編成:(事件用１軍團,城Ａ,軍團攻擊,主人公軍團,無效,京之町,織田信長,人物Ｃ,無效,無效,無效,2000,100…",—,02 PartyBrain,—,军团指令,"leader, target, behavior",02 PartyBrain,58
命令,軍團編成最強,"軍團編成最強:(主人公軍團,城Ｃ,據點移動,城Ｂ,無效,城Ｂ,主人公,無效,無效,無效,無效,1000,10000,40…",—,02 PartyBrain,—,军团指令,"leader, target, behavior",02 PartyBrain,539
命令,迷你遊戲,"迷你遊戲:(閃躲飛矢,町民男,初學)",—,🔴 降级,—,小游戏（降级）,—,🔴 降级（骑砍2 无对应小游戏）,45
命令,進入設施,進入設施:(御所),—,scene_enter,—,进入设施,sceneId,05,470
命令,選擇,選擇:[[請教他]][[拒絕]],—,05 choice 节点,—,玩家选择,—,05 choice 节点,588
命令,選擇項設定,選擇項設定:,—,05 choice 选项,—,选项设定,—,05 choice 选项,1
命令,關閉消息,關閉消息:,—,05 消息控制,—,消息控制,—,05 消息控制,1658
命令,離開設施,離開設施:,—,scene_exit,—,离开设施,—,scene_exit 动作（05 场景退出）,651
命令,ＢＧＭ變更,ＢＧＭ變更:(事件危機),—,bgm,—,BGM,—,05 bgm 指令（异步）,2755
命令,ＳＥ停止,ＳＥ停止:(賭場特別②),—,se,—,音效,—,05 se 指令,41
命令,ＳＥ循環,ＳＥ循環:(賭場特別②),—,se,—,音效循环,—,05 se 指令（循环）,36
命令,ＳＥ開始,ＳＥ開始:(忍者報告),—,se,—,ＳＥ開始,—,05 se 指令（异步）,1116
语法,主人公分歧,主人公分歧:(織田信長){//size=20(14),—,script 分支,—,按主人公分派,—,script 分支（主人公分派，01/05）,1203
语法,主人公別,主人公別:{//size=900(384),—,script 分支,—,主人公別,—,script 分支（玩家身份门控 when）,450
语法,事件,事件:事件EC500000_699{,—,事件 JSON id,—,事件 ID,—,事件 JSON id（头字段）,2594
语法,執行,執行:{//size=612(264),—,事件 JSON script,—,执行脚本,—,事件 JSON script（头字段）,2594
语法,場合分歧,場合分歧:(身份::大名){//size=1764(6e4),—,script 分支,—,条件分支,—,script 分支（if 步骤，01 骨架）,1690
语法,場合別,場合別:(人物::主人公.身份){//size=3028(bd4),—,script 分支,—,場合別,—,script 分支（when 门控）,422
语法,對話可否選擇,"對話可否選擇:(今井宗久,主人公)[[嗯？\n你還沒有湊到軍費20000貫嗎？\n難道，你打算放棄主命嗎？]]",—,05 choice 门控,—,选择门控,—,05 choice 门控,1
语法,屬性,屬性:一次,—,事件 JSON trigger/once/priority,—,事件头字段,—,事件 JSON trigger/once/priority（头字段，2026-08-26 数据化）,2594
语法,循環,循環:{//size=28(1c),—,🔴 流程控制,—,流程控制,—,🔴 流程控制（首版线性展开）,2328
语法,旁白可否選擇,旁白可否選擇:[[要繼續進行遊戲嗎？]],—,05 choice 门控,—,旁白选择,—,05 choice 门控（narrator）,5
语法,更新,更新:(人物::出雲阿國.所屬據點)(町::松江),—,动作/ctx_set,—,状态写入（事件完成/旗标/数值/归属/状态）,(目标)(值)——双括号：更新:(人物::X.所屬據點)(町::松江)；🔴 两侧值类型必须一致（同型约束）,Phase 1,15117
语法,模塊開始,模塊開始:{//size=692(2b4),—,🔴 流程控制,—,流程控制,—,🔴 流程控制（首版线性展开）,3
语法,發生契機,發生契機:據點畫面表示後(主人公據點),—,事件 JSON trigger 字段,—,触发时机,—,事件 JSON trigger 字段（头字段）,2594
语法,發生條件,發生條件:{//size=120(78),—,事件 JSON condition 字段,—,发生条件,—,事件 JSON condition 字段（头字段）,2594
语法,脫出模塊,脫出模塊:(5156864),—,🔴 流程控制,—,流程控制,—,🔴 流程控制（事件内循环，首版线性展开）,2448
语法,腳本,腳本:{,—,🔴 流程控制,—,事件内调用,—,🔴 流程控制（事件内调用）,169
语法,調查,調查:(人物::前田利家.事件参加可能),—,condition 表达式,—,条件判断,—,condition 表达式（when→condition）,42681
语法,遊戲中斷,遊戲中斷:(偽),—,🔴 剧本结局,—,剧本结局,—,🔴 剧本结局（06/14）,227
语法,ＡＮＤ調查,ＡＮＤ調查:{//size=32(20),—,condition and(…),—,且条件,—,condition and(…),2214
语法,ＯＲ調查,ＯＲ調查:{//size=52(34),—,condition or(…),—,或条件,—,condition or(…),1998
谓词,全城壓制,調查:(國::甲斐.全城壓制(大名家::大名家Ａ)),國,allControlled,布尔,区域全部据点由 clan 控制,"region, clan",注册表加行（谓词引擎）,—
谓词,卡持有,更新:(人物::豐臣秀吉.卡持有(卡::千成瓢箪))(真偽::真),人物,hasCard,布尔,是否持有技能卡,"hero, card",注册表加行（谓词引擎）,—
谓词,外交同盟,調查:(商家::商家Ａ.外交同盟(勢力::大名家Ａ))!=(2),勢力 / 商家 / 大名家 / 忍者衆 / 海賊衆,isAllied,数字,a 与 b 同盟（数值：!=0 即同盟）,"a, b",注册表加行（谓词引擎）,—
谓词,外交感情,代入ｄ:(大名家::大名家Ｃ.外交感情(勢力::大名家Ａ))+(10),勢力 / 商家 / 大名家 / 忍者衆 / 海賊衆,relation,数字,势力间外交关系数值,"a, b",注册表加行（谓词引擎）,—
谓词,攻擊可能,調查:(城::城Ａ.攻擊可能(城::城Ｄ)),城,canAttack,布尔,角色能否攻击该据点,"settlement, hero",注册表加行（谓词引擎）,—
谓词,移動可能,調查:(城::城Ａ.移動可能(城::城Ｄ)),城,canMove,布尔,角色能否前往该据点,"settlement, hero",注册表加行（谓词引擎）,—
谓词,鄰接大名家,調查:(大名家::大名家Ａ.鄰接大名家(勢力::大名家Ｂ))==(真偽::真),大名家,isNeighbor,布尔,a 与 b 相邻,"a, b",注册表加行（谓词引擎）,—
