ID,ChineseName,Culture,CultureCN,TK5Region,TK5_Country,TK5_ID,TK5_Name,IsMerge,Alias,TK5_merged,Owner_1554,Soldiers_1554,Owner_1560,Soldiers_1560,Owner_1568,Soldiers_1568,Owner_1575,Soldiers_1575,Owner_1582,Soldiers_1582,Owner_1598,Soldiers_1598
ID,ChineseName,Culture,CultureCN,TK5Region,TK5_Country,TK5_ID,TK5_Name,IsMerge,Alias,TK5_merged,Owner_1554,Soldiers_1554,Owner_1560,Soldiers_1560,Owner_1568,Soldiers_1568,Owner_1575,Soldiers_1575,Owner_1582,Soldiers_1582,Owner_1598,Soldiers_1598
village_TOHO8_1,三厩,ou,奥羽,东北,虾夷,1,胜山馆,1,,胜山馆,,,,,,,,,,,,
castle_TOHO33,大浦城,ou,奥羽,东北,陆奥,2,大浦城,0,,大浦城,,,,,,,,,,,,
castle_village_TOHO31_2,八户,ou,奥羽,东北,陆奥,3,八户城,0,,八户城,,,,,,,,,,,,
town_TOHO7,三户城,ou,奥羽,东北,陆中,4,三户城,0,,三户城,,,,,,,,,,,,
castle_TOHO29,九户城,ou,奥羽,东北,陆中,5,九户城,0,,九户城,,,,,,,,,,,,
castle_village_TOHO25_1,不来方,ou,奥羽,东北,陆中,6,不来方城,0,,不来方城,,,,,,,,,,,,
castle_TOHO25,高水寺城,ou,奥羽,东北,陆中,7,高水寺城,0,,高水寺城,,,,,,,,,,,,
castle_TOHO14,岩出山城,ou,奥羽,东北,陆前,8,岩出山城,0,,岩出山城,,,,,,,,,,,,
castle_TOHO16,寺池城,ou,奥羽,东北,陆前,9,寺池城,0,,寺池城,,,,,,,,,,,,
castle_TOHO1,船冈城,ou,奥羽,东北,陆前,10,名生城,1,,名生城,,,,,,,,,,,,
castle_village_TOHO12_2,仙台,ou,奥羽,东北,陆前,11,仙台城,0,,仙台城,,,,,,,,,,,,
castle_TOHO12,岩切城,ou,奥羽,东北,陆前,12,白石城,1,,白石城,,,,,,,,,,,,
town_TOHO6,土崎湊,ou,奥羽,东北,羽后,13,凑城,1,,凑城,,,,,,,,,,,,
castle_TOHO27,桧山城,ou,奥羽,东北,羽后,14,桧山城,0,,桧山城,,,,,,,,,,,,
castle_TOHO26,角馆城,ou,奥羽,东北,羽后,15,角馆城,0,,角馆城,,,,,,,,,,,,
castle_TOHO21,横手城,ou,奥羽,东北,羽后,16,横手城,0,,横手城,,,,,,,,,,,,
town_TOHO3,山形城,ou,奥羽,东北,羽前,17,山形城,0,,山形城,,,,,,,,,,,,
castle_TOHO18,鲑延城,ou,奥羽,东北,羽前,18,鲑延城,0,,鲑延城,,,,,,,,,,,,
town_TOHO5,酒田城,ou,奥羽,东北,羽前,19,尾浦城,1,,尾浦城,,,,,,,,,,,,
town_TOHO2,米泽城,ou,奥羽,东北,羽前,20,米泽城,0,,米泽城,,,,,,,,,,,,
town_TOHO1,黑川城,ou,奥羽,东北,岩代,21,黑川城,0,,黑川城,,,,,,,,,,,,
castle_TOHO3,二本松城,ou,奥羽,东北,岩代,22,二本松城,0,,二本松城,,,,,,,,,,,,
castle_TOHO5,须贺川城,ou,奥羽,东北,岩代,23,须贺川城,0,,须贺川城,,,,,,,,,,,,
castle_TOHO7,小高城,ou,奥羽,东北,岩代,24,小高城,0,,小高城,,,,,,,,,,,,
town_KA3,太田城,kanto,关东,关东,常陆,25,太田城,0,,太田城,,,,,,,,,,,,
castle_KA12,水户城,kanto,关东,关东,常陆,26,水户城,0,,水户城,,,,,,,,,,,,
castle_village_KA23_2,土浦,kanto,关东,关东,常陆,27,土浦城,0,,土浦城,,,,,,,,,,,,
castle_KA23,小田城,kanto,关东,关东,常陆,28,小田城,0,,小田城,,,,,,,,,,,,
town_KA4,宇都宫,kanto,关东,关东,下野,29|31,宇都宫城|小山城,0|1,,宇都宫城|小山城,,,,,,,,,,,,
castle_KA19,唐泽山城,kanto,关东,关东,下野,30,唐泽山城,0,,唐泽山城,,,,,,,,,,,,
castle_KA13,乌山城,kanto,关东,关东,下野,32,乌山城,0,,乌山城,,,,,,,,,,,,
village_KA5_3,厩桥,kanto,关东,关东,上野,33,厩桥城,0,,厩桥城,,,,,,,,,,,,
castle_KA14,沼田城,kanto,关东,关东,上野,34,沼田城,0,,沼田城,,,,,,,,,,,,
castle_village_KA18_2,馆林,kanto,关东,关东,上野,35,馆林城,0,,馆林城,,,,,,,,,,,,
town_KA5,箕轮城,kanto,关东,关东,上野,36,箕轮城,0,,箕轮城,,,,,,,,,,,,
castle_village_KA8_2,胜浦,kanto,关东,关东,上总安房,37,胜浦城,0,,胜浦城,,,,,,,,,,,,
castle_KA9,久留里城,kanto,关东,关东,上总安房,38|39,久留里城|稻村城,0|1,,久留里城|稻村城,,,,,,,,,,,,
castle_village_KA3_1,佐仓,kanto,关东,关东,下总,40,佐仓城,0,,佐仓城,,,,,,,,,,,,
castle_KA20,结城城,kanto,关东,关东,下总,41,结城城,0,,结城城,,,,,,,,,,,,
town_KA2,江户城,kanto,关东,关东,武藏,42,江户城,0,,江户城,,,,,,,,,,,,
castle_KA25,岩槻城,kanto,关东,关东,武藏,43,岩槻城,0,,岩槻城,,,,,,,,,,,,
castle_KA17,川越城,kanto,关东,关东,武藏,44,河越城,1,,河越城,,,,,,,,,,,,
castle_KA16,忍城,kanto,关东,关东,武藏,45,忍城,0,,忍城,,,,,,,,,,,,
castle_KA1,三崎城,kanto,关东,关东,武藏,46,八王子城,1,,八王子城,,,,,,,,,,,,
town_KA1,小田原城,kanto,关东,关东,相模伊豆,47|49,小田原城|韭山城,0|1,,小田原城|韭山城,,,,,,,,,,,,
village_KA1_3,镰仓,kanto,关东,关东,相模伊豆,48,玉绳城,1,,玉绳城,,,,,,,,,,,,
town_CHUB4,春日山城,hokuriku,北陆,北陆,越后,50,春日山城,0,,春日山城,,,,,,,,,,,,
town_CHUB5,新发田城,hokuriku,北陆,北陆,越后,51,新发田城,0,,新发田城,,,,,,,,,,,,
castle_CHUB12,本庄城,hokuriku,北陆,北陆,越后,52,本庄城,0,,本庄城,,,,,,,,,,,,
village_CHUB4_2,直江津,hokuriku,北陆,北陆,越后,53,橡尾城,1,,橡尾城,,,,,,,,,,,,
castle_KY1,富田城,saikai,西海,九州,越中,54,富山城,1,,富山城,,,,,,,,,,,,
castle_village_CHUB5_2,鱼津,hokuriku,北陆,北陆,越中,55,鱼津城,0,,鱼津城,,,,,,,,,,,,
town_CHUB3,七尾城,hokuriku,北陆,北陆,能登,56,七尾城,0,,七尾城,,,,,,,,,,,,
castle_village_CHUB3_2,金津,hokuriku,北陆,北陆,加贺,57,尾山城,1,,尾山城,,,,,,,,,,,,
village_TOHO2_2,小松,ou,奥羽,东北,加贺,58,小松城,0,,小松城,,,,,,,,,,,,
castle_CHUB4,大圣寺城,hokuriku,北陆,北陆,加贺,59,大圣寺城,0,,大圣寺城,,,,,,,,,,,,
town_CHUB1,一乘谷城,hokuriku,北陆,北陆,越前,60,一乘谷城,0,,一乘谷城,,,,,,,,,,,,
village_CHUB1_2,北之庄,hokuriku,北陆,北陆,越前,61,北之庄城,0,,北之庄城,,,,,,,,,,,,
castle_village_CHUB1_1,敦贺,hokuriku,北陆,北陆,越前,62,金崎城,1,,金崎城,,,,,,,,,,,,
castle_village_CHUB14_1,饭山,hokuriku,北陆,北陆,北信浓,63|65,户石城|饭山城,0|1,,户石城|饭山城,,,,,,,,,,,,
castle_CHUB15,海津城,tosan,东山,甲信,北信浓,64,海津城,0,,海津城,,,,,,,,,,,,
castle_CHUB17,小诸城,tosan,东山,甲信,北信浓,66,小诸城,0,,小诸城,,,,,,,,,,,,
castle_CHUB34,高远城,tosan,东山,甲信,南信浓,67,高远城,0,,高远城,,,,,,,,,,,,
castle_CHUB33,木曾福岛城,tosan,东山,甲信,南信浓,68,木曾福岛城,0,,木曾福岛城,,,,,,,,,,,,
castle_village_CHUB33_2,妻笼,tosan,东山,甲信,南信浓,69,饭田城,1,,饭田城,,,,,,,,,,,,
town_CHUB7,甲府城,tosan,东山,甲信,甲斐,70,踯躅崎馆,1,,踯躅崎馆,,,,,,,,,,,,
castle_CHUB18,岩殿城,tosan,东山,甲信,甲斐,71,岩殿城,0,,岩殿城,,,,,,,,,,,,
castle_village_CHUB35_1,韮崎,tosan,东山,甲信,甲斐,72,下山城,1,,下山城,,,,,,,,,,,,
castle_village_CHUB31_1,古川,tosan,东山,甲信,飞驒,73,松仓城,1,,松仓城,,,,,,,,,,,,
town_CHUB8,骏府城,tokai,东海,东海,骏河,74|75,兴国寺城|骏府城,0|1,,兴国寺城|骏府城,,,,,,,,,,,,
town_CHUB9,滨松城,tokai,东海,东海,远江,76,曳马城,1,,曳马城,,,,,,,,,,,,
castle_CHUB23,挂川城,tokai,东海,东海,远江,77|78,二股城|高天神城,1,,二股城|高天神城,,,,,,,,,,,,
town_CHUB10,冈崎城,tokai,东海,东海,三河,79|80,冈崎城|长篠城,0|1,,冈崎城|长篠城,,,,,,,,,,,,
castle_CHUB25,吉田城,tokai,东海,东海,三河,81,吉田城,0,,吉田城,,,,,,,,,,,,
town_CHUB11,清须城,tokai,东海,东海,尾张,82,清洲城,0,清州城,清洲城,,,,,,,,,,,,
village_CHUB11_2,那古野,tosan,东山,甲信,尾张,83|84|85,小牧山城|那古野城|鸣海城,0|1,,小牧山城|那古野城|鸣海城,,,,,,,,,,,,
town_CHUB13,岐阜城,tosan,东山,甲信,美浓,86,稻叶山城,0,,稻叶山城,,,,,,,,,,,,
castle_village_KIN1_2,岩村,kinai,畿内,近畿,美浓,87|89,墨股城|岩村城,0|1,,墨股城|岩村城,,,,,,,,,,,,
castle_CHUB26,大垣城,tosan,东山,甲信,美浓,88,大垣城,0,,大垣城,,,,,,,,,,,,
village_CHUB13_1,可儿,tosan,东山,甲信,美浓,90,曾根城,1,,曾根城,,,,,,,,,,,,
castle_village_KIN18_3,安浓津,kinai,畿内,近畿,伊势志摩,91,安浓津城,0,,安浓津城,,,,,,,,,,,,
castle_KIN18,津城,kinai,畿内,近畿,伊势志摩,92,大河内城,1,,大河内城,,,,,,,,,,,,
castle_KIN22,长岛城,kinai,畿内,近畿,伊势志摩,93,长岛城,0,,长岛城,,,,,,,,,,,,
castle_KIN17,鸟羽城,kinai,畿内,近畿,伊势志摩,94,鸟羽城,0,,鸟羽城,,,,,,,,,,,,
town_KIN7,小谷城,kinai,畿内,近畿,北近江,95,小谷城,0,,小谷城,,,,,,,,,,,,
castle_KIN10,佐和山城,kinai,畿内,近畿,北近江,96,佐和山城,0,,佐和山城,,,,,,,,,,,,
village_KIN7_3,盐津,kinai,畿内,近畿,北近江,97,今滨城,1,,今滨城,,,,,,,,,,,,
town_KIN6,观音寺,kinai,畿内,近畿,南近江,98,观音寺城,0,,观音寺城,,,,,,,,,,,,
village_KIN6_1,坂本,kinai,畿内,近畿,南近江,99,阪本城,1,,阪本城,,,,,,,,,,,,
castle_KIN20,日野城,kinai,畿内,近畿,南近江,100,日野城,0,,日野城,,,,,,,,,,,,
castle_KIN19,伊贺上野城,kinai,畿内,近畿,大和伊贺,101|104,伊贺上野城|多闻山城,0|1,,伊贺上野城|多闻山城,,,,,,,,,,,,
castle_KIN11,信贵山城,kinai,畿内,近畿,大和伊贺,102,信贵山城,0,,信贵山城,,,,,,,,,,,,
village_KIN4_1,郡山,kinai,畿内,近畿,大和伊贺,103,大和郡山城,1,,大和郡山城,,,,,,,,,,,,
castle_KIN23,胜龙寺城,kinai,畿内,近畿,山城,105,胜龙寺城,0,,胜龙寺城,,,,,,,,,,,,
town_KIN5,京,kinai,畿内,近畿,山城,106,二条城,1,,二条城,,,,,,,,,,,,
village_KIN5_1,龟冈,kinai,畿内,近畿,丹波,107|108,丹波龟山城|八上城,1,,丹波龟山城|八上城,,,,,,,,,,,,
castle_village_KIN2_1,朝来,kinai,畿内,近畿,丹波,109,福知山城,1,,福知山城,,,,,,,,,,,,
castle_village_KIN4_1,宫津,kinai,畿内,近畿,丹后若狭,110,宫津城,0,,宫津城,,,,,,,,,,,,
castle_KIN13,岸和田城,kinai,畿内,近畿,河内和泉,111,岸和田城,0,,岸和田城,,,,,,,,,,,,
village_KIN2_2,枚方,kinai,畿内,近畿,河内和泉,112,饭盛城,1,,饭盛城,,,,,,,,,,,,
castle_KIN12,高屋城,kinai,畿内,近畿,河内和泉,113,高屋城,0,,高屋城,,,,,,,,,,,,
town_KIN2,大坂御坊,kinai,畿内,近畿,摄津,114,石山本愿寺,1,,石山本愿寺,,,,,,,,,,,,
castle_KIN8,芥川山城,kinai,畿内,近畿,摄津,115,芥川城,1,,芥川城,,,,,,,,,,,,
castle_village_KIN8_1,伊丹,kinai,畿内,近畿,摄津,116,有冈城,1,,有冈城,,,,,,,,,,,,
castle_village_KIN15_2,纪伊湊,kinai,畿内,近畿,纪伊,117,杂贺城,1,,杂贺城,,,,,,,,,,,,
village_TOHO1_2,新宫,ou,奥羽,东北,纪伊,118,新宫城,0,,新宫城,,,,,,,,,,,,
castle_village_CHU16_2,贺露,sanyo,山阳,中国,因幡伯耆,119,鸟取城,1,,鸟取城,,,,,,,,,,,,
castle_CHU16,羽衣石城,sanyo,山阳,中国,因幡伯耆|但马,121|120,羽衣石城|出石城,0|1,,羽衣石城|出石城,,,,,,,,,,,,
town_CHU5,月山富田城,sanyo,山阳,中国,出云,122|124,月山富田城|白鹿城,0|1,,月山富田城|白鹿城,,,,,,,,,,,,
village_CHU5_1,安来,sanyo,山阳,中国,出云,123,三刀屋城,1,,三刀屋城,,,,,,,,,,,,
castle_village_CHU6_1,三隅湊,sanyo,山阳,中国,石见,125,益田城,1,,益田城,,,,,,,,,,,,
castle_village_CHU6_2,江津,sanyo,山阳,中国,石见,126,山吹城,1,,山吹城,,,,,,,,,,,,
castle_village_KIN5_2,高砂,kinai,畿内,近畿,播磨,127,置盐城,1,,置盐城,,,,,,,,,,,,
castle_KIN5,御着城,kinai,畿内,近畿,播磨,128,御着城,0,,御着城,,,,,,,,,,,,
castle_KIN6,三木城,kinai,畿内,近畿,播磨,129,三木城,0,,三木城,,,,,,,,,,,,
village_KIN1_2,室村,kinai,畿内,近畿,播磨,130,上月城,1,,上月城,,,,,,,,,,,,
castle_village_KIN10_2,河原,kinai,畿内,近畿,美作,131,三星城,1,,三星城,,,,,,,,,,,,
town_CHU6,冈山城,sanyo,山阳,中国,备中|备前,132|136,冈山城|备中高松城,0|1,,冈山城|备中高松城,,,,,,,,,,,,
village_CHU6_1,吉备津,sanyo,山阳,中国,备前,133,砥石山城,1,,砥石山城,,,,,,,,,,,,
castle_CHU15,天神山城,sanyo,山阳,中国,备前,134,天神山城,0,,天神山城,,,,,,,,,,,,
town_CHU3,吉田郡山城,sanyo,山阳,中国,备中|安芸|备后,135|139|137,吉田郡山城|备中松山城|三原城,0|1,,吉田郡山城|备中松山城|三原城,,,,,,,,,,,,
castle_CHU13,幸山城,sanyo,山阳,中国,备后,138,甲山城,1,,甲山城,,,,,,,,,,,,
village_CHU3_2,可部,sanyo,山阳,中国,安芸,140,佐东银山城,1,,佐东银山城,,,,,,,,,,,,
castle_CHU5,樱尾城,sanyo,山阳,中国,安芸,141,樱尾城,0,,樱尾城,,,,,,,,,,,,
castle_CHU14,萩城,sanyo,山阳,中国,周防长门,143|142,且山城|山口城,1,,且山城|山口城,,,,,,,,,,,,
castle_SHI10,十河城,nankai,南海,四国,赞歧,144,十河城,0,,十河城,,,,,,,,,,,,
town_SHI6,天雾城,nankai,南海,四国,赞歧|伊予,145|148,天雾城|宇和岛城,0|1,,天雾城|宇和岛城,,,,,,,,,,,,
town_SHI4,汤筑城,nankai,南海,四国,伊予,146,汤筑城,0,,汤筑城,,,,,,,,,,,,
castle_village_SHI6_2,川之江,nankai,南海,四国,伊予,147,川之江城,0,,川之江城,,,,,,,,,,,,
village_KY10_1,德岛,saikai,西海,九州,阿波淡路,149|150|152,抚养城|白地城|胜瑞城,1,,抚养城|白地城|胜瑞城,,,,,,,,,,,,
castle_KIN14,洲本城,kinai,畿内,近畿,阿波淡路,151,洲本城,0,,洲本城,,,,,,,,,,,,
town_SHI5,冈丰城,nankai,南海,四国,土佐,153,冈丰城,0,,冈丰城,,,,,,,,,,,,
village_SHI5_1,浦户,nankai,南海,四国,土佐,154,安芸城,1,,安芸城,,,,,,,,,,,,
town_SHI1,中村御所,nankai,南海,四国,土佐,155,中村城,1,,中村城,,,,,,,,,,,,
town_KY9,立花山城,saikai,西海,九州,筑前对马,156|157|158,岩屋城|立花山城|金石城,0|1,,岩屋城|立花山城|金石城,,,,,,,,,,,,
town_KY7,柳川城,saikai,西海,九州,筑后,159|160,柳川城|久留米城,0|1,,柳川城|久留米城,,,,,,,,,,,,
town_KY10,佐嘉城,saikai,西海,九州,肥前,161|162,佐嘉城|大村城,0|1,,佐嘉城|大村城,,,,,,,,,,,,
village_KY11_1,口之津,saikai,西海,九州,肥前,163,平户城,1,,平户城,,,,,,,,,,,,
town_KY11,日野江城,saikai,西海,九州,肥前,164,日野江城,0,,日野江城,,,,,,,,,,,,
castle_KY32,岩尾城,saikai,西海,九州,肥后,165|168,岩尾城|八代城,0|1,,岩尾城|八代城,,,,,,,,,,,,
town_KY8,隈本城,saikai,西海,九州,肥后,166,隈本城,0,,隈本城,,,,,,,,,,,,
town_KY4,人吉城,saikai,西海,九州,肥后,167,人吉城,0,,人吉城,,,,,,,,,,,,
town_KY6,城井谷城,saikai,西海,九州,丰前,169,城井谷城,0,,城井谷城,,,,,,,,,,,,
castle_village_KY25_1,门司,saikai,西海,九州,丰前,170,小仓城,1,,小仓城,,,,,,,,,,,,
castle_KA11,府中城,kanto,关东,关东,丰後,171,府内城,1,,府内城,,,,,,,,,,,,
castle_KY19,冈城,saikai,西海,九州,丰後,172|173,冈城|佐伯城,0|1,,冈城|佐伯城,,,,,,,,,,,,
castle_KY4,都之城,saikai,西海,九州,日向,174,都於郡城,1,,都於郡城,,,,,,,,,,,,
castle_village_KY11_2,油津,saikai,西海,九州,日向,175,饫肥城,1,,饫肥城,,,,,,,,,,,,
village_KY3_1,宫崎,saikai,西海,九州,日向,176,县城,1,,县城,,,,,,,,,,,,
town_KY1,高山城,saikai,西海,九州,大隅,177,大隅高山城,1,,大隅高山城,,,,,,,,,,,,
castle_KY5,加治木城,saikai,西海,九州,大隅,178,加治木城,0,,加治木城,,,,,,,,,,,,
town_KY2,内城,saikai,西海,九州,萨摩,179,内城,0,,内城,,,,,,,,,,,,
castle_KY10,出水城,saikai,西海,九州,萨摩,180,出水城,0,,出水城,,,,,,,,,,,,
castle_AMA1,国府尾城,sanyo,山阳,中国,,,,,,,,,,,,,,,,,,
town_CHU1,栉崎城,sanyo,山阳,中国,,,,,,,,,,,,,,,,,,
town_CHU2,津和野城,sanyo,山阳,中国,,,,,,,,,,,,,,,,,,
town_CHU4,石见城,sanyo,山阳,中国,,,,,,,,,,,,,,,,,,
castle_CHU1,荒泷山城,sanyo,山阳,中国,,,,,,,,,,,,,,,,,,
castle_CHU2,高岭城,sanyo,山阳,中国,,,,,,,,,,,,,,,,,,
castle_CHU3,下濑山城,sanyo,山阳,中国,,,,,,,,,,,,,,,,,,
castle_CHU4,周防高森城,sanyo,山阳,中国,,,,,,,,,,,,,,,,,,
castle_CHU6,火之山城,sanyo,山阳,中国,,,,,,,,,,,,,,,,,,
castle_CHU7,能美城,sanyo,山阳,中国,,,,,,,,,,,,,,,,,,
castle_CHU8,松尾城,sanyo,山阳,中国,,,,,,,,,,,,,,,,,,
castle_CHU9,三泽城,sanyo,山阳,中国,,,,,,,,,,,,,,,,,,
castle_CHU10,来岛城,sanyo,山阳,中国,,,,,,,,,,,,,,,,,,
castle_CHU11,青木城,sanyo,山阳,中国,,,,,,,,,,,,,,,,,,
castle_CHU12,新高山城,sanyo,山阳,中国,,,,,,,,,,,,,,,,,,
town_CHUB2,尾山御坊,hokuriku,北陆,北陆,,,,,,,,,,,,,,,,,,
town_CHUB6,深志城,tosan,东山,甲信,,,,,,,,,,,,,,,,,,
town_CHUB12,樱洞城,tosan,东山,甲信,,,,,,,,,,,,,,,,,,
castle_CHUB1,天筒山城,hokuriku,北陆,北陆,,,,,,,,,,,,,,,,,,
castle_CHUB2,越府城,hokuriku,北陆,北陆,,,,,,,,,,,,,,,,,,
castle_CHUB3,沟江城,hokuriku,北陆,北陆,,,,,,,,,,,,,,,,,,
castle_CHUB5,增山城,hokuriku,北陆,北陆,,,,,,,,,,,,,,,,,,
castle_CHUB6,穴水城,hokuriku,北陆,北陆,,,,,,,,,,,,,,,,,,
castle_CHUB7,根知城,hokuriku,北陆,北陆,,,,,,,,,,,,,,,,,,
castle_CHUB8,猿毛城,hokuriku,北陆,北陆,,,,,,,,,,,,,,,,,,
castle_CHUB9,与板城,hokuriku,北陆,北陆,,,,,,,,,,,,,,,,,,
castle_CHUB10,狮子城,hokuriku,北陆,北陆,,,,,,,,,,,,,,,,,,
castle_CHUB11,平林城,hokuriku,北陆,北陆,,,,,,,,,,,,,,,,,,
castle_CHUB13,栃尾城,hokuriku,北陆,北陆,,,,,,,,,,,,,,,,,,
castle_CHUB14,坂户城,hokuriku,北陆,北陆,,,,,,,,,,,,,,,,,,
castle_CHUB16,上田城,tosan,东山,甲信,,,,,,,,,,,,,,,,,,
castle_CHUB19,山中城,tokai,东海,东海,,,,,,,,,,,,,,,,,,
castle_CHUB20,伊豆长滨城,tokai,东海,东海,,,,,,,,,,,,,,,,,,
castle_CHUB21,下田城,tokai,东海,东海,,,,,,,,,,,,,,,,,,
castle_CHUB22,大宫城,tokai,东海,东海,,,,,,,,,,,,,,,,,,
castle_CHUB24,井伊谷城,tokai,东海,东海,,,,,,,,,,,,,,,,,,
castle_CHUB28,成愿寺城,hokuriku,北陆,北陆,,,,,,,,,,,,,,,,,,
castle_CHUB29,归云城,tosan,东山,甲信,,,,,,,,,,,,,,,,,,
castle_CHUB30,锅山城,tosan,东山,甲信,,,,,,,,,,,,,,,,,,
castle_CHUB31,小鹰利城,tosan,东山,甲信,,,,,,,,,,,,,,,,,,
castle_CHUB32,森城,tosan,东山,甲信,,,,,,,,,,,,,,,,,,
castle_CHUB35,能美城,tosan,东山,甲信,,,,,,,,,,,,,,,,,,
castle_KA2,小机城,kanto,关东,关东,,,,,,,,,,,,,,,,,,
castle_KA3,本佐仓城,kanto,关东,关东,,,,,,,,,,,,,,,,,,
castle_KA4,土气城,kanto,关东,关东,,,,,,,,,,,,,,,,,,
castle_KA5,椎津城,kanto,关东,关东,,,,,,,,,,,,,,,,,,
castle_KA6,佐贯城,kanto,关东,关东,,,,,,,,,,,,,,,,,,
castle_KA7,冈本城,kanto,关东,关东,,,,,,,,,,,,,,,,,,
castle_KA8,大多喜城,kanto,关东,关东,,,,,,,,,,,,,,,,,,
castle_KA10,饭沼城,kanto,关东,关东,,,,,,,,,,,,,,,,,,
castle_KA15,国峰城,kanto,关东,关东,,,,,,,,,,,,,,,,,,
castle_KA18,金山城,kanto,关东,关东,,,,,,,,,,,,,,,,,,
castle_KA21,益子城,kanto,关东,关东,,,,,,,,,,,,,,,,,,
castle_KA22,笠间城,kanto,关东,关东,,,,,,,,,,,,,,,,,,
castle_KA24,牛久城,kanto,关东,关东,,,,,,,,,,,,,,,,,,
castle_KA26,古河城,kanto,关东,关东,,,,,,,,,,,,,,,,,,
castle_KA27,鹿岛城,kanto,关东,关东,,,,,,,,,,,,,,,,,,
castle_KA28,钵形城,kanto,关东,关东,,,,,,,,,,,,,,,,,,
town_KIN1,姬路城,kinai,畿内,近畿,,,,,,,,,,,,,,,,,,
town_KIN3,堺,kinai,畿内,近畿,,,,,,,,,,,,,,,,,,
town_KIN4,奈良,kinai,畿内,近畿,,,,,,,,,,,,,,,,,,
castle_KIN1,盐田城,kinai,畿内,近畿,,,,,,,,,,,,,,,,,,
castle_KIN2,生野城,kinai,畿内,近畿,,,,,,,,,,,,,,,,,,
castle_KIN3,此隅山城,kinai,畿内,近畿,,,,,,,,,,,,,,,,,,
castle_KIN4,建部山城,kinai,畿内,近畿,,,,,,,,,,,,,,,,,,
castle_KIN7,泷山城,kinai,畿内,近畿,,,,,,,,,,,,,,,,,,
castle_KIN9,朽木城,kinai,畿内,近畿,,,,,,,,,,,,,,,,,,
castle_KIN15,岩室城,kinai,畿内,近畿,,,,,,,,,,,,,,,,,,
castle_KIN16,鸟屋城,kinai,畿内,近畿,,,,,,,,,,,,,,,,,,
castle_KIN21,佐久间龟山城,kinai,畿内,近畿,,,,,,,,,,,,,,,,,,
castle_KIN24,纪伊龟山城,kinai,畿内,近畿,,,,,,,,,,,,,,,,,,
town_KY3,佐土原城,saikai,西海,九州,,,,,,,,,,,,,,,,,,
town_KY5,臼杵城,saikai,西海,九州,,,,,,,,,,,,,,,,,,
castle_KY2,志布志城,saikai,西海,九州,,,,,,,,,,,,,,,,,,
castle_KY3,加濑田城,saikai,西海,九州,,,,,,,,,,,,,,,,,,
castle_KY6,伊作城,saikai,西海,九州,,,,,,,,,,,,,,,,,,
castle_KY7,颖娃城,saikai,西海,九州,,,,,,,,,,,,,,,,,,
castle_KY8,饭野城,saikai,西海,九州,,,,,,,,,,,,,,,,,,
castle_KY9,一宇治城,saikai,西海,九州,,,,,,,,,,,,,,,,,,
castle_KY11,沃肥城,saikai,西海,九州,,,,,,,,,,,,,,,,,,
castle_KY12,清武城,saikai,西海,九州,,,,,,,,,,,,,,,,,,
castle_KY13,绫城,saikai,西海,九州,,,,,,,,,,,,,,,,,,
castle_KY14,门川城,saikai,西海,九州,,,,,,,,,,,,,,,,,,
castle_KY15,锅城,saikai,西海,九州,,,,,,,,,,,,,,,,,,
castle_KY16,大口城,saikai,西海,九州,,,,,,,,,,,,,,,,,,
castle_KY17,古麓城,saikai,西海,九州,,,,,,,,,,,,,,,,,,
castle_KY18,鹤崎城,saikai,西海,九州,,,,,,,,,,,,,,,,,,
castle_KY20,杵筑城,saikai,西海,九州,,,,,,,,,,,,,,,,,,
castle_KY21,高井岳城,saikai,西海,九州,,,,,,,,,,,,,,,,,,
castle_KY22,山下城,saikai,西海,九州,,,,,,,,,,,,,,,,,,
castle_KY23,玉冈城,saikai,西海,九州,,,,,,,,,,,,,,,,,,
castle_KY24,香春岳城,saikai,西海,九州,,,,,,,,,,,,,,,,,,
castle_KY25,松山城,saikai,西海,九州,,,,,,,,,,,,,,,,,,
castle_KY26,莲池城,saikai,西海,九州,,,,,,,,,,,,,,,,,,
castle_KY27,势福寺城,saikai,西海,九州,,,,,,,,,,,,,,,,,,
castle_KY28,梶峰城,saikai,西海,九州,,,,,,,,,,,,,,,,,,
castle_KY29,三条城,saikai,西海,九州,,,,,,,,,,,,,,,,,,
castle_KY30,须古城,saikai,西海,九州,,,,,,,,,,,,,,,,,,
castle_KY31,御船城,saikai,西海,九州,,,,,,,,,,,,,,,,,,
town_SHI2,黑濑城,nankai,南海,四国,,,,,,,,,,,,,,,,,,
town_SHI7,牛岐城,nankai,南海,四国,,,,,,,,,,,,,,,,,,
castle_SHI1,姬野野城,nankai,南海,四国,,,,,,,,,,,,,,,,,,
castle_SHI2,大洲城,nankai,南海,四国,,,,,,,,,,,,,,,,,,
castle_SHI3,常盘城,nankai,南海,四国,,,,,,,,,,,,,,,,,,
castle_SHI4,国分山城,nankai,南海,四国,,,,,,,,,,,,,,,,,,
castle_SHI5,吉良城,nankai,南海,四国,,,,,,,,,,,,,,,,,,
castle_SHI6,金子城,nankai,南海,四国,,,,,,,,,,,,,,,,,,
castle_SHI7,大西城,nankai,南海,四国,,,,,,,,,,,,,,,,,,
castle_SHI8,安艺城,nankai,南海,四国,,,,,,,,,,,,,,,,,,
castle_SHI9,崎滨城,nankai,南海,四国,,,,,,,,,,,,,,,,,,
castle_SHI11,土佐泊城,nankai,南海,四国,,,,,,,,,,,,,,,,,,
town_TOHO4,石卷城,ou,奥羽,东北,,,,,,,,,,,,,,,,,,
town_TOHO8,十三湊,ou,奥羽,东北,,,,,,,,,,,,,,,,,,
castle_TOHO2,猪苗代城,ou,奥羽,东北,,,,,,,,,,,,,,,,,,
castle_TOHO4,三春城,ou,奥羽,东北,,,,,,,,,,,,,,,,,,
castle_TOHO6,饭野平城,ou,奥羽,东北,,,,,,,,,,,,,,,,,,
castle_TOHO8,相马中村城,ou,奥羽,东北,,,,,,,,,,,,,,,,,,
castle_TOHO9,梁川城,ou,奥羽,东北,,,,,,,,,,,,,,,,,,
castle_TOHO10,亘理城,ou,奥羽,东北,,,,,,,,,,,,,,,,,,
castle_TOHO11,天童城,ou,奥羽,东北,,,,,,,,,,,,,,,,,,
castle_TOHO13,中新田城,ou,奥羽,东北,,,,,,,,,,,,,,,,,,
castle_TOHO15,高清水城,ou,奥羽,东北,,,,,,,,,,,,,,,,,,
castle_TOHO17,延泽城,ou,奥羽,东北,,,,,,,,,,,,,,,,,,
castle_TOHO19,仁贺保城,ou,奥羽,东北,,,,,,,,,,,,,,,,,,
castle_TOHO20,稻庭城,ou,奥羽,东北,,,,,,,,,,,,,,,,,,
castle_TOHO22,赤岩城,ou,奥羽,东北,,,,,,,,,,,,,,,,,,
castle_TOHO23,横田城,ou,奥羽,东北,,,,,,,,,,,,,,,,,,
castle_TOHO24,千德城,ou,奥羽,东北,,,,,,,,,,,,,,,,,,
castle_TOHO28,大馆城,ou,奥羽,东北,,,,,,,,,,,,,,,,,,
castle_TOHO30,久慈城,ou,奥羽,东北,,,,,,,,,,,,,,,,,,
castle_TOHO31,根城,ou,奥羽,东北,,,,,,,,,,,,,,,,,,
castle_TOHO32,七户城,ou,奥羽,东北,,,,,,,,,,,,,,,,,,
castle_TOHO34,浪冈城,ou,奥羽,东北,,,,,,,,,,,,,,,,,,
castle_TOHO35,顺法寺城,ou,奥羽,东北,,,,,,,,,,,,,,,,,,
castle_village_AMA1_1,西之岛,sanyo,山阳,中国,,,,,,,,,,,,,,,,,,
castle_village_AMA1_2,知夫里,sanyo,山阳,中国,,,,,,,,,,,,,,,,,,
village_CHU1_1,赤间关,sanyo,山阳,中国,,,,,,,,,,,,,,,,,,
village_CHU1_2,长府,sanyo,山阳,中国,,,,,,,,,,,,,,,,,,
village_CHU1_3,秋穗,sanyo,山阳,中国,,,,,,,,,,,,,,,,,,
village_CHU2_1,萩,sanyo,山阳,中国,,,,,,,,,,,,,,,,,,
village_CHU2_2,大井,sanyo,山阳,中国,,,,,,,,,,,,,,,,,,
village_CHU2_3,三葛,sanyo,山阳,中国,,,,,,,,,,,,,,,,,,
village_CHU3_1,户河内,sanyo,山阳,中国,备中|安芸,,,,,,,,,,,,,,,,,
village_CHU3_3,三次,sanyo,山阳,中国,备中|安芸,,,,,,,,,,,,,,,,,
village_CHU4_1,鞆浦,sanyo,山阳,中国,,,,,,,,,,,,,,,,,,
village_CHU4_2,石金,sanyo,山阳,中国,,,,,,,,,,,,,,,,,,
village_CHU4_3,羽根,sanyo,山阳,中国,,,,,,,,,,,,,,,,,,
village_CHU5_2,美保关,sanyo,山阳,中国,出云,,,,,,,,,,,,,,,,,
village_CHU5_3,淀江,sanyo,山阳,中国,出云,,,,,,,,,,,,,,,,,
village_CHU6_2,八浜,sanyo,山阳,中国,备中|备前,,,,,,,,,,,,,,,,,
village_CHU6_3,西大寺,sanyo,山阳,中国,备中|备前,,,,,,,,,,,,,,,,,
castle_village_CHU1_1,肥中,sanyo,山阳,中国,,,,,,,,,,,,,,,,,,
castle_village_CHU1_2,濑户崎,sanyo,山阳,中国,,,,,,,,,,,,,,,,,,
castle_village_CHU2_1,三田尻,sanyo,山阳,中国,,,,,,,,,,,,,,,,,,
castle_village_CHU2_2,宫市,sanyo,山阳,中国,,,,,,,,,,,,,,,,,,
castle_village_CHU3_1,须佐,sanyo,山阳,中国,,,,,,,,,,,,,,,,,,
castle_village_CHU3_2,中须,sanyo,山阳,中国,,,,,,,,,,,,,,,,,,
castle_village_CHU4_1,室积,sanyo,山阳,中国,,,,,,,,,,,,,,,,,,
castle_village_CHU4_2,岩国,sanyo,山阳,中国,,,,,,,,,,,,,,,,,,
castle_village_CHU5_1,玖波,sanyo,山阳,中国,安芸,,,,,,,,,,,,,,,,,
castle_village_CHU5_2,严岛,sanyo,山阳,中国,安芸,,,,,,,,,,,,,,,,,
castle_village_CHU7_1,濑户,sanyo,山阳,中国,,,,,,,,,,,,,,,,,,
castle_village_CHU7_2,吴,sanyo,山阳,中国,,,,,,,,,,,,,,,,,,
castle_village_CHU8_1,竹原,sanyo,山阳,中国,,,,,,,,,,,,,,,,,,
castle_village_CHU8_2,白市,sanyo,山阳,中国,,,,,,,,,,,,,,,,,,
castle_village_CHU9_1,杵筑,sanyo,山阳,中国,,,,,,,,,,,,,,,,,,
castle_village_CHU9_2,白潟,sanyo,山阳,中国,,,,,,,,,,,,,,,,,,
castle_village_CHU10_1,王子,sanyo,山阳,中国,,,,,,,,,,,,,,,,,,
castle_village_CHU10_2,宫浦,sanyo,山阳,中国,,,,,,,,,,,,,,,,,,
castle_village_CHU11_1,中之庄,sanyo,山阳,中国,,,,,,,,,,,,,,,,,,
castle_village_CHU11_2,濑户田,sanyo,山阳,中国,,,,,,,,,,,,,,,,,,
castle_village_CHU12_1,尾道,sanyo,山阳,中国,,,,,,,,,,,,,,,,,,
castle_village_CHU12_2,笠冈,sanyo,山阳,中国,,,,,,,,,,,,,,,,,,
castle_village_CHU13_1,连岛,sanyo,山阳,中国,备后,,,,,,,,,,,,,,,,,
castle_village_CHU13_2,下津,sanyo,山阳,中国,备后,,,,,,,,,,,,,,,,,
castle_village_CHU14_1,牛窓,sanyo,山阳,中国,周防长门,,,,,,,,,,,,,,,,,
castle_village_CHU14_2,忌部,sanyo,山阳,中国,周防长门,,,,,,,,,,,,,,,,,
castle_village_CHU15_1,盐汤,sanyo,山阳,中国,备前,,,,,,,,,,,,,,,,,
castle_village_CHU15_2,户川,sanyo,山阳,中国,备前,,,,,,,,,,,,,,,,,
castle_village_CHU16_1,桥津,sanyo,山阳,中国,因幡伯耆,,,,,,,,,,,,,,,,,
village_CHUB1_1,水落,hokuriku,北陆,北陆,越前,,,,,,,,,,,,,,,,,
village_CHUB1_3,平泉寺,hokuriku,北陆,北陆,越前,,,,,,,,,,,,,,,,,
village_CHUB2_1,牛深,hokuriku,北陆,北陆,,,,,,,,,,,,,,,,,,
village_CHUB2_2,安宅,hokuriku,北陆,北陆,,,,,,,,,,,,,,,,,,
village_CHUB2_3,宫腰,hokuriku,北陆,北陆,,,,,,,,,,,,,,,,,,
village_CHUB3_1,能登福浦,hokuriku,北陆,北陆,能登,,,,,,,,,,,,,,,,,
village_CHUB3_2,羽咋,hokuriku,北陆,北陆,能登,,,,,,,,,,,,,,,,,
village_CHUB3_3,冰见,hokuriku,北陆,北陆,能登,,,,,,,,,,,,,,,,,
village_CHUB4_1,船居,hokuriku,北陆,北陆,越后,,,,,,,,,,,,,,,,,
village_CHUB4_3,荒井,hokuriku,北陆,北陆,越后,,,,,,,,,,,,,,,,,
village_CHUB5_1,蒲原,hokuriku,北陆,北陆,越后,,,,,,,,,,,,,,,,,
village_CHUB5_2,新发田,hokuriku,北陆,北陆,越后,,,,,,,,,,,,,,,,,
village_CHUB5_3,津川,hokuriku,北陆,北陆,越后,,,,,,,,,,,,,,,,,
village_CHUB6_1,盐尻,tosan,东山,甲信,,,,,,,,,,,,,,,,,,
village_CHUB6_2,朝坂,tosan,东山,甲信,,,,,,,,,,,,,,,,,,
village_CHUB6_3,诹访,tosan,东山,甲信,,,,,,,,,,,,,,,,,,
village_CHUB7_1,岩间,tosan,东山,甲信,甲斐,,,,,,,,,,,,,,,,,
village_CHUB7_2,上户,tosan,东山,甲信,甲斐,,,,,,,,,,,,,,,,,
village_CHUB7_3,盐山,tosan,东山,甲信,甲斐,,,,,,,,,,,,,,,,,
village_CHUB8_1,小河湊,tokai,东海,东海,骏河,,,,,,,,,,,,,,,,,
village_CHUB8_2,久能寺,tokai,东海,东海,骏河,,,,,,,,,,,,,,,,,
village_CHUB8_3,清水,tokai,东海,东海,骏河,,,,,,,,,,,,,,,,,
village_CHUB9_1,挂塚,tokai,东海,东海,远江,,,,,,,,,,,,,,,,,
village_CHUB9_2,浅羽,tokai,东海,东海,远江,,,,,,,,,,,,,,,,,
village_CHUB9_3,浜野浦,tokai,东海,东海,远江,,,,,,,,,,,,,,,,,
village_CHUB10_1,内海,tokai,东海,东海,三河,,,,,,,,,,,,,,,,,
village_CHUB10_2,小浜,tokai,东海,东海,三河,,,,,,,,,,,,,,,,,
village_CHUB10_3,刈谷,tokai,东海,东海,三河,,,,,,,,,,,,,,,,,
village_CHUB11_1,津岛,tosan,东山,甲信,尾张,,,,,,,,,,,,,,,,,
village_CHUB11_3,热田,tosan,东山,甲信,尾张,,,,,,,,,,,,,,,,,
village_CHUB12_1,下吕,tosan,东山,甲信,,,,,,,,,,,,,,,,,,
village_CHUB12_2,马濑,tosan,东山,甲信,,,,,,,,,,,,,,,,,,
village_CHUB12_3,萩原,tosan,东山,甲信,,,,,,,,,,,,,,,,,,
village_CHUB13_2,各务原,tosan,东山,甲信,美浓,,,,,,,,,,,,,,,,,
village_CHUB13_3,犬山,tosan,东山,甲信,美浓,,,,,,,,,,,,,,,,,
castle_village_CHUB1_2,小浜,hokuriku,北陆,北陆,,,,,,,,,,,,,,,,,,
castle_village_CHUB2_1,金浦,hokuriku,北陆,北陆,,,,,,,,,,,,,,,,,,
castle_village_CHUB2_2,越府,hokuriku,北陆,北陆,,,,,,,,,,,,,,,,,,
castle_village_CHUB3_1,三国湊,hokuriku,北陆,北陆,,,,,,,,,,,,,,,,,,
castle_village_CHUB4_1,吉崎,hokuriku,北陆,北陆,加贺,,,,,,,,,,,,,,,,,
castle_village_CHUB4_2,御幸塚,hokuriku,北陆,北陆,加贺,,,,,,,,,,,,,,,,,
castle_village_CHUB5_1,放生津,hokuriku,北陆,北陆,,,,,,,,,,,,,,,,,,
castle_village_CHUB6_1,中居,hokuriku,北陆,北陆,,,,,,,,,,,,,,,,,,
castle_village_CHUB6_2,轮岛,hokuriku,北陆,北陆,,,,,,,,,,,,,,,,,,
castle_village_CHUB7_1,近江,hokuriku,北陆,北陆,,,,,,,,,,,,,,,,,,
castle_village_CHUB7_2,能生,hokuriku,北陆,北陆,,,,,,,,,,,,,,,,,,
castle_village_CHUB8_1,柿崎,hokuriku,北陆,北陆,,,,,,,,,,,,,,,,,,
castle_village_CHUB8_2,柏崎,hokuriku,北陆,北陆,,,,,,,,,,,,,,,,,,
castle_village_CHUB9_1,出云崎,hokuriku,北陆,北陆,,,,,,,,,,,,,,,,,,
castle_village_CHUB9_2,寺泊,hokuriku,北陆,北陆,,,,,,,,,,,,,,,,,,
castle_village_CHUB10_1,泽根,hokuriku,北陆,北陆,,,,,,,,,,,,,,,,,,
castle_village_CHUB10_2,松崎,hokuriku,北陆,北陆,,,,,,,,,,,,,,,,,,
castle_village_CHUB11_1,平林,hokuriku,北陆,北陆,,,,,,,,,,,,,,,,,,
castle_village_CHUB11_2,岩舟,hokuriku,北陆,北陆,,,,,,,,,,,,,,,,,,
castle_village_CHUB12_1,村上,hokuriku,北陆,北陆,越后,,,,,,,,,,,,,,,,,
castle_village_CHUB12_2,猿泽,hokuriku,北陆,北陆,越后,,,,,,,,,,,,,,,,,
castle_village_CHUB13_1,藏王堂,hokuriku,北陆,北陆,,,,,,,,,,,,,,,,,,
castle_village_CHUB13_2,三条,hokuriku,北陆,北陆,,,,,,,,,,,,,,,,,,
castle_village_CHUB14_2,汤泽,hokuriku,北陆,北陆,,,,,,,,,,,,,,,,,,
castle_village_CHUB15_1,芋生,tosan,东山,甲信,北信浓,,,,,,,,,,,,,,,,,
castle_village_CHUB15_2,冰铯,tosan,东山,甲信,北信浓,,,,,,,,,,,,,,,,,
castle_village_CHUB16_1,坂木,tosan,东山,甲信,,,,,,,,,,,,,,,,,,
castle_village_CHUB16_2,山家,tosan,东山,甲信,,,,,,,,,,,,,,,,,,
castle_village_CHUB17_1,立科,tosan,东山,甲信,北信浓,,,,,,,,,,,,,,,,,
castle_village_CHUB17_2,岩村田,tosan,东山,甲信,北信浓,,,,,,,,,,,,,,,,,
castle_village_CHUB18_1,吉田,tosan,东山,甲信,甲斐,,,,,,,,,,,,,,,,,
castle_village_CHUB18_2,都留,tosan,东山,甲信,甲斐,,,,,,,,,,,,,,,,,
castle_village_CHUB19_1,冈宫,tokai,东海,东海,,,,,,,,,,,,,,,,,,
castle_village_CHUB19_2,三岛,tokai,东海,东海,,,,,,,,,,,,,,,,,,
castle_village_CHUB20_1,沼津,tokai,东海,东海,,,,,,,,,,,,,,,,,,
castle_village_CHUB20_2,土肥,tokai,东海,东海,,,,,,,,,,,,,,,,,,
castle_village_CHUB21_1,伊东,tokai,东海,东海,,,,,,,,,,,,,,,,,,
castle_village_CHUB21_2,下田,tokai,东海,东海,,,,,,,,,,,,,,,,,,
castle_village_CHUB22_1,大宫,tokai,东海,东海,,,,,,,,,,,,,,,,,,
castle_village_CHUB22_2,吉原,tokai,东海,东海,,,,,,,,,,,,,,,,,,
castle_village_CHUB23_1,挂川,tokai,东海,东海,远江,,,,,,,,,,,,,,,,,
castle_village_CHUB23_2,相良湊,tokai,东海,东海,远江,,,,,,,,,,,,,,,,,
castle_village_CHUB24_1,荒井湊,tokai,东海,东海,,,,,,,,,,,,,,,,,,
castle_village_CHUB24_2,村栉,tokai,东海,东海,,,,,,,,,,,,,,,,,,
castle_village_CHUB25_1,牟吕,tokai,东海,东海,三河,,,,,,,,,,,,,,,,,
castle_village_CHUB25_2,东观音寺,tokai,东海,东海,三河,,,,,,,,,,,,,,,,,
castle_village_CHUB26_1,宫川,tosan,东山,甲信,美浓,,,,,,,,,,,,,,,,,
castle_village_CHUB26_2,养老,tosan,东山,甲信,美浓,,,,,,,,,,,,,,,,,
castle_village_CHUB28_1,成愿寺,hokuriku,北陆,北陆,,,,,,,,,,,,,,,,,,
castle_village_CHUB28_2,前波,hokuriku,北陆,北陆,,,,,,,,,,,,,,,,,,
castle_village_CHUB29_1,归云,tosan,东山,甲信,,,,,,,,,,,,,,,,,,
castle_village_CHUB29_2,白川,tosan,东山,甲信,,,,,,,,,,,,,,,,,,
castle_village_CHUB30_1,八贺,tosan,东山,甲信,,,,,,,,,,,,,,,,,,
castle_village_CHUB30_2,吉城,tosan,东山,甲信,,,,,,,,,,,,,,,,,,
castle_village_CHUB31_2,小岛,tosan,东山,甲信,,,,,,,,,,,,,,,,,,
castle_village_CHUB32_1,池田,tosan,东山,甲信,,,,,,,,,,,,,,,,,,
castle_village_CHUB32_2,更级,tosan,东山,甲信,,,,,,,,,,,,,,,,,,
castle_village_CHUB33_1,洗马,tosan,东山,甲信,南信浓,,,,,,,,,,,,,,,,,
castle_village_CHUB34_1,寺町,tosan,东山,甲信,南信浓,,,,,,,,,,,,,,,,,
castle_village_CHUB34_2,福地,tosan,东山,甲信,南信浓,,,,,,,,,,,,,,,,,
castle_village_CHUB35_2,市川,tosan,东山,甲信,,,,,,,,,,,,,,,,,,
village_KA1_1,热海,kanto,关东,关东,相模伊豆,,,,,,,,,,,,,,,,,
village_KA1_2,须贺,kanto,关东,关东,相模伊豆,,,,,,,,,,,,,,,,,
village_KA2_1,品川,kanto,关东,关东,武藏,,,,,,,,,,,,,,,,,
village_KA2_2,船桥,kanto,关东,关东,武藏,,,,,,,,,,,,,,,,,
village_KA2_3,市川,kanto,关东,关东,武藏,,,,,,,,,,,,,,,,,
village_KA3_1,额田,kanto,关东,关东,常陆,,,,,,,,,,,,,,,,,
village_KA3_2,久慈浜,kanto,关东,关东,常陆,,,,,,,,,,,,,,,,,
village_KA3_3,大久保,kanto,关东,关东,常陆,,,,,,,,,,,,,,,,,
village_KA4_1,鹿沼,kanto,关东,关东,下野,,,,,,,,,,,,,,,,,
village_KA4_2,饭山,kanto,关东,关东,下野,,,,,,,,,,,,,,,,,
village_KA4_3,盐谷,kanto,关东,关东,下野,,,,,,,,,,,,,,,,,
village_KA5_1,安中,kanto,关东,关东,上野,,,,,,,,,,,,,,,,,
village_KA5_2,仓贺野,kanto,关东,关东,上野,,,,,,,,,,,,,,,,,
castle_village_KA1_1,三崎,kanto,关东,关东,武藏,,,,,,,,,,,,,,,,,
castle_village_KA1_2,浦贺,kanto,关东,关东,武藏,,,,,,,,,,,,,,,,,
castle_village_KA2_1,六浦,kanto,关东,关东,,,,,,,,,,,,,,,,,,
castle_village_KA2_2,神奈川,kanto,关东,关东,,,,,,,,,,,,,,,,,,
castle_village_KA3_2,成田,kanto,关东,关东,,,,,,,,,,,,,,,,,,
castle_village_KA4_1,市原,kanto,关东,关东,,,,,,,,,,,,,,,,,,
castle_village_KA4_2,小弓,kanto,关东,关东,,,,,,,,,,,,,,,,,,
castle_village_KA5_1,木更津,kanto,关东,关东,,,,,,,,,,,,,,,,,,
castle_village_KA5_2,椎津,kanto,关东,关东,,,,,,,,,,,,,,,,,,
castle_village_KA6_1,佐贯,kanto,关东,关东,,,,,,,,,,,,,,,,,,
castle_village_KA6_2,富津,kanto,关东,关东,,,,,,,,,,,,,,,,,,
castle_village_KA7_1,馆山,kanto,关东,关东,,,,,,,,,,,,,,,,,,
castle_village_KA7_2,保田,kanto,关东,关东,,,,,,,,,,,,,,,,,,
castle_village_KA8_1,小湊,kanto,关东,关东,,,,,,,,,,,,,,,,,,
castle_village_KA9_1,久留里,kanto,关东,关东,上总安房,,,,,,,,,,,,,,,,,
castle_village_KA9_2,真里谷,kanto,关东,关东,上总安房,,,,,,,,,,,,,,,,,
castle_village_KA10_1,廿日市,kanto,关东,关东,,,,,,,,,,,,,,,,,,
castle_village_KA10_2,饭沼,kanto,关东,关东,,,,,,,,,,,,,,,,,,
castle_village_KA11_1,高浜,kanto,关东,关东,丰後,,,,,,,,,,,,,,,,,
castle_village_KA11_2,鉾田,kanto,关东,关东,丰後,,,,,,,,,,,,,,,,,
castle_village_KA12_1,水户,kanto,关东,关东,常陆,,,,,,,,,,,,,,,,,
castle_village_KA12_2,那珂湊,kanto,关东,关东,常陆,,,,,,,,,,,,,,,,,
castle_village_KA13_1,福原,kanto,关东,关东,下野,,,,,,,,,,,,,,,,,
castle_village_KA13_2,大田原,kanto,关东,关东,下野,,,,,,,,,,,,,,,,,
castle_village_KA14_1,涩川,kanto,关东,关东,上野,,,,,,,,,,,,,,,,,
castle_village_KA14_2,沼田,kanto,关东,关东,上野,,,,,,,,,,,,,,,,,
castle_village_KA15_1,小幡,kanto,关东,关东,,,,,,,,,,,,,,,,,,
castle_village_KA15_2,奥平,kanto,关东,关东,,,,,,,,,,,,,,,,,,
castle_village_KA16_1,深谷,kanto,关东,关东,武藏,,,,,,,,,,,,,,,,,
castle_village_KA16_2,熊谷,kanto,关东,关东,武藏,,,,,,,,,,,,,,,,,
castle_village_KA17_1,川越,kanto,关东,关东,武藏,,,,,,,,,,,,,,,,,
castle_village_KA17_2,浦和,kanto,关东,关东,武藏,,,,,,,,,,,,,,,,,
castle_village_KA18_1,新田,kanto,关东,关东,,,,,,,,,,,,,,,,,,
castle_village_KA19_1,赤见,kanto,关东,关东,下野,,,,,,,,,,,,,,,,,
castle_village_KA19_2,佐野,kanto,关东,关东,下野,,,,,,,,,,,,,,,,,
castle_village_KA20_1,壬生,kanto,关东,关东,下总,,,,,,,,,,,,,,,,,
castle_village_KA20_2,下馆,kanto,关东,关东,下总,,,,,,,,,,,,,,,,,
castle_village_KA21_1,芳贺,kanto,关东,关东,,,,,,,,,,,,,,,,,,
castle_village_KA21_2,真冈,kanto,关东,关东,,,,,,,,,,,,,,,,,,
castle_village_KA22_1,笠间,kanto,关东,关东,,,,,,,,,,,,,,,,,,
castle_village_KA22_2,赤泽,kanto,关东,关东,,,,,,,,,,,,,,,,,,
castle_village_KA23_1,小田,kanto,关东,关东,常陆,,,,,,,,,,,,,,,,,
castle_village_KA24_1,牛久,kanto,关东,关东,,,,,,,,,,,,,,,,,,
castle_village_KA24_2,谷田部,kanto,关东,关东,,,,,,,,,,,,,,,,,,
castle_village_KA25_1,小金,kanto,关东,关东,武藏,,,,,,,,,,,,,,,,,
castle_village_KA25_2,松山,kanto,关东,关东,武藏,,,,,,,,,,,,,,,,,
castle_village_KA26_1,古河,kanto,关东,关东,,,,,,,,,,,,,,,,,,
castle_village_KA26_2,关宿,kanto,关东,关东,,,,,,,,,,,,,,,,,,
castle_village_KA27_1,佐原,kanto,关东,关东,,,,,,,,,,,,,,,,,,
castle_village_KA27_2,鹿岛,kanto,关东,关东,,,,,,,,,,,,,,,,,,
castle_village_KA28_1,藤田,kanto,关东,关东,,,,,,,,,,,,,,,,,,
castle_village_KA28_2,秩父,kanto,关东,关东,,,,,,,,,,,,,,,,,,
village_KIN1_1,那波,kinai,畿内,近畿,,,,,,,,,,,,,,,,,,
village_KIN1_3,阿贺,kinai,畿内,近畿,,,,,,,,,,,,,,,,,,
village_KIN2_1,尼崎,kinai,畿内,近畿,摄津,,,,,,,,,,,,,,,,,
village_KIN2_3,若江,kinai,畿内,近畿,摄津,,,,,,,,,,,,,,,,,
village_KIN3_1,草部,kinai,畿内,近畿,,,,,,,,,,,,,,,,,,
village_KIN3_2,吐师,kinai,畿内,近畿,,,,,,,,,,,,,,,,,,
village_KIN3_3,石津,kinai,畿内,近畿,,,,,,,,,,,,,,,,,,
village_KIN4_2,斑鸠,kinai,畿内,近畿,,,,,,,,,,,,,,,,,,
village_KIN4_3,今井,kinai,畿内,近畿,,,,,,,,,,,,,,,,,,
village_KIN5_2,大津,kinai,畿内,近畿,山城,,,,,,,,,,,,,,,,,
village_KIN5_3,山科,kinai,畿内,近畿,山城,,,,,,,,,,,,,,,,,
village_KIN6_2,坚田,kinai,畿内,近畿,南近江,,,,,,,,,,,,,,,,,
village_KIN6_3,安土,kinai,畿内,近畿,南近江,,,,,,,,,,,,,,,,,
village_KIN7_1,长浜,kinai,畿内,近畿,北近江,,,,,,,,,,,,,,,,,
village_KIN7_2,国友,kinai,畿内,近畿,北近江,,,,,,,,,,,,,,,,,
castle_village_KIN1_1,盐田,kinai,畿内,近畿,,,,,,,,,,,,,,,,,,
castle_village_KIN2_2,粟贺,kinai,畿内,近畿,,,,,,,,,,,,,,,,,,
castle_village_KIN3_1,养父,kinai,畿内,近畿,,,,,,,,,,,,,,,,,,
castle_village_KIN3_2,木崎,kinai,畿内,近畿,,,,,,,,,,,,,,,,,,
castle_village_KIN4_2,田边,kinai,畿内,近畿,,,,,,,,,,,,,,,,,,
castle_village_KIN5_1,大盐,kinai,畿内,近畿,播磨,,,,,,,,,,,,,,,,,
castle_village_KIN6_1,三木,kinai,畿内,近畿,播磨,,,,,,,,,,,,,,,,,
castle_village_KIN6_2,明石,kinai,畿内,近畿,播磨,,,,,,,,,,,,,,,,,
castle_village_KIN7_1,兵库,kinai,畿内,近畿,,,,,,,,,,,,,,,,,,
castle_village_KIN7_2,有马,kinai,畿内,近畿,,,,,,,,,,,,,,,,,,
castle_village_KIN8_2,富田,kinai,畿内,近畿,摄津,,,,,,,,,,,,,,,,,
castle_village_KIN9_1,长浜,kinai,畿内,近畿,,,,,,,,,,,,,,,,,,
castle_village_KIN9_2,海津,kinai,畿内,近畿,,,,,,,,,,,,,,,,,,
castle_village_KIN10_1,多贺,kinai,畿内,近畿,北近江,,,,,,,,,,,,,,,,,
castle_village_KIN11_1,富雄,kinai,畿内,近畿,大和伊贺,,,,,,,,,,,,,,,,,
castle_village_KIN11_2,平群,kinai,畿内,近畿,大和伊贺,,,,,,,,,,,,,,,,,
castle_village_KIN12_1,久宝寺,kinai,畿内,近畿,河内和泉,,,,,,,,,,,,,,,,,
castle_village_KIN12_2,富田林,kinai,畿内,近畿,河内和泉,,,,,,,,,,,,,,,,,
castle_village_KIN13_1,贝塚,kinai,畿内,近畿,河内和泉,,,,,,,,,,,,,,,,,
castle_village_KIN13_2,淡轮,kinai,畿内,近畿,河内和泉,,,,,,,,,,,,,,,,,
castle_village_KIN14_1,由良,kinai,畿内,近畿,阿波淡路,,,,,,,,,,,,,,,,,
castle_village_KIN14_2,福浦,kinai,畿内,近畿,阿波淡路,,,,,,,,,,,,,,,,,
castle_village_KIN15_1,加太,kinai,畿内,近畿,,,,,,,,,,,,,,,,,,
castle_village_KIN16_1,汤浅,kinai,畿内,近畿,,,,,,,,,,,,,,,,,,
castle_village_KIN16_2,纪伊由良,kinai,畿内,近畿,,,,,,,,,,,,,,,,,,
castle_village_KIN17_1,国崎,kinai,畿内,近畿,伊势志摩,,,,,,,,,,,,,,,,,
castle_village_KIN17_2,大湊,kinai,畿内,近畿,伊势志摩,,,,,,,,,,,,,,,,,
castle_village_KIN18_1,有泷,kinai,畿内,近畿,伊势志摩,,,,,,,,,,,,,,,,,
castle_village_KIN18_2,细汲,kinai,畿内,近畿,伊势志摩,,,,,,,,,,,,,,,,,
castle_village_KIN19_1,名张,kinai,畿内,近畿,大和伊贺,,,,,,,,,,,,,,,,,
castle_village_KIN19_2,柘植,kinai,畿内,近畿,大和伊贺,,,,,,,,,,,,,,,,,
castle_village_KIN20_1,水口,kinai,畿内,近畿,南近江,,,,,,,,,,,,,,,,,
castle_village_KIN20_2,音羽,kinai,畿内,近畿,南近江,,,,,,,,,,,,,,,,,
castle_village_KIN21_1,白子,kinai,畿内,近畿,,,,,,,,,,,,,,,,,,
castle_village_KIN21_2,屈巢,kinai,畿内,近畿,,,,,,,,,,,,,,,,,,
castle_village_KIN22_1,桑名,kinai,畿内,近畿,伊势志摩,,,,,,,,,,,,,,,,,
castle_village_KIN22_2,中江,kinai,畿内,近畿,伊势志摩,,,,,,,,,,,,,,,,,
castle_village_KIN23_1,大山崎,kinai,畿内,近畿,山城,,,,,,,,,,,,,,,,,
castle_village_KIN23_2,宇治,kinai,畿内,近畿,山城,,,,,,,,,,,,,,,,,
castle_village_KIN24_1,小松原,kinai,畿内,近畿,,,,,,,,,,,,,,,,,,
castle_village_KIN24_2,御坊,kinai,畿内,近畿,,,,,,,,,,,,,,,,,,
village_KY1_1,高须,saikai,西海,九州,大隅,,,,,,,,,,,,,,,,,
village_KY1_2,姶良,saikai,西海,九州,大隅,,,,,,,,,,,,,,,,,
village_KY1_3,鹿屋,saikai,西海,九州,大隅,,,,,,,,,,,,,,,,,
village_KY2_1,川上,saikai,西海,九州,萨摩,,,,,,,,,,,,,,,,,
village_KY2_2,蔺牟田,saikai,西海,九州,萨摩,,,,,,,,,,,,,,,,,
village_KY2_3,知览,saikai,西海,九州,萨摩,,,,,,,,,,,,,,,,,
village_KY3_2,木胁,saikai,西海,九州,,,,,,,,,,,,,,,,,,
village_KY3_3,妻万,saikai,西海,九州,,,,,,,,,,,,,,,,,,
village_KY4_1,大畑,saikai,西海,九州,肥后,,,,,,,,,,,,,,,,,
village_KY4_2,木上,saikai,西海,九州,肥后,,,,,,,,,,,,,,,,,
village_KY4_3,山田,saikai,西海,九州,肥后,,,,,,,,,,,,,,,,,
village_KY5_1,引治,saikai,西海,九州,,,,,,,,,,,,,,,,,,
village_KY5_2,一尺屋,saikai,西海,九州,,,,,,,,,,,,,,,,,,
village_KY6_1,本庄,saikai,西海,九州,丰前,,,,,,,,,,,,,,,,,
village_KY6_2,广津,saikai,西海,九州,丰前,,,,,,,,,,,,,,,,,
village_KY6_3,湿津,saikai,西海,九州,丰前,,,,,,,,,,,,,,,,,
village_KY7_1,盐塚,saikai,西海,九州,筑后,,,,,,,,,,,,,,,,,
village_KY7_2,猿柿,saikai,西海,九州,筑后,,,,,,,,,,,,,,,,,
village_KY7_3,大刀洗,saikai,西海,九州,筑后,,,,,,,,,,,,,,,,,
village_KY8_1,御船,saikai,西海,九州,肥后,,,,,,,,,,,,,,,,,
village_KY8_2,梅尾,saikai,西海,九州,肥后,,,,,,,,,,,,,,,,,
village_KY8_3,菊池,saikai,西海,九州,肥后,,,,,,,,,,,,,,,,,
village_KY9_1,水城,saikai,西海,九州,筑前对马,,,,,,,,,,,,,,,,,
village_KY9_2,菰野,saikai,西海,九州,筑前对马,,,,,,,,,,,,,,,,,
village_KY10_2,佐留志,saikai,西海,九州,肥前,,,,,,,,,,,,,,,,,
village_KY11_2,神代,saikai,西海,九州,肥前,,,,,,,,,,,,,,,,,
village_KY11_3,浜町,saikai,西海,九州,肥前,,,,,,,,,,,,,,,,,
castle_village_KY1_1,根占,saikai,西海,九州,越中,,,,,,,,,,,,,,,,,
castle_village_KY1_2,野间,saikai,西海,九州,越中,,,,,,,,,,,,,,,,,
castle_village_KY2_1,志布志,saikai,西海,九州,,,,,,,,,,,,,,,,,,
castle_village_KY2_2,安乐,saikai,西海,九州,,,,,,,,,,,,,,,,,,
castle_village_KY3_1,垂水,saikai,西海,九州,,,,,,,,,,,,,,,,,,
castle_village_KY3_2,野方,saikai,西海,九州,,,,,,,,,,,,,,,,,,
castle_village_KY4_1,梅北,saikai,西海,九州,日向,,,,,,,,,,,,,,,,,
castle_village_KY4_2,财部,saikai,西海,九州,日向,,,,,,,,,,,,,,,,,
castle_village_KY5_1,蒲生,saikai,西海,九州,大隅,,,,,,,,,,,,,,,,,
castle_village_KY5_2,平松,saikai,西海,九州,大隅,,,,,,,,,,,,,,,,,
castle_village_KY6_1,田尻,saikai,西海,九州,,,,,,,,,,,,,,,,,,
castle_village_KY6_2,坊津,saikai,西海,九州,,,,,,,,,,,,,,,,,,
castle_village_KY7_1,山川,saikai,西海,九州,,,,,,,,,,,,,,,,,,
castle_village_KY7_2,指宿,saikai,西海,九州,,,,,,,,,,,,,,,,,,
castle_village_KY8_1,池岛,saikai,西海,九州,,,,,,,,,,,,,,,,,,
castle_village_KY8_2,白鸟,saikai,西海,九州,,,,,,,,,,,,,,,,,,
castle_village_KY9_1,串木野,saikai,西海,九州,,,,,,,,,,,,,,,,,,
castle_village_KY9_2,藤川,saikai,西海,九州,,,,,,,,,,,,,,,,,,
castle_village_KY10_1,阿久根,saikai,西海,九州,萨摩,,,,,,,,,,,,,,,,,
castle_village_KY10_2,堂崎,saikai,西海,九州,萨摩,,,,,,,,,,,,,,,,,
castle_village_KY11_1,酒谷,saikai,西海,九州,,,,,,,,,,,,,,,,,,
castle_village_KY12_1,镜洲,saikai,西海,九州,,,,,,,,,,,,,,,,,,
castle_village_KY12_2,曾井,saikai,西海,九州,,,,,,,,,,,,,,,,,,
castle_village_KY13_1,野尻,saikai,西海,九州,,,,,,,,,,,,,,,,,,
castle_village_KY13_2,三纳,saikai,西海,九州,,,,,,,,,,,,,,,,,,
castle_village_KY14_1,盐见,saikai,西海,九州,,,,,,,,,,,,,,,,,,
castle_village_KY14_2,阿形,saikai,西海,九州,,,,,,,,,,,,,,,,,,
castle_village_KY15_1,久米,saikai,西海,九州,,,,,,,,,,,,,,,,,,
castle_village_KY15_2,盐见,saikai,西海,九州,,,,,,,,,,,,,,,,,,
castle_village_KY16_1,羽月,saikai,西海,九州,,,,,,,,,,,,,,,,,,
castle_village_KY16_2,牛屎院,saikai,西海,九州,,,,,,,,,,,,,,,,,,
castle_village_KY17_1,德渊津,saikai,西海,九州,,,,,,,,,,,,,,,,,,
castle_village_KY17_2,佐敷,saikai,西海,九州,,,,,,,,,,,,,,,,,,
castle_village_KY18_1,寺司浜,saikai,西海,九州,,,,,,,,,,,,,,,,,,
castle_village_KY18_2,千岁,saikai,西海,九州,,,,,,,,,,,,,,,,,,
castle_village_KY19_1,藤北,saikai,西海,九州,丰後,,,,,,,,,,,,,,,,,
castle_village_KY19_2,一万田,saikai,西海,九州,丰後,,,,,,,,,,,,,,,,,
castle_village_KY20_1,奈多,saikai,西海,九州,,,,,,,,,,,,,,,,,,
castle_village_KY20_2,高田,saikai,西海,九州,,,,,,,,,,,,,,,,,,
castle_village_KY21_1,坂本,saikai,西海,九州,,,,,,,,,,,,,,,,,,
castle_village_KY21_2,石松,saikai,西海,九州,,,,,,,,,,,,,,,,,,
castle_village_KY22_1,沟口,saikai,西海,九州,,,,,,,,,,,,,,,,,,
castle_village_KY22_2,矢部,saikai,西海,九州,,,,,,,,,,,,,,,,,,
castle_village_KY23_1,牧村,saikai,西海,九州,,,,,,,,,,,,,,,,,,
castle_village_KY23_2,竹迫,saikai,西海,九州,,,,,,,,,,,,,,,,,,
castle_village_KY24_1,大仓山,saikai,西海,九州,,,,,,,,,,,,,,,,,,
castle_village_KY24_2,副田,saikai,西海,九州,,,,,,,,,,,,,,,,,,
castle_village_KY25_2,长野,saikai,西海,九州,,,,,,,,,,,,,,,,,,
castle_village_KY26_1,鹿江,saikai,西海,九州,,,,,,,,,,,,,,,,,,
castle_village_KY26_2,崎村,saikai,西海,九州,,,,,,,,,,,,,,,,,,
castle_village_KY27_1,千布,saikai,西海,九州,,,,,,,,,,,,,,,,,,
castle_village_KY27_2,今山,saikai,西海,九州,,,,,,,,,,,,,,,,,,
castle_village_KY28_1,迫间,saikai,西海,九州,,,,,,,,,,,,,,,,,,
castle_village_KY28_2,晴气,saikai,西海,九州,,,,,,,,,,,,,,,,,,
castle_village_KY29_1,岩松,saikai,西海,九州,,,,,,,,,,,,,,,,,,
castle_village_KY29_2,长崎,saikai,西海,九州,,,,,,,,,,,,,,,,,,
castle_village_KY30_1,小岛,saikai,西海,九州,,,,,,,,,,,,,,,,,,
castle_village_KY30_2,杵岛,saikai,西海,九州,,,,,,,,,,,,,,,,,,
castle_village_KY31_1,益城,saikai,西海,九州,,,,,,,,,,,,,,,,,,
castle_village_KY31_2,宇土,saikai,西海,九州,,,,,,,,,,,,,,,,,,
castle_village_KY32_1,坚志田,saikai,西海,九州,肥后,,,,,,,,,,,,,,,,,
castle_village_KY32_2,小佐,saikai,西海,九州,肥后,,,,,,,,,,,,,,,,,
village_SHI1_1,柏岛,nankai,南海,四国,土佐,,,,,,,,,,,,,,,,,
village_SHI1_2,清水,nankai,南海,四国,土佐,,,,,,,,,,,,,,,,,
village_SHI1_3,入野,nankai,南海,四国,土佐,,,,,,,,,,,,,,,,,
village_SHI2_1,板岛,nankai,南海,四国,,,,,,,,,,,,,,,,,,
village_SHI2_2,八幡浜,nankai,南海,四国,,,,,,,,,,,,,,,,,,
village_SHI2_3,法华津,nankai,南海,四国,,,,,,,,,,,,,,,,,,
village_SHI4_1,荏原,nankai,南海,四国,伊予,,,,,,,,,,,,,,,,,
village_SHI4_2,正木,nankai,南海,四国,伊予,,,,,,,,,,,,,,,,,
village_SHI4_3,三津浜,nankai,南海,四国,伊予,,,,,,,,,,,,,,,,,
village_SHI5_2,本山,nankai,南海,四国,土佐,,,,,,,,,,,,,,,,,
village_SHI5_3,香宗,nankai,南海,四国,土佐,,,,,,,,,,,,,,,,,
village_SHI6_1,仁尾,nankai,南海,四国,赞歧,,,,,,,,,,,,,,,,,
village_SHI6_2,多度津,nankai,南海,四国,赞歧,,,,,,,,,,,,,,,,,
village_SHI7_1,立花,nankai,南海,四国,,,,,,,,,,,,,,,,,,
village_SHI7_2,平岛,nankai,南海,四国,,,,,,,,,,,,,,,,,,
village_SHI7_3,结城,nankai,南海,四国,,,,,,,,,,,,,,,,,,
castle_village_SHI1_1,与津,nankai,南海,四国,,,,,,,,,,,,,,,,,,
castle_village_SHI1_2,须崎,nankai,南海,四国,,,,,,,,,,,,,,,,,,
castle_village_SHI2_1,长浜,nankai,南海,四国,,,,,,,,,,,,,,,,,,
castle_village_SHI2_2,内子,nankai,南海,四国,,,,,,,,,,,,,,,,,,
castle_village_SHI3_1,深浦,nankai,南海,四国,,,,,,,,,,,,,,,,,,
castle_village_SHI3_2,宿毛,nankai,南海,四国,,,,,,,,,,,,,,,,,,
castle_village_SHI4_1,今治,nankai,南海,四国,,,,,,,,,,,,,,,,,,
castle_village_SHI4_2,大浦,nankai,南海,四国,,,,,,,,,,,,,,,,,,
castle_village_SHI5_1,伊野,nankai,南海,四国,,,,,,,,,,,,,,,,,,
castle_village_SHI5_2,宇佐,nankai,南海,四国,,,,,,,,,,,,,,,,,,
castle_village_SHI6_1,新居浜,nankai,南海,四国,,,,,,,,,,,,,,,,,,
castle_village_SHI7_1,马路,nankai,南海,四国,,,,,,,,,,,,,,,,,,
castle_village_SHI7_2,州津,nankai,南海,四国,,,,,,,,,,,,,,,,,,
castle_village_SHI8_1,井之口,nankai,南海,四国,,,,,,,,,,,,,,,,,,
castle_village_SHI8_2,奈半利,nankai,南海,四国,,,,,,,,,,,,,,,,,,
castle_village_SHI9_1,室津,nankai,南海,四国,,,,,,,,,,,,,,,,,,
castle_village_SHI9_2,甲浦,nankai,南海,四国,,,,,,,,,,,,,,,,,,
castle_village_SHI10_1,香西,nankai,南海,四国,赞歧,,,,,,,,,,,,,,,,,
castle_village_SHI10_2,志度,nankai,南海,四国,赞歧,,,,,,,,,,,,,,,,,
castle_village_SHI11_1,别宫,nankai,南海,四国,,,,,,,,,,,,,,,,,,
castle_village_SHI11_2,小松岛,nankai,南海,四国,,,,,,,,,,,,,,,,,,
village_TOHO1_1,神指,ou,奥羽,东北,岩代,,,,,,,,,,,,,,,,,
village_TOHO1_3,先川,ou,奥羽,东北,岩代,,,,,,,,,,,,,,,,,
village_TOHO2_1,长井,ou,奥羽,东北,羽前,,,,,,,,,,,,,,,,,
village_TOHO2_3,高畑,ou,奥羽,东北,羽前,,,,,,,,,,,,,,,,,
village_TOHO3_1,柏仓,ou,奥羽,东北,羽前,,,,,,,,,,,,,,,,,
village_TOHO3_2,成泽,ou,奥羽,东北,羽前,,,,,,,,,,,,,,,,,
village_TOHO3_3,岩波,ou,奥羽,东北,羽前,,,,,,,,,,,,,,,,,
village_TOHO4_1,桃生,ou,奥羽,东北,,,,,,,,,,,,,,,,,,
village_TOHO4_2,横浦,ou,奥羽,东北,,,,,,,,,,,,,,,,,,
village_TOHO4_3,萩浜,ou,奥羽,东北,,,,,,,,,,,,,,,,,,
village_TOHO5_1,吹浦,ou,奥羽,东北,羽前,,,,,,,,,,,,,,,,,
village_TOHO5_2,龟崎,ou,奥羽,东北,羽前,,,,,,,,,,,,,,,,,
village_TOHO5_3,出羽尾浦,ou,奥羽,东北,羽前,,,,,,,,,,,,,,,,,
village_TOHO6_1,胁本,ou,奥羽,东北,羽后,,,,,,,,,,,,,,,,,
village_TOHO6_2,秋田滩,ou,奥羽,东北,羽后,,,,,,,,,,,,,,,,,
village_TOHO6_3,丰岛,ou,奥羽,东北,羽后,,,,,,,,,,,,,,,,,
village_TOHO7_1,奥濑,ou,奥羽,东北,陆中,,,,,,,,,,,,,,,,,
village_TOHO7_2,斗内,ou,奥羽,东北,陆中,,,,,,,,,,,,,,,,,
village_TOHO7_3,田子,ou,奥羽,东北,陆中,,,,,,,,,,,,,,,,,
village_TOHO8_2,矶松,ou,奥羽,东北,,,,,,,,,,,,,,,,,,
village_TOHO8_3,牛潟,ou,奥羽,东北,,,,,,,,,,,,,,,,,,
castle_village_TOHO1_1,关柴,ou,奥羽,东北,陆前,,,,,,,,,,,,,,,,,
castle_village_TOHO1_2,船冈,ou,奥羽,东北,陆前,,,,,,,,,,,,,,,,,
castle_village_TOHO2_1,白津,ou,奥羽,东北,,,,,,,,,,,,,,,,,,
castle_village_TOHO2_2,猪苗代,ou,奥羽,东北,,,,,,,,,,,,,,,,,,
castle_village_TOHO3_1,足立,ou,奥羽,东北,岩代,,,,,,,,,,,,,,,,,
castle_village_TOHO3_2,二本松,ou,奥羽,东北,岩代,,,,,,,,,,,,,,,,,
castle_village_TOHO4_1,田村,ou,奥羽,东北,,,,,,,,,,,,,,,,,,
castle_village_TOHO4_2,郡山,ou,奥羽,东北,,,,,,,,,,,,,,,,,,
castle_village_TOHO5_1,朝坂,ou,奥羽,东北,岩代,,,,,,,,,,,,,,,,,
castle_village_TOHO5_2,岩濑,ou,奥羽,东北,岩代,,,,,,,,,,,,,,,,,
castle_village_TOHO6_1,白土,ou,奥羽,东北,,,,,,,,,,,,,,,,,,
castle_village_TOHO6_2,船尾,ou,奥羽,东北,,,,,,,,,,,,,,,,,,
castle_village_TOHO7_1,草野,ou,奥羽,东北,岩代,,,,,,,,,,,,,,,,,
castle_village_TOHO7_2,小高,ou,奥羽,东北,岩代,,,,,,,,,,,,,,,,,
castle_village_TOHO8_1,挂田,ou,奥羽,东北,,,,,,,,,,,,,,,,,,
castle_village_TOHO8_2,中牟田,ou,奥羽,东北,,,,,,,,,,,,,,,,,,
castle_village_TOHO9_1,西山,ou,奥羽,东北,,,,,,,,,,,,,,,,,,
castle_village_TOHO9_2,丸森,ou,奥羽,东北,,,,,,,,,,,,,,,,,,
castle_village_TOHO10_1,坂津田,ou,奥羽,东北,,,,,,,,,,,,,,,,,,
castle_village_TOHO10_2,亘理,ou,奥羽,东北,,,,,,,,,,,,,,,,,,
castle_village_TOHO11_1,白岩,ou,奥羽,东北,,,,,,,,,,,,,,,,,,
castle_village_TOHO11_2,左泽,ou,奥羽,东北,,,,,,,,,,,,,,,,,,
castle_village_TOHO12_1,盐釜,ou,奥羽,东北,陆前,,,,,,,,,,,,,,,,,
castle_village_TOHO13_1,大平,ou,奥羽,东北,,,,,,,,,,,,,,,,,,
castle_village_TOHO13_2,黑川城,ou,奥羽,东北,,,,,,,,,,,,,,,,,,
castle_village_TOHO14_1,一栗,ou,奥羽,东北,陆前,,,,,,,,,,,,,,,,,
castle_village_TOHO14_2,矶田,ou,奥羽,东北,陆前,,,,,,,,,,,,,,,,,
castle_village_TOHO15_1,宫泽,ou,奥羽,东北,,,,,,,,,,,,,,,,,,
castle_village_TOHO15_2,古川,ou,奥羽,东北,,,,,,,,,,,,,,,,,,
castle_village_TOHO16_1,佐沼,ou,奥羽,东北,陆前,,,,,,,,,,,,,,,,,
castle_village_TOHO16_2,松崎,ou,奥羽,东北,陆前,,,,,,,,,,,,,,,,,
castle_village_TOHO17_1,尾花泽,ou,奥羽,东北,,,,,,,,,,,,,,,,,,
castle_village_TOHO17_2,延泽,ou,奥羽,东北,,,,,,,,,,,,,,,,,,
castle_village_TOHO18_1,象潟,ou,奥羽,东北,羽前,,,,,,,,,,,,,,,,,
castle_village_TOHO18_2,庭月,ou,奥羽,东北,羽前,,,,,,,,,,,,,,,,,
castle_village_TOHO19_1,赤尾津,ou,奥羽,东北,,,,,,,,,,,,,,,,,,
castle_village_TOHO19_2,金浦,ou,奥羽,东北,,,,,,,,,,,,,,,,,,
castle_village_TOHO20_1,岩崎,ou,奥羽,东北,,,,,,,,,,,,,,,,,,
castle_village_TOHO20_2,汤泽,ou,奥羽,东北,,,,,,,,,,,,,,,,,,
castle_village_TOHO21_1,猪冈,ou,奥羽,东北,羽后,,,,,,,,,,,,,,,,,
castle_village_TOHO21_2,锅仓,ou,奥羽,东北,羽后,,,,,,,,,,,,,,,,,
castle_village_TOHO22_1,唐桑,ou,奥羽,东北,,,,,,,,,,,,,,,,,,
castle_village_TOHO22_2,气仙沼,ou,奥羽,东北,,,,,,,,,,,,,,,,,,
castle_village_TOHO23_1,远野,ou,奥羽,东北,,,,,,,,,,,,,,,,,,
castle_village_TOHO23_2,大槌,ou,奥羽,东北,,,,,,,,,,,,,,,,,,
castle_village_TOHO24_1,田锁,ou,奥羽,东北,,,,,,,,,,,,,,,,,,
castle_village_TOHO24_2,宫古,ou,奥羽,东北,,,,,,,,,,,,,,,,,,
castle_village_TOHO25_2,鸟谷崎,ou,奥羽,东北,陆中,,,,,,,,,,,,,,,,,
castle_village_TOHO26_1,楢冈,ou,奥羽,东北,羽后,,,,,,,,,,,,,,,,,
castle_village_TOHO26_2,户卷,ou,奥羽,东北,羽后,,,,,,,,,,,,,,,,,
castle_village_TOHO27_1,能代,ou,奥羽,东北,羽后,,,,,,,,,,,,,,,,,
castle_village_TOHO27_2,米内泽,ou,奥羽,东北,羽后,,,,,,,,,,,,,,,,,
castle_village_TOHO28_1,花冈,ou,奥羽,东北,,,,,,,,,,,,,,,,,,
castle_village_TOHO28_2,杉泽,ou,奥羽,东北,,,,,,,,,,,,,,,,,,
castle_village_TOHO29_1,常保寺,ou,奥羽,东北,陆中,,,,,,,,,,,,,,,,,
castle_village_TOHO29_2,葛卷,ou,奥羽,东北,陆中,,,,,,,,,,,,,,,,,
castle_village_TOHO30_1,久慈,ou,奥羽,东北,,,,,,,,,,,,,,,,,,
castle_village_TOHO30_2,玉川,ou,奥羽,东北,,,,,,,,,,,,,,,,,,
castle_village_TOHO31_1,五户,ou,奥羽,东北,,,,,,,,,,,,,,,,,,
castle_village_TOHO32_1,横浜,ou,奥羽,东北,,,,,,,,,,,,,,,,,,
castle_village_TOHO32_2,野边地,ou,奥羽,东北,,,,,,,,,,,,,,,,,,
castle_village_TOHO33_1,鲹泽,ou,奥羽,东北,陆奥,,,,,,,,,,,,,,,,,
castle_village_TOHO33_2,一町田,ou,奥羽,东北,陆奥,,,,,,,,,,,,,,,,,
castle_village_TOHO34_1,油川,ou,奥羽,东北,,,,,,,,,,,,,,,,,,
castle_village_TOHO34_2,广田,ou,奥羽,东北,,,,,,,,,,,,,,,,,,
castle_village_TOHO35_1,大畑,ou,奥羽,东北,,,,,,,,,,,,,,,,,,
castle_village_TOHO35_2,田边,ou,奥羽,东北,,,,,,,,,,,,,,,,,,
