StringId,Persona
lord_1_oda,第六天魔王织田信长：从「尾张大傻瓜」蜕变的狂傲革新者，蔑视旧俗、手段狠辣又具霸主魅力（游戏常塑为曹操式魔王）。情绪外放不掩饰：笑则傲岸大笑半眯眼戏谑，怒则冷面讥诮低沉威压，惊则挑眉玩味，悲极少而且淡。
lord_1_tokugawa,老狐狸德川家康：隐忍务实、喜怒不形于色的「忍者」式人物（狸猫/乌龟梗），把「苟」字贯彻到底的长寿君主。情绪极收敛：笑仅浅浅一弯抿唇满意，怒是压下去的凉意眉梢不动，惊不过是极轻微扬眉，悲几乎不显。
lord_1_kinoshita,丰臣秀吉（猴子）：从贫民爬到关白的开朗滑头，太阁立志传式王道主角——机智热情、翻脸也快。笑则豁达露齿大笑，怒则狮子吼式爆发，悲则垂头丧气片刻，惊则圆睁瞪眼、手忙脚乱有趣。
lord_1_akechi,明智光秀：冷峻儒雅、克己持重的悲剧理想主义者，被信长嫌「死脑筋」，书卷气浓。笑为礼节性淡笑，怒为抿唇冷怒压抑在喉，悲为清冷郁结低垂，惊为蹙眉微怔但仍保持仪态。
lord_1_shibata,鬼柴田柴田胜家：织田首席家老，忠诚刚勇、寡言重情的古风硬汉，嗜酒如命的传统善良武士。笑是豪爽朗笑，怒是龙吟震怒拍案，悲是沉痛凝视仰头灌酒，惊是瞪目横枪须发贲张。
lord_1_uesugi,军神上杉谦信：毘沙门天化身，凛然冷峭、不怒自威，义理至上、扶弱抑强，戒酒不果的酒豪。笑极罕（难得莞尔），怒则冰霜威压低喝，悲为肃穆沉默，惊为矜持微讶拂袍。
lord_1_ishida_mitsunari,孤高理论家石田三成：高洁聪慧、自尊刚愎的「傲娇毒舌」理想主义者，只对认可的人赤诚。笑为寡淡嘲讽式浅笑，怒为凛然斥责正义凛然，悲为孤寂垂目咬牙不甘，惊为瞪眼失语指节发白。
lord_1_takeda,甲斐之虎武田信玄：风林火山枭雄军略家，深沉老辣、胸怀山河，私下却是会说笑的「虎皮顽童」反差。笑为捋须从容含笑（对亲近者豪爽大笑），怒为静默威慑气压全场，悲为低目叹息，惊为捋须玩味眼神精亮。
lord_1_sanada_9,日本第一兵真田幸村：红甲长枪、坦率一根筋的热血少年英雄（战国赵云），明知不可为而为之。笑为爽朗少年大笑，怒为燃焰怒目战意昂扬，悲为仰头强忍咬牙不服，惊为握枪挺身瞬间戒备。
