bone,parent,head_x,head_y,head_z,tail_x,tail_y,tail_z,length,local_x,local_y,local_z
Human_Male,-,0.000000,0.000000,0.000000,0.000000,0.000000,0.931800,0.931800,0.000000,0.000000,0.000000
Hips,Human_Male,-0.000000,-0.042701,0.930821,0.000000,-0.113433,0.930821,0.070733,-0.000000,93.082146,4.270092
RightUpLeg,Hips,-0.106191,-0.042701,0.930821,-0.093981,0.268515,0.935861,0.311496,-10.619086,93.082138,4.270096
RightLeg,RightUpLeg,-0.131670,-0.034911,0.511558,-0.122064,0.170367,0.540130,0.207480,-13.166993,51.155849,3.491152
RightLegRoll,RightLeg,-0.142564,-0.007354,0.317230,-0.132959,0.197924,0.345801,0.207480,-14.256419,31.722954,0.735419
RightFoot,RightLeg,-0.155270,0.024789,0.090562,-0.162012,0.092059,-0.060929,0.165892,-15.527021,9.056168,-2.478914
RightToeBase,RightFoot,-0.165173,-0.126720,0.023725,-0.175348,-0.126589,-0.141855,0.165892,-16.517269,2.372461,12.671979
legsplate03_KneePlate_r,RightLeg,-0.131670,-0.034911,0.511559,-0.141276,-0.240190,0.482987,0.207479,-13.166988,51.155861,3.491152
RightUpLegRoll,RightUpLeg,-0.118495,-0.038939,0.728346,-0.106286,0.272277,0.733386,0.311496,-11.849523,72.834587,3.893923
Spine,Hips,-0.000000,-0.003909,0.989747,0.000000,-0.130063,0.974609,0.127059,-0.000001,98.974747,0.390895
Spine1,Spine,-0.000000,-0.010264,1.042706,-0.000000,-0.178071,1.049038,0.167927,-0.000002,104.270638,1.026411
Spine2,Spine1,-0.000000,-0.008146,1.098843,-0.000000,-0.088643,1.111552,0.081495,-0.000003,109.884247,0.814593
Spine3,Spine2,-0.000000,0.004564,1.179340,-0.000000,-0.121478,1.204759,0.128579,-0.000005,117.933990,-0.456355
Spine4,Spine3,-0.000000,0.029982,1.305382,-0.000000,-0.127537,1.298162,0.157684,-0.000010,130.538177,-2.998232
Neck,Spine4,-0.000000,0.021167,1.497696,-0.000000,-0.028349,1.480814,0.052315,-0.000021,149.769562,-2.116683
Neck1,Neck,-0.000000,0.004285,1.547211,-0.000000,-0.049310,1.538877,0.054239,-0.000026,154.721146,-0.428473
Head,Neck1,-0.000000,-0.004050,1.600806,-0.000000,-0.087621,1.600261,0.083573,-0.000033,160.080612,0.404973
FacialRoot,Head,-0.000000,-0.004050,1.600806,-0.000000,-0.129822,1.600803,0.125772,-0.000033,160.080627,0.404970
mhenry_jawRoot,FacialRoot,-0.000000,-0.038010,1.631066,-0.000000,-0.038110,1.631066,0.000100,-0.000044,163.106583,3.800992
mhenry_jaw,mhenry_jawRoot,-0.000000,-0.038010,1.631066,-0.000000,-0.079130,1.631066,0.041120,-0.000044,163.106567,3.800992
mhenry_tongue_01,mhenry_jaw,-0.000000,-0.062127,1.597760,-0.000000,-0.062227,1.597760,0.000100,-0.000040,159.776031,6.212676
mhenry_tongue_02,mhenry_tongue_01,-0.000000,-0.062127,1.597760,-0.000000,-0.089937,1.597763,0.027810,-0.000040,159.776047,6.212676
mhenry_tongue_03,mhenry_tongue_02,-0.000000,-0.089937,1.597764,-0.000000,-0.105387,1.597765,0.015450,-0.000037,159.776367,8.993676
mhenry_tongue_04,mhenry_tongue_03,-0.000000,-0.105387,1.597766,-0.000000,-0.117747,1.597768,0.012360,-0.000034,159.776596,10.538677
mhenry_SSDR_L_joint_40,FacialRoot,0.015642,-0.128193,1.607283,0.015642,-0.253966,1.607282,0.125772,1.564207,160.728287,12.819329
mhenry_SSDR_L_joint_41,FacialRoot,0.010546,-0.131587,1.609210,0.010546,-0.257359,1.609210,0.125772,1.054602,160.921051,13.158708
mhenry_SSDR_L_joint_42,FacialRoot,0.005238,-0.134508,1.610318,0.005238,-0.260281,1.610318,0.125772,0.523804,161.031815,13.450824
mhenry_SSDR_L_joint_43,FacialRoot,0.034296,-0.116366,1.602585,0.034296,-0.242138,1.602585,0.125772,3.429560,160.258545,11.636591
mhenry_SSDR_L_joint_44,FacialRoot,0.028583,-0.119108,1.617356,0.028583,-0.244881,1.617355,0.125772,2.858318,161.735580,11.910827
mhenry_SSDR_L_joint_45,FacialRoot,0.057641,-0.097252,1.633442,0.057641,-0.223025,1.633441,0.125772,5.764104,163.344193,9.725240
mhenry_SSDR_L_joint_46,FacialRoot,0.064817,-0.082760,1.638179,0.064816,-0.208532,1.638179,0.125772,6.481654,163.817932,8.276010
mhenry_SSDR_L_joint_47,FacialRoot,0.061711,-0.093590,1.654392,0.061711,-0.219363,1.654392,0.125772,6.171092,165.439255,9.359055
mhenry_SSDR_L_joint_48,FacialRoot,0.039831,-0.115234,1.629188,0.039831,-0.241007,1.629188,0.125772,3.983115,162.918808,11.523461
mhenry_SSDR_L_joint_49,FacialRoot,0.028838,-0.120848,1.634279,0.028838,-0.246620,1.634279,0.125772,2.883809,163.427948,12.084765
mhenry_SSDR_R_joint_57,FacialRoot,-0.015548,-0.125704,1.636419,-0.015548,-0.251477,1.636418,0.125772,-1.554824,163.641861,12.570427
mhenry_SSDR_R_joint_56,FacialRoot,-0.019476,-0.125339,1.643241,-0.019476,-0.251111,1.643241,0.125772,-1.947637,164.324112,12.533914
mhenry_SSDR_R_joint_51,FacialRoot,-0.010618,-0.128317,1.624501,-0.010618,-0.254089,1.624501,0.125772,-1.061827,162.450104,12.831697
mhenry_SSDR_R_joint_50,FacialRoot,-0.022107,-0.120823,1.627709,-0.022107,-0.246596,1.627709,0.125772,-2.210738,162.770905,12.082355
mhenry_SSDR_R_joint_53,FacialRoot,-0.043627,-0.113588,1.641067,-0.043627,-0.239360,1.641067,0.125772,-4.362732,164.106720,11.358809
mhenry_SSDR_R_joint_52,FacialRoot,-0.053229,-0.106172,1.648633,-0.053229,-0.231944,1.648633,0.125772,-5.322892,164.863312,10.617212
mhenry_SSDR_C_joint_8,FacialRoot,-0.000102,-0.130225,1.603472,-0.000103,-0.255997,1.603472,0.125772,-0.010250,160.347214,13.022496
mhenry_SSDR_C_joint_9,FacialRoot,-0.000049,-0.132502,1.595825,-0.000049,-0.258274,1.595825,0.125772,-0.004902,159.582550,13.250187
mhenry_SSDR_C_joint_0,FacialRoot,0.000992,-0.129723,1.706833,0.000992,-0.255495,1.706833,0.125772,0.099162,170.683319,12.972278
mhenry_SSDR_C_joint_1,FacialRoot,0.000888,-0.135334,1.683403,0.000888,-0.261106,1.683403,0.125772,0.088765,168.340347,13.533420
mhenry_SSDR_C_joint_2,FacialRoot,0.000626,-0.135959,1.673025,0.000626,-0.261732,1.673025,0.125772,0.062644,167.302505,13.595922
mhenry_SSDR_C_joint_3,FacialRoot,0.000465,-0.155557,1.637711,0.000465,-0.281329,1.637711,0.125772,0.046496,163.771133,15.555683
mhenry_SSDR_C_joint_4,FacialRoot,-0.000267,-0.136397,1.627223,-0.000267,-0.262170,1.627223,0.125772,-0.026723,162.722321,13.639721
mhenry_SSDR_C_joint_5,FacialRoot,-0.000431,-0.134504,1.618857,-0.000431,-0.260276,1.618857,0.125772,-0.043103,161.885742,13.450401
mhenry_SSDR_C_joint_6,FacialRoot,-0.000306,-0.134525,1.610160,-0.000306,-0.260297,1.610160,0.125772,-0.030574,161.016037,13.452475
mhenry_SSDR_C_joint_7,FacialRoot,-0.000012,-0.130925,1.602285,-0.000012,-0.256698,1.602284,0.125772,-0.001222,160.228485,13.092538
mhenry_SSDR_L_joint_79,FacialRoot,0.012917,-0.121170,1.672707,0.012916,-0.246943,1.672706,0.125772,1.291652,167.270691,12.117060
mhenry_SSDR_L_joint_78,FacialRoot,0.050068,-0.104534,1.664403,0.050068,-0.230307,1.664402,0.125772,5.006773,166.440277,10.453421
mhenry_SSDR_L_joint_75,FacialRoot,0.029992,-0.117472,1.677543,0.029992,-0.243244,1.677542,0.125772,2.999227,167.754288,11.747166
mhenry_SSDR_L_joint_74,FacialRoot,0.021436,-0.117310,1.674248,0.021436,-0.243082,1.674248,0.125772,2.143563,167.424820,11.731015
mhenry_SSDR_L_joint_77,FacialRoot,0.048342,-0.112318,1.672342,0.048342,-0.238091,1.672341,0.125772,4.834208,167.234161,11.231862
mhenry_SSDR_L_joint_76,FacialRoot,0.039069,-0.118952,1.674418,0.039069,-0.244725,1.674417,0.125772,3.906875,167.441788,11.895236
mhenry_SSDR_L_joint_71,FacialRoot,0.030496,-0.118910,1.674850,0.030495,-0.244682,1.674849,0.125772,3.049552,167.484955,11.890972
mhenry_SSDR_L_joint_70,FacialRoot,0.024429,-0.116411,1.671942,0.024429,-0.242184,1.671941,0.125772,2.442945,167.194153,11.641160
mhenry_SSDR_L_joint_73,FacialRoot,0.047367,-0.109003,1.666451,0.047367,-0.234776,1.666451,0.125772,4.736710,166.645126,10.900331
mhenry_SSDR_L_joint_72,FacialRoot,0.046417,-0.113269,1.670088,0.046417,-0.239042,1.670088,0.125772,4.641722,167.008804,11.326952
mhenry_SSDR_R_joint_48,FacialRoot,-0.039864,-0.115928,1.629534,-0.039864,-0.241700,1.629533,0.125772,-3.986356,162.953384,11.592817
mhenry_SSDR_R_joint_49,FacialRoot,-0.028971,-0.121580,1.634288,-0.028971,-0.247353,1.634287,0.125772,-2.897111,163.428787,12.158057
mhenry_SSDR_R_joint_42,FacialRoot,-0.005974,-0.134967,1.610174,-0.005974,-0.260739,1.610174,0.125772,-0.597375,161.017441,13.496684
mhenry_SSDR_R_joint_43,FacialRoot,-0.034909,-0.117129,1.602878,-0.034909,-0.242902,1.602878,0.125772,-3.490871,160.287827,11.712927
mhenry_SSDR_R_joint_40,FacialRoot,-0.016490,-0.129118,1.607139,-0.016490,-0.254890,1.607138,0.125772,-1.648953,160.713852,12.911807
mhenry_SSDR_R_joint_41,FacialRoot,-0.011450,-0.132284,1.609100,-0.011450,-0.258056,1.609099,0.125772,-1.144996,160.909988,13.228398
mhenry_SSDR_R_joint_46,FacialRoot,-0.066731,-0.084287,1.640326,-0.066731,-0.210059,1.640325,0.125772,-6.673120,164.032562,8.428664
mhenry_SSDR_R_joint_47,FacialRoot,-0.061245,-0.095024,1.656900,-0.061245,-0.220796,1.656900,0.125772,-6.124516,165.690018,9.502419
mhenry_SSDR_R_joint_44,FacialRoot,-0.029339,-0.119663,1.617265,-0.029339,-0.245435,1.617265,0.125772,-2.933873,161.726501,11.966278
mhenry_SSDR_R_joint_45,FacialRoot,-0.059406,-0.098804,1.634911,-0.059406,-0.224577,1.634910,0.125772,-5.940611,163.491058,9.880454
mhenry_SSDR_L_joint_100,FacialRoot,0.009831,-0.122551,1.604303,0.009831,-0.248323,1.604303,0.125772,0.983057,160.430298,12.255078
mhenry_SSDR_L_joint_102,FacialRoot,0.016536,-0.117641,1.600095,0.016536,-0.243414,1.600095,0.125772,1.653598,160.009537,11.764128
mhenry_SSDR_L_joint_103,FacialRoot,0.017452,-0.118047,1.603099,0.017452,-0.243819,1.603099,0.125772,1.745168,160.309906,11.804693
mhenry_SSDR_L_joint_104,FacialRoot,0.020702,-0.109952,1.606782,0.020702,-0.235724,1.606782,0.125772,2.070191,160.678253,10.995192
mhenry_SSDR_L_joint_105,FacialRoot,0.021771,-0.107618,1.600499,0.021771,-0.233391,1.600498,0.125772,2.177062,160.049866,10.761848
mhenry_SSDR_L_joint_106,FacialRoot,0.021570,-0.113111,1.600444,0.021570,-0.238883,1.600444,0.125772,2.157037,160.044449,11.311085
mhenry_SSDR_L_joint_68,FacialRoot,0.022842,-0.115262,1.666174,0.022842,-0.241034,1.666173,0.125772,2.284173,166.617401,11.526167
mhenry_SSDR_L_joint_69,FacialRoot,0.020000,-0.114154,1.667363,0.020000,-0.239927,1.667363,0.125772,1.999982,166.736343,11.415453
mhenry_SSDR_R_joint_27,FacialRoot,-0.010290,-0.127812,1.603103,-0.010290,-0.253584,1.603102,0.125772,-1.029007,160.310287,12.781184
mhenry_SSDR_L_joint_62,FacialRoot,0.029818,-0.117400,1.659029,0.029818,-0.243172,1.659028,0.125772,2.981763,165.902893,11.739996
mhenry_SSDR_L_joint_63,FacialRoot,0.040579,-0.113919,1.657040,0.040579,-0.239691,1.657040,0.125772,4.057930,165.704056,11.391920
mhenry_SSDR_L_joint_60,FacialRoot,0.013481,-0.120922,1.666182,0.013481,-0.246695,1.666182,0.125772,1.348063,166.618225,12.092242
mhenry_SSDR_L_joint_61,FacialRoot,0.021689,-0.117777,1.662077,0.021689,-0.243550,1.662076,0.125772,2.168889,166.207703,11.777730
mhenry_SSDR_L_joint_66,FacialRoot,0.040290,-0.115240,1.663326,0.040290,-0.241012,1.663325,0.125772,4.029037,166.332581,11.523994
mhenry_SSDR_L_joint_67,FacialRoot,0.030459,-0.118260,1.663441,0.030459,-0.244032,1.663440,0.125772,3.045928,166.344086,11.825983
mhenry_SSDR_L_joint_64,FacialRoot,0.048175,-0.106816,1.659842,0.048175,-0.232589,1.659841,0.125772,4.817454,165.984161,10.681652
mhenry_SSDR_L_joint_65,FacialRoot,0.045128,-0.111617,1.664678,0.045128,-0.237390,1.664678,0.125772,4.512761,166.467850,11.161728
mhenry_SSDR_C_joint_18,FacialRoot,-0.000257,-0.125538,1.604862,-0.000257,-0.251311,1.604862,0.125772,-0.025662,160.486237,12.553846
mhenry_SSDR_C_joint_19,FacialRoot,0.000467,-0.121001,1.590607,0.000467,-0.246774,1.590607,0.125772,0.046685,159.060730,12.100121
mhenry_SSDR_C_joint_12,FacialRoot,0.000246,-0.105559,1.553580,0.000246,-0.231331,1.553580,0.125772,0.024598,155.358047,10.555871
mhenry_SSDR_C_joint_13,FacialRoot,0.000153,-0.121420,1.556606,0.000153,-0.247193,1.556605,0.125772,0.015338,155.660568,12.142034
mhenry_SSDR_C_joint_10,FacialRoot,0.000142,-0.128673,1.587015,0.000142,-0.254446,1.587015,0.125772,0.014170,158.701523,12.867349
mhenry_SSDR_C_joint_11,FacialRoot,-0.000001,-0.129991,1.570218,-0.000001,-0.255763,1.570218,0.125772,-0.000054,157.021820,12.999071
mhenry_SSDR_C_joint_17,FacialRoot,0.000006,-0.123987,1.601275,0.000006,-0.249759,1.601274,0.125772,0.000604,160.127472,12.398688
mhenry_SSDR_C_joint_14,FacialRoot,-0.000661,-0.121928,1.623558,-0.000661,-0.247700,1.623558,0.125772,-0.066074,162.355804,12.192791
mhenry_SSDR_C_joint_15,FacialRoot,0.000144,-0.086978,1.548505,0.000144,-0.212750,1.548504,0.125772,0.014426,154.850464,8.697763
mhenry_SSDR_R_joint_39,FacialRoot,-0.021490,-0.123860,1.602913,-0.021490,-0.249632,1.602912,0.125772,-2.148986,160.291275,12.386019
mhenry_SSDR_R_joint_38,FacialRoot,-0.026447,-0.118989,1.599492,-0.026447,-0.244762,1.599491,0.125772,-2.644707,159.949158,11.898932
mhenry_SSDR_R_joint_37,FacialRoot,-0.009043,-0.132833,1.617314,-0.009043,-0.258605,1.617313,0.125772,-0.904339,161.731384,13.283273
mhenry_SSDR_R_joint_36,FacialRoot,-0.017140,-0.127422,1.614334,-0.017140,-0.253195,1.614334,0.125772,-1.713992,161.433441,12.742258
mhenry_SSDR_R_joint_35,FacialRoot,-0.024441,-0.123751,1.608224,-0.024441,-0.249523,1.608223,0.125772,-2.444058,160.822372,12.375069
mhenry_SSDR_R_joint_34,FacialRoot,-0.044437,-0.109976,1.613980,-0.044437,-0.235749,1.613979,0.125772,-4.443726,161.397964,10.997637
mhenry_SSDR_R_joint_33,FacialRoot,-0.043612,-0.106890,1.594982,-0.043612,-0.232663,1.594981,0.125772,-4.361183,159.498184,10.689036
mhenry_SSDR_R_joint_32,FacialRoot,-0.070180,-0.038186,1.627468,-0.070180,-0.163958,1.627467,0.125772,-7.017973,162.746750,3.818607
mhenry_SSDR_R_joint_31,FacialRoot,-0.056563,-0.093019,1.612647,-0.056563,-0.218792,1.612647,0.125772,-5.656311,161.264709,9.301956
mhenry_SSDR_R_joint_30,FacialRoot,-0.047619,-0.093071,1.580007,-0.047619,-0.218844,1.580006,0.125772,-4.761913,158.000671,9.307148
mhenry_SSDR_L_joint_97,FacialRoot,0.009131,-0.121710,1.600885,0.009131,-0.247482,1.600885,0.125772,0.913120,160.088547,12.170984
mhenry_SSDR_L_joint_92,FacialRoot,0.015471,-0.129775,1.706777,0.015471,-0.255547,1.706776,0.125772,1.547068,170.677673,12.977503
mhenry_SSDR_L_joint_94,FacialRoot,0.055262,-0.069567,1.585013,0.055262,-0.195339,1.585012,0.125772,5.526201,158.501297,6.956663
mhenry_SSDR_L_joint_93,FacialRoot,0.071752,-0.059840,1.648751,0.071752,-0.185612,1.648751,0.125772,7.175207,164.875137,5.983990
mhenry_SSDR_L_joint_91,FacialRoot,0.027639,-0.126095,1.705574,0.027639,-0.251867,1.705573,0.125772,2.763932,170.557388,12.609480
mhenry_SSDR_L_joint_90,FacialRoot,0.040203,-0.118588,1.702184,0.040203,-0.244360,1.702184,0.125772,4.020270,170.218430,11.858786
mhenry_SSDR_R_joint_59,FacialRoot,-0.007768,-0.137909,1.655932,-0.007768,-0.263682,1.655931,0.125772,-0.776759,165.593185,13.790934
mhenry_SSDR_R_joint_58,FacialRoot,-0.014535,-0.136921,1.631017,-0.014535,-0.262694,1.631017,0.125772,-1.453524,163.101730,13.692141
mhenry_SSDR_R_joint_97,FacialRoot,-0.009813,-0.121967,1.600080,-0.009813,-0.247739,1.600079,0.125772,-0.981282,160.007996,12.196717
mhenry_SSDR_L_joint_19,FacialRoot,0.019868,-0.111291,1.597321,0.019868,-0.237063,1.597321,0.125772,1.986814,159.732117,11.129106
mhenry_SSDR_L_joint_18,FacialRoot,0.036849,-0.068519,1.563463,0.036849,-0.194291,1.563463,0.125772,3.684891,156.346313,6.851887
mhenry_SSDR_L_joint_17,FacialRoot,0.017911,-0.101483,1.555923,0.017911,-0.227255,1.555923,0.125772,1.791081,155.592300,10.148271
mhenry_SSDR_L_joint_16,FacialRoot,0.017413,-0.081460,1.553457,0.017413,-0.207233,1.553456,0.125772,1.741326,155.345657,8.146055
mhenry_SSDR_L_joint_15,FacialRoot,0.025252,-0.115933,1.565698,0.025252,-0.241705,1.565697,0.125772,2.525156,156.569778,11.593307
mhenry_SSDR_L_joint_14,FacialRoot,0.013598,-0.121044,1.559175,0.013598,-0.246816,1.559175,0.125772,1.359787,155.917557,12.104401
mhenry_SSDR_L_joint_13,FacialRoot,0.020476,-0.121570,1.575103,0.020476,-0.247342,1.575103,0.125772,2.047622,157.510330,12.156973
mhenry_SSDR_L_joint_12,FacialRoot,0.010522,-0.128436,1.571847,0.010522,-0.254208,1.571846,0.125772,1.052190,157.184662,12.843595
mhenry_SSDR_L_joint_11,FacialRoot,0.036952,-0.107192,1.576030,0.036952,-0.232965,1.576030,0.125772,3.695212,157.603012,10.719238
mhenry_SSDR_L_joint_10,FacialRoot,0.027845,-0.117403,1.590208,0.027845,-0.243175,1.590208,0.125772,2.784490,159.020844,11.740314
mhenry_SSDR_R_joint_55,FacialRoot,-0.021430,-0.123583,1.649560,-0.021430,-0.249355,1.649559,0.125772,-2.143011,164.955978,12.358296
mhenry_SSDR_R_joint_28,FacialRoot,-0.005516,-0.129530,1.603249,-0.005516,-0.255302,1.603249,0.125772,-0.551623,160.324905,12.953000
mhenry_SSDR_R_joint_29,FacialRoot,-0.066112,-0.069585,1.612792,-0.066112,-0.195357,1.612791,0.125772,-6.611166,161.279175,6.958470
mhenry_SSDR_L_joint_9,FacialRoot,0.019167,-0.123704,1.587200,0.019167,-0.249476,1.587200,0.125772,1.916710,158.720001,12.370380
mhenry_SSDR_L_joint_8,FacialRoot,0.009214,-0.127641,1.586967,0.009214,-0.253413,1.586967,0.125772,0.921362,158.696732,12.764096
mhenry_SSDR_L_joint_7,FacialRoot,0.020966,-0.121814,1.598107,0.020966,-0.247586,1.598107,0.125772,2.096570,159.810699,12.181386
mhenry_SSDR_L_joint_6,FacialRoot,0.016525,-0.126836,1.596919,0.016525,-0.252608,1.596918,0.125772,1.652475,159.691879,12.683590
mhenry_SSDR_L_joint_5,FacialRoot,0.012390,-0.129968,1.596472,0.012390,-0.255740,1.596472,0.125772,1.239009,159.647247,12.996819
mhenry_SSDR_L_joint_4,FacialRoot,0.007065,-0.131896,1.596189,0.007065,-0.257668,1.596189,0.125772,0.706509,159.618912,13.189582
mhenry_SSDR_L_joint_3,FacialRoot,0.024776,-0.116457,1.599900,0.024776,-0.242230,1.599900,0.125772,2.477599,159.990051,11.645737
mhenry_SSDR_L_joint_1,FacialRoot,0.014858,-0.125533,1.601568,0.014858,-0.251305,1.601568,0.125772,1.485829,160.156845,12.553281
mhenry_SSDR_L_joint_0,FacialRoot,0.010911,-0.128292,1.602195,0.010911,-0.254065,1.602194,0.125772,1.091140,160.219498,12.829219
mhenry_SSDR_R_joint_102,FacialRoot,-0.017885,-0.118606,1.602088,-0.017885,-0.244378,1.602088,0.125772,-1.788487,160.208847,11.860589
mhenry_SSDR_R_joint_103,FacialRoot,-0.016876,-0.117725,1.598959,-0.016876,-0.243497,1.598959,0.125772,-1.687634,159.895935,11.772470
mhenry_SSDR_R_joint_100,FacialRoot,-0.010779,-0.122717,1.604182,-0.010779,-0.248490,1.604181,0.125772,-1.077910,160.418167,12.271749
mhenry_SSDR_R_joint_106,FacialRoot,-0.022096,-0.114284,1.598840,-0.022096,-0.240057,1.598840,0.125772,-2.209569,159.884003,11.428456
mhenry_SSDR_R_joint_104,FacialRoot,-0.022845,-0.109976,1.604033,-0.022845,-0.235749,1.604033,0.125772,-2.284545,160.403336,10.997637
mhenry_SSDR_R_joint_105,FacialRoot,-0.023253,-0.108564,1.598655,-0.023253,-0.234337,1.598655,0.125772,-2.325278,159.865524,10.856462
mhenry_SSDR_L_joint_84,FacialRoot,0.012284,-0.133481,1.681800,0.012284,-0.259253,1.681799,0.125772,1.228366,168.179993,13.348112
mhenry_SSDR_L_joint_85,FacialRoot,0.020200,-0.132996,1.685217,0.020200,-0.258768,1.685217,0.125772,2.020043,168.521759,13.299587
mhenry_SSDR_L_joint_86,FacialRoot,0.033237,-0.127673,1.685131,0.033237,-0.253445,1.685130,0.125772,3.323718,168.513077,12.767287
mhenry_SSDR_L_joint_87,FacialRoot,0.045069,-0.122305,1.682904,0.045069,-0.248077,1.682903,0.125772,4.506887,168.290390,12.230510
mhenry_SSDR_L_joint_80,FacialRoot,0.007645,-0.131526,1.670871,0.007645,-0.257298,1.670870,0.125772,0.764464,167.087097,13.152568
mhenry_SSDR_L_joint_81,FacialRoot,0.065152,-0.080281,1.670722,0.065152,-0.206054,1.670721,0.125772,6.515190,167.072159,8.028147
mhenry_SSDR_L_joint_82,FacialRoot,0.060029,-0.095259,1.667651,0.060029,-0.221031,1.667651,0.125772,6.002902,166.765137,9.525887
mhenry_SSDR_L_joint_83,FacialRoot,0.054838,-0.112598,1.678660,0.054838,-0.238370,1.678660,0.125772,5.483822,167.866043,11.259809
mhenry_SSDR_L_joint_88,FacialRoot,0.059487,-0.098072,1.685336,0.059487,-0.223844,1.685336,0.125772,5.948669,168.533646,9.807185
mhenry_SSDR_L_joint_89,FacialRoot,0.051702,-0.109708,1.696329,0.051702,-0.235480,1.696328,0.125772,5.170199,169.632889,10.970776
mhenry_SSDR_R_joint_91,FacialRoot,-0.025419,-0.126722,1.706352,-0.025419,-0.252495,1.706352,0.125772,-2.541887,170.635254,12.672253
mhenry_SSDR_R_joint_90,FacialRoot,-0.038641,-0.120360,1.703682,-0.038641,-0.246133,1.703682,0.125772,-3.864085,170.368210,12.036025
mhenry_SSDR_R_joint_93,FacialRoot,-0.071055,-0.059822,1.639468,-0.071056,-0.185595,1.639467,0.125772,-7.105549,163.946793,5.982251
mhenry_SSDR_R_joint_92,FacialRoot,-0.013341,-0.129826,1.706988,-0.013341,-0.255598,1.706987,0.125772,-1.334069,170.698792,12.982595
mhenry_SSDR_R_joint_94,FacialRoot,-0.057838,-0.070579,1.586177,-0.057838,-0.196351,1.586176,0.125772,-5.783784,158.617661,7.057879
mhenry_SSDR_R_joint_54,FacialRoot,-0.031471,-0.118874,1.644060,-0.031471,-0.244646,1.644060,0.125772,-3.147093,164.406052,11.887379
mhenry_SSDR_R_joint_19,FacialRoot,-0.019738,-0.112978,1.594965,-0.019738,-0.238750,1.594964,0.125772,-1.973787,159.496460,11.297803
mhenry_SSDR_R_joint_18,FacialRoot,-0.037770,-0.069203,1.563175,-0.037770,-0.194975,1.563175,0.125772,-3.776993,156.317505,6.920281
mhenry_SSDR_R_joint_11,FacialRoot,-0.037789,-0.107244,1.577404,-0.037789,-0.233017,1.577404,0.125772,-3.778920,157.740448,10.724434
mhenry_SSDR_R_joint_10,FacialRoot,-0.027855,-0.117990,1.589921,-0.027855,-0.243762,1.589921,0.125772,-2.785490,158.992111,11.798970
mhenry_SSDR_R_joint_13,FacialRoot,-0.020036,-0.120666,1.575100,-0.020036,-0.246439,1.575100,0.125772,-2.003570,157.510010,12.066620
mhenry_SSDR_R_joint_12,FacialRoot,-0.010380,-0.127829,1.571660,-0.010380,-0.253602,1.571660,0.125772,-1.038024,157.166000,12.782932
mhenry_SSDR_R_joint_15,FacialRoot,-0.025161,-0.114977,1.566044,-0.025161,-0.240749,1.566044,0.125772,-2.516115,156.604446,11.497692
mhenry_SSDR_R_joint_14,FacialRoot,-0.013362,-0.120333,1.559489,-0.013362,-0.246106,1.559488,0.125772,-1.336246,155.948868,12.033354
mhenry_SSDR_R_joint_17,FacialRoot,-0.017822,-0.101056,1.557106,-0.017822,-0.226828,1.557105,0.125772,-1.782195,155.710556,10.105581
mhenry_SSDR_R_joint_16,FacialRoot,-0.017178,-0.080682,1.553868,-0.017178,-0.206454,1.553867,0.125772,-1.717822,155.386780,8.068208
mhenry_SSDR_R_joint_88,FacialRoot,-0.058830,-0.100186,1.687541,-0.058830,-0.225958,1.687541,0.125772,-5.883007,168.754135,10.018573
mhenry_SSDR_R_joint_89,FacialRoot,-0.050536,-0.111970,1.698163,-0.050536,-0.237742,1.698162,0.125772,-5.053646,169.816284,11.196989
mhenry_SSDR_R_joint_86,FacialRoot,-0.030546,-0.129004,1.686459,-0.030546,-0.254776,1.686459,0.125772,-3.054587,168.645905,12.900373
mhenry_SSDR_R_joint_87,FacialRoot,-0.042926,-0.124752,1.685310,-0.042926,-0.250524,1.685309,0.125772,-4.292589,168.530975,12.475202
mhenry_SSDR_R_joint_84,FacialRoot,-0.010456,-0.133376,1.681810,-0.010456,-0.259148,1.681809,0.125772,-1.045640,168.180954,13.337585
mhenry_SSDR_R_joint_85,FacialRoot,-0.017868,-0.133468,1.684941,-0.017868,-0.259241,1.684940,0.125772,-1.786836,168.494095,13.346856
mhenry_SSDR_R_joint_82,FacialRoot,-0.058165,-0.099036,1.669471,-0.058165,-0.224809,1.669470,0.125772,-5.816490,166.947083,9.903622
mhenry_SSDR_R_joint_83,FacialRoot,-0.052922,-0.114891,1.681212,-0.052922,-0.240664,1.681211,0.125772,-5.292156,168.121170,11.489142
mhenry_SSDR_R_joint_80,FacialRoot,-0.006934,-0.132396,1.670955,-0.006934,-0.258168,1.670954,0.125772,-0.693427,167.095490,13.239610
mhenry_SSDR_R_joint_81,FacialRoot,-0.065010,-0.081979,1.673162,-0.065010,-0.207752,1.673162,0.125772,-6.500974,167.316223,8.197956
mhenry_SSDR_L_joint_39,FacialRoot,0.021388,-0.122975,1.604411,0.021388,-0.248748,1.604411,0.125772,2.138838,160.441147,12.297532
mhenry_SSDR_L_joint_38,FacialRoot,0.027609,-0.117213,1.600262,0.027609,-0.242985,1.600262,0.125772,2.760910,160.026215,11.721293
mhenry_SSDR_L_joint_31,FacialRoot,0.055102,-0.091794,1.610978,0.055102,-0.217567,1.610977,0.125772,5.510197,161.097763,9.179455
mhenry_SSDR_L_joint_30,FacialRoot,0.045933,-0.093170,1.577437,0.045933,-0.218943,1.577436,0.125772,4.593283,157.743683,9.317038
mhenry_SSDR_L_joint_33,FacialRoot,0.043069,-0.105875,1.593359,0.043069,-0.231648,1.593359,0.125772,4.306860,159.335907,10.587540
mhenry_SSDR_L_joint_32,FacialRoot,0.069443,-0.036515,1.624507,0.069443,-0.162287,1.624506,0.125772,6.944287,162.450684,3.651486
mhenry_SSDR_L_joint_35,FacialRoot,0.024709,-0.122242,1.609945,0.024709,-0.248015,1.609945,0.125772,2.470865,160.994522,12.224220
mhenry_SSDR_L_joint_34,FacialRoot,0.043855,-0.109183,1.613046,0.043855,-0.234956,1.613046,0.125772,4.385539,161.304626,10.918353
mhenry_SSDR_L_joint_37,FacialRoot,0.007932,-0.132586,1.617339,0.007931,-0.258358,1.617338,0.125772,0.793151,161.733887,13.258618
mhenry_SSDR_L_joint_36,FacialRoot,0.016033,-0.126799,1.614616,0.016033,-0.252572,1.614615,0.125772,1.603308,161.461594,12.679938
mhenry_SSDR_R_joint_9,FacialRoot,-0.018828,-0.123878,1.586336,-0.018828,-0.249650,1.586335,0.125772,-1.882840,158.633560,12.387808
mhenry_SSDR_R_joint_8,FacialRoot,-0.008697,-0.127704,1.586324,-0.008697,-0.253476,1.586323,0.125772,-0.869666,158.632370,12.770389
mhenry_SSDR_R_joint_5,FacialRoot,-0.009758,-0.131253,1.595812,-0.009758,-0.257026,1.595812,0.125772,-0.975842,159.581207,13.125340
mhenry_SSDR_R_joint_4,FacialRoot,-0.003811,-0.132328,1.595990,-0.003811,-0.258100,1.595990,0.125772,-0.381059,159.599014,13.232807
mhenry_SSDR_R_joint_7,FacialRoot,-0.019836,-0.124120,1.596631,-0.019837,-0.249893,1.596630,0.125772,-1.983646,159.663071,12.412034
mhenry_SSDR_R_joint_6,FacialRoot,-0.014670,-0.128778,1.595841,-0.014670,-0.254551,1.595841,0.125772,-1.466967,159.584122,12.877820
mhenry_SSDR_R_joint_1,FacialRoot,-0.015781,-0.125982,1.599791,-0.015781,-0.251754,1.599790,0.125772,-1.578141,159.979095,12.598178
mhenry_SSDR_R_joint_0,FacialRoot,-0.011579,-0.128057,1.601812,-0.011579,-0.253830,1.601812,0.125772,-1.157878,160.181229,12.805745
mhenry_SSDR_R_joint_3,FacialRoot,-0.023001,-0.118119,1.599423,-0.023001,-0.243891,1.599422,0.125772,-2.300060,159.942276,11.811913
mhenry_SSDR_R_joint_2,FacialRoot,-0.019942,-0.121758,1.599316,-0.019942,-0.247530,1.599316,0.125772,-1.994190,159.931656,12.175781
mhenry_SSDR_L_joint_26,FacialRoot,0.014028,-0.125208,1.602447,0.014028,-0.250980,1.602446,0.125772,1.402829,160.244659,12.520815
mhenry_SSDR_L_joint_27,FacialRoot,0.009658,-0.127653,1.603207,0.009658,-0.253426,1.603207,0.125772,0.965759,160.320755,12.765358
mhenry_SSDR_L_joint_24,FacialRoot,0.006124,-0.130435,1.602528,0.006124,-0.256207,1.602528,0.125772,0.612358,160.252853,13.043509
mhenry_SSDR_L_joint_25,FacialRoot,0.020021,-0.121413,1.601762,0.020021,-0.247185,1.601761,0.125772,2.002131,160.176163,12.141299
mhenry_SSDR_L_joint_23,FacialRoot,0.040270,-0.118449,1.676338,0.040270,-0.244221,1.676337,0.125772,4.027022,167.633774,11.844918
mhenry_SSDR_L_joint_20,FacialRoot,0.022906,-0.115104,1.600839,0.022906,-0.240877,1.600839,0.125772,2.290575,160.083908,11.510437
mhenry_SSDR_L_joint_28,FacialRoot,0.005178,-0.129427,1.603306,0.005178,-0.255199,1.603305,0.125772,0.517798,160.330582,12.942671
mhenry_SSDR_L_joint_29,FacialRoot,0.063633,-0.068518,1.610363,0.063633,-0.194291,1.610363,0.125772,6.363274,161.036331,6.851861
mhenry_SSDR_R_joint_73,FacialRoot,-0.044584,-0.110846,1.668468,-0.044584,-0.236618,1.668468,0.125772,-4.458371,166.846802,11.084604
mhenry_SSDR_R_joint_72,FacialRoot,-0.040013,-0.115320,1.672526,-0.040013,-0.241093,1.672525,0.125772,-4.001318,167.252579,11.532052
mhenry_SSDR_R_joint_71,FacialRoot,-0.025699,-0.118732,1.674563,-0.025699,-0.244505,1.674562,0.125772,-2.569905,167.456284,11.873244
mhenry_SSDR_R_joint_70,FacialRoot,-0.020793,-0.115902,1.671221,-0.020793,-0.241674,1.671220,0.125772,-2.079290,167.122070,11.590179
mhenry_SSDR_R_joint_77,FacialRoot,-0.042810,-0.115519,1.674653,-0.042810,-0.241291,1.674652,0.125772,-4.281030,167.465256,11.551913
mhenry_SSDR_R_joint_76,FacialRoot,-0.033826,-0.119970,1.675757,-0.033826,-0.245743,1.675757,0.125772,-3.382624,167.575745,11.997029
mhenry_SSDR_R_joint_75,FacialRoot,-0.025308,-0.118229,1.676699,-0.025308,-0.244001,1.676699,0.125772,-2.530836,167.669922,11.822896
mhenry_SSDR_R_joint_74,FacialRoot,-0.018160,-0.117182,1.674938,-0.018160,-0.242955,1.674937,0.125772,-1.815966,167.493774,11.718261
mhenry_SSDR_R_joint_79,FacialRoot,-0.011481,-0.121332,1.672931,-0.011481,-0.247104,1.672930,0.125772,-1.148085,167.293076,12.133208
mhenry_SSDR_R_joint_78,FacialRoot,-0.047143,-0.108020,1.666015,-0.047143,-0.233792,1.666015,0.125772,-4.714294,166.601532,10.801991
mhenry_SSDR_R_joint_24,FacialRoot,-0.006392,-0.130121,1.602546,-0.006392,-0.255894,1.602545,0.125772,-0.639212,160.254593,13.012124
mhenry_SSDR_R_joint_25,FacialRoot,-0.019922,-0.121747,1.600317,-0.019922,-0.247519,1.600317,0.125772,-1.992155,160.031723,12.174664
mhenry_SSDR_R_joint_26,FacialRoot,-0.014588,-0.125828,1.601874,-0.014588,-0.251600,1.601874,0.125772,-1.458777,160.187408,12.582770
mhenry_SSDR_L_joint_53,FacialRoot,0.043321,-0.112662,1.643349,0.043321,-0.238434,1.643348,0.125772,4.332149,164.334885,11.266214
mhenry_SSDR_L_joint_52,FacialRoot,0.053693,-0.105265,1.646943,0.053693,-0.231037,1.646943,0.125772,5.369307,164.694321,10.526465
mhenry_SSDR_L_joint_51,FacialRoot,0.008586,-0.128897,1.624713,0.008586,-0.254669,1.624712,0.125772,0.858592,162.471298,12.889687
mhenry_SSDR_L_joint_50,FacialRoot,0.021248,-0.120222,1.627935,0.021248,-0.245995,1.627935,0.125772,2.124816,162.793503,12.022254
mhenry_SSDR_L_joint_57,FacialRoot,0.015175,-0.124938,1.637410,0.015175,-0.250711,1.637409,0.125772,1.517512,163.740982,12.493858
mhenry_SSDR_L_joint_56,FacialRoot,0.019275,-0.124573,1.643439,0.019275,-0.250346,1.643438,0.125772,1.927518,164.343887,12.457335
mhenry_SSDR_L_joint_55,FacialRoot,0.022012,-0.122098,1.651252,0.022012,-0.247870,1.651252,0.125772,2.201175,165.125214,12.209764
mhenry_SSDR_L_joint_54,FacialRoot,0.031802,-0.117469,1.646101,0.031802,-0.243241,1.646101,0.125772,3.180214,164.610107,11.746865
mhenry_SSDR_R_joint_20,FacialRoot,-0.022288,-0.115842,1.599465,-0.022288,-0.241615,1.599465,0.125772,-2.228829,159.946548,11.584245
mhenry_SSDR_L_joint_59,FacialRoot,0.008879,-0.137637,1.655989,0.008879,-0.263410,1.655989,0.125772,0.887934,165.598923,13.763723
mhenry_SSDR_L_joint_58,FacialRoot,0.014705,-0.136682,1.630644,0.014705,-0.262454,1.630643,0.125772,1.470459,163.064362,13.668180
mhenry_SSDR_R_joint_60,FacialRoot,-0.012299,-0.123921,1.666286,-0.012300,-0.249694,1.666286,0.125772,-1.229949,166.628632,12.392126
mhenry_SSDR_R_joint_61,FacialRoot,-0.020156,-0.118319,1.661201,-0.020156,-0.244092,1.661201,0.125772,-2.015615,166.120102,11.831923
mhenry_SSDR_R_joint_62,FacialRoot,-0.027752,-0.118119,1.658236,-0.027752,-0.243892,1.658235,0.125772,-2.775219,165.823563,11.811954
mhenry_SSDR_R_joint_63,FacialRoot,-0.036353,-0.115807,1.656549,-0.036353,-0.241579,1.656549,0.125772,-3.635267,165.654922,11.580676
mhenry_SSDR_R_joint_64,FacialRoot,-0.045403,-0.109635,1.660309,-0.045403,-0.235407,1.660308,0.125772,-4.540331,166.030899,10.963470
mhenry_SSDR_R_joint_65,FacialRoot,-0.043216,-0.112877,1.666538,-0.043216,-0.238649,1.666537,0.125772,-4.321607,166.653778,11.287673
mhenry_SSDR_R_joint_66,FacialRoot,-0.036048,-0.117427,1.664575,-0.036048,-0.243199,1.664575,0.125772,-3.604763,166.457550,11.742715
mhenry_SSDR_R_joint_67,FacialRoot,-0.028235,-0.118090,1.665059,-0.028235,-0.243863,1.665059,0.125772,-2.823519,166.505951,11.809051
mhenry_SSDR_R_joint_68,FacialRoot,-0.022083,-0.116677,1.666579,-0.022083,-0.242450,1.666578,0.125772,-2.208263,166.657883,11.667755
mhenry_SSDR_R_joint_69,FacialRoot,-0.016900,-0.114794,1.668884,-0.016900,-0.240566,1.668883,0.125772,-1.690028,166.888382,11.479387
mhenry_SSDR_R_joint_23,FacialRoot,-0.034282,-0.119082,1.678036,-0.034282,-0.244854,1.678035,0.125772,-3.428177,167.803589,11.908164
mhenry_eye_right_ext,Head,-0.031416,-0.103755,1.670466,-0.031416,-0.103759,1.754039,0.083573,-3.141574,167.046600,10.375532
mhenry_eye_left_ext,Head,0.033299,-0.102611,1.670276,0.033299,-0.102614,1.753849,0.083573,3.329914,167.027573,10.261080
LeftShoulder,Spine4,0.066782,0.011720,1.456721,0.068969,-0.116437,1.456720,0.128176,6.678243,145.672104,-1.172036
LeftArm,LeftShoulder,0.191668,0.015045,1.428060,0.182215,-0.164782,1.396354,0.182845,19.166842,142.806015,-1.504449
LeftArmRoll,LeftArm,0.253123,0.023652,1.360922,0.243672,-0.156175,1.329216,0.182845,25.312300,136.092224,-2.365174
LeftForeArm,LeftArm,0.376030,0.040866,1.226650,0.328296,-0.120583,1.226649,0.168358,37.602974,122.664993,-4.086606
LeftHand,LeftForeArm,0.553232,-0.011521,1.030652,0.540474,-0.058676,1.030651,0.048850,55.323174,103.065216,1.152133
LeftInHandPinky,LeftHand,0.570639,0.001876,1.024618,0.592708,-0.052349,1.023080,0.058564,57.063904,102.461761,-0.187603
LeftHandPinky1,LeftInHandPinky,0.600506,0.015408,0.976093,0.615766,-0.017588,0.965669,0.037818,60.050648,97.609344,-1.540783
LeftHandPinky2,LeftHandPinky1,0.615182,0.031897,0.945386,0.623868,0.013116,0.939452,0.021527,61.518173,94.538582,-3.189680
LeftHandPinky3,LeftHandPinky2,0.622670,0.041044,0.927396,0.631356,0.022263,0.921462,0.021527,62.267025,92.739616,-4.104443
LeftInHandRing,LeftHand,0.573260,-0.009933,1.025201,0.587104,-0.073814,1.027805,0.065417,57.326012,102.520081,0.993261
LeftHandRing1,LeftInHandRing,0.613160,-0.003382,0.973777,0.622747,-0.047365,0.966408,0.045616,61.316051,97.377747,0.338159
LeftHandRing2,LeftHandRing1,0.634409,0.007751,0.934979,0.639847,-0.017195,0.930799,0.025872,63.440872,93.497887,-0.775109
LeftHandRing3,LeftHandRing2,0.645172,0.013903,0.912271,0.650610,-0.011043,0.908090,0.025872,64.517166,91.227081,-1.390294
LeftHandMiddle1,LeftHand,0.616007,-0.024981,0.973895,0.614429,-0.073473,0.974588,0.048523,61.600731,97.389481,2.498115
LeftHandMiddle2,LeftHandMiddle1,0.641103,-0.026390,0.932389,0.640184,-0.054647,0.932792,0.028275,64.110260,93.238922,2.639005
LeftHandMiddle3,LeftHandMiddle2,0.654427,-0.027178,0.907463,0.653508,-0.055436,0.907865,0.028275,65.442665,90.746269,2.717854
LeftHandIndex1,LeftHand,0.609963,-0.048864,0.974075,0.596855,-0.090607,0.979379,0.044073,60.996300,97.407509,4.886434
LeftHandIndex2,LeftHandIndex1,0.630133,-0.059972,0.936496,0.622243,-0.085102,0.939688,0.026532,63.013336,93.649574,5.997210
LeftHandIndex3,LeftHandIndex2,0.640906,-0.066327,0.913097,0.633016,-0.091457,0.916289,0.026532,64.090614,91.309654,6.632691
LeftHandThumb1,LeftHand,0.552448,-0.032329,1.014156,0.503363,-0.035290,1.009251,0.049418,55.244789,101.415581,3.232929
LeftHandThumb2,LeftHandThumb1,0.557878,-0.069879,0.982491,0.525119,-0.071856,0.979217,0.032981,55.787811,98.249062,6.987955
LeftHandThumb3,LeftHandThumb2,0.561700,-0.087803,0.955070,0.528941,-0.089779,0.951796,0.032981,56.169998,95.506973,8.780291
LeftForeArmRoll,LeftForeArm,0.420331,0.027769,1.177650,0.372600,-0.133681,1.177648,0.168358,42.033112,117.764969,-2.776892
LeftForeArmRoll1,LeftForeArm,0.464632,0.014672,1.128649,0.416901,-0.146778,1.128648,0.168358,46.463230,112.864937,-1.467191
LeftForeArmRoll2,LeftForeArm,0.508934,0.001575,1.079649,0.461203,-0.159875,1.079647,0.168358,50.893398,107.964867,-0.157472
LeftArmRoll1,LeftArm,0.314577,0.032259,1.293786,0.305126,-0.147568,1.262079,0.182845,31.457745,129.378555,-3.225904
RightShoulder,Spine4,-0.066783,0.011720,1.456719,-0.064596,0.139875,1.456720,0.128173,-6.678279,145.671906,-1.172037
RightArm,RightShoulder,-0.191667,0.015047,1.428060,-0.201120,0.194869,1.459765,0.182840,-19.166653,142.806015,-1.504661
RightArmRoll,RightArm,-0.253121,0.023654,1.360928,-0.262572,0.203476,1.392633,0.182840,-25.312109,136.092773,-2.365373
RightForeArm,RightArm,-0.376027,0.040868,1.226653,-0.423760,0.202316,1.226655,0.168356,-37.602676,122.665352,-4.086802
RightHand,RightForeArm,-0.553228,-0.011520,1.030656,-0.565986,0.035635,1.030656,0.048850,-55.322800,103.065559,1.151976
RightInHandPinky,RightHand,-0.570636,0.001878,1.024619,-0.548569,0.056099,1.026156,0.058561,-57.063644,102.461937,-0.187743
RightHandPinky1,RightInHandPinky,-0.600503,0.015409,0.976099,-0.585244,0.048405,0.986524,0.037818,-60.050312,97.609932,-1.540909
RightHandPinky2,RightHandPinky1,-0.615178,0.031898,0.945391,-0.606491,0.050679,0.951325,0.021526,-61.517754,94.539116,-3.189778
RightHandPinky3,RightHandPinky2,-0.622666,0.041045,0.927402,-0.613980,0.059826,0.933336,0.021526,-62.266621,92.740166,-4.104526
RightInHandRing,RightHand,-0.573257,-0.009931,1.025206,-0.559413,0.053951,1.022602,0.065417,-57.325737,102.520630,0.993136
RightHandRing1,RightInHandRing,-0.613158,-0.003381,0.973782,-0.603571,0.040602,0.981151,0.045615,-61.315762,97.378227,0.338060
RightHandRing2,RightHandRing1,-0.634405,0.007752,0.934984,-0.628967,0.032698,0.939164,0.025872,-63.440506,93.498444,-0.775190
RightHandRing3,RightHandRing2,-0.645169,0.013904,0.912277,-0.639730,0.038850,0.916457,0.025872,-64.516869,91.227661,-1.390360
RightHandMiddle1,RightHand,-0.616005,-0.024980,0.973900,-0.617583,0.023512,0.973207,0.048523,-61.600479,97.389999,2.498006
RightHandMiddle2,RightHandMiddle1,-0.641099,-0.026389,0.932394,-0.642018,0.001868,0.931991,0.028275,-64.109947,93.239395,2.638920
RightHandMiddle3,RightHandMiddle2,-0.654423,-0.027178,0.907468,-0.655342,0.001079,0.907065,0.028275,-65.442322,90.746773,2.717786
RightHandIndex1,RightHand,-0.609960,-0.048863,0.974081,-0.623068,-0.007120,0.968777,0.044073,-60.995960,97.408058,4.886329
RightHandIndex2,RightHandIndex1,-0.630130,-0.059971,0.936501,-0.638021,-0.034842,0.933309,0.026532,-63.013031,93.650116,5.997131
RightHandIndex3,RightHandIndex2,-0.640903,-0.066326,0.913102,-0.648794,-0.041197,0.909910,0.026532,-64.090317,91.310242,6.632640
RightHandThumb1,RightHand,-0.552445,-0.032328,1.014161,-0.601530,-0.029367,1.019066,0.049419,-55.244503,101.416115,3.232815
RightHandThumb2,RightHandThumb1,-0.557875,-0.069878,0.982496,-0.590634,-0.067903,0.985769,0.032981,-55.787472,98.249588,6.987849
RightHandThumb3,RightHandThumb2,-0.561696,-0.087801,0.955075,-0.594455,-0.085826,0.958348,0.032981,-56.169628,95.507462,8.780156
RightForeArmRoll,RightForeArm,-0.420327,0.027771,1.177653,-0.468058,0.189219,1.177654,0.168356,-42.032707,117.765274,-2.777110
RightForeArmRoll1,RightForeArm,-0.464627,0.014674,1.128655,-0.512357,0.176123,1.128656,0.168356,-46.462658,112.865463,-1.467439
RightForeArmRoll2,RightForeArm,-0.508928,0.001577,1.079654,-0.556658,0.163026,1.079655,0.168356,-50.892773,107.965431,-0.157720
RightArmRoll1,RightArm,-0.314573,0.032261,1.293793,-0.324024,0.212083,1.325498,0.182840,-31.457281,129.379288,-3.226067
BackSlot_shield,Spine4,0.002060,0.131412,1.341993,-1.320930,0.171391,1.599503,1.348411,0.205990,134.199295,-13.141201
hood06_liripipe_01,Spine4,-0.016210,0.177570,1.350592,-0.010490,0.271570,1.345287,0.094323,-1.620982,135.059174,-17.757025
LeftWeaponSecondaryBelt,Spine1,0.206624,-0.060990,0.983429,0.232633,-0.005068,0.885923,0.115374,20.662386,98.342880,6.098989
LeftWeaponSheath,LeftWeaponSecondaryBelt,0.214607,-0.132955,0.893604,0.246738,-0.063871,0.773152,0.142526,21.460678,89.360352,13.295475
LeftWeaponSlot,LeftWeaponSheath,0.184018,-0.204275,1.013149,0.420681,0.304560,0.125947,1.049787,18.401785,101.314957,20.427549
cuirass07_torso_pouch_01,Spine1,-0.105698,-0.172626,1.027771,-0.105698,-0.340433,1.034103,0.167927,-10.569767,102.777130,17.262640
satchel_cuirass07_torso_01,Spine1,-0.146725,0.054945,0.981093,-0.146725,-0.087258,0.986459,0.142304,-14.672485,98.109337,-5.494455
mainBelt_cuirass07_torso_01,Spine1,-0.048893,-0.200281,1.036463,-0.048893,-0.291825,1.039918,0.091609,-4.889262,103.646332,20.028074
scabbard_longswordcapon_mainbelt_01,Spine,0.040186,-0.199358,1.012045,0.045781,-0.296471,1.024519,0.098070,4.018622,101.204460,19.935835
scabbard_longswordcapon_mainbelt_02,scabbard_longswordcapon_mainbelt_01,0.037581,-0.211858,0.914809,0.050504,-0.316275,0.927745,0.106006,3.758074,91.480927,21.185844
LeftUpLeg,Hips,0.106191,-0.042701,0.930821,0.118400,-0.353917,0.925782,0.311496,10.619084,93.082146,4.270093
LeftLeg,LeftUpLeg,0.131670,-0.034911,0.511558,0.141276,-0.240190,0.482987,0.207479,13.167009,51.155811,3.491153
LeftLegRoll,LeftLeg,0.142564,-0.007354,0.317229,0.152170,-0.212632,0.288658,0.207479,14.256421,31.722950,0.735422
LeftFoot,LeftLeg,0.155271,0.024789,0.090561,0.148529,-0.042481,0.242052,0.165892,15.527119,9.056148,-2.478905
LeftToeBase,LeftFoot,0.165174,-0.126720,0.023724,0.154998,-0.126851,0.189304,0.165892,16.517366,2.372440,12.672006
legsplate03_KneePlate_l,LeftLeg,0.131670,-0.034911,0.511558,0.141276,-0.240190,0.482987,0.207479,13.167008,51.155815,3.491152
LeftUpLegRoll,LeftUpLeg,0.118496,-0.038939,0.728346,0.130705,-0.350155,0.723306,0.311496,11.849555,72.834633,3.893919
vcloth_root_joint_gambesonlong03_waist_geo_Hips_0,Hips,-0.000000,-0.042701,0.930821,0.000000,-0.253466,0.930821,0.210765,-0.000000,93.082138,4.270092
vcloth_joint_gambesonlong03_waist_geo_0,vcloth_root_joint_gambesonlong03_waist_geo_Hips_0,0.001829,0.116782,0.911572,-0.004782,0.325523,0.939951,0.210765,0.182854,91.157242,-11.678158
vcloth_joint_gambesonlong03_waist_geo_1,vcloth_root_joint_gambesonlong03_waist_geo_Hips_0,-0.063137,0.109707,0.909749,-0.067804,0.318814,0.935715,0.210765,-6.313704,90.974861,-10.970655
vcloth_joint_gambesonlong03_waist_geo_2,vcloth_root_joint_gambesonlong03_waist_geo_Hips_0,-0.125911,0.087822,0.905047,-0.178766,0.289656,0.934898,0.210765,-12.591089,90.504738,-8.782196
vcloth_joint_gambesonlong03_waist_geo_3,vcloth_root_joint_gambesonlong03_waist_geo_Hips_0,-0.179668,0.044248,0.895509,-0.335447,0.182369,0.928331,0.210765,-17.966755,89.550949,-4.424788
vcloth_joint_gambesonlong03_waist_geo_4,vcloth_root_joint_gambesonlong03_waist_geo_Hips_0,-0.213838,-0.022105,0.878211,-0.415457,0.008285,0.931581,0.210765,-21.383837,87.821075,2.210554
vcloth_joint_gambesonlong03_waist_geo_5,vcloth_root_joint_gambesonlong03_waist_geo_Hips_0,-0.203606,-0.073077,0.884897,-0.407046,-0.111298,0.924558,0.210765,-20.360603,88.489655,7.307716
vcloth_joint_gambesonlong03_waist_geo_6,vcloth_root_joint_gambesonlong03_waist_geo_Hips_0,-0.179555,-0.114607,0.883425,-0.365093,-0.208469,0.917886,0.210765,-17.955517,88.342461,11.460709
vcloth_joint_gambesonlong03_waist_geo_7,vcloth_root_joint_gambesonlong03_waist_geo_Hips_0,-0.144873,-0.146000,0.880466,-0.258062,-0.322380,0.902833,0.210765,-14.487311,88.046585,14.600018
vcloth_joint_gambesonlong03_waist_geo_8,vcloth_root_joint_gambesonlong03_waist_geo_Hips_0,-0.103431,-0.167532,0.876205,-0.177086,-0.364529,0.889948,0.210765,-10.343142,87.620544,16.753159
vcloth_joint_gambesonlong03_waist_geo_9,vcloth_root_joint_gambesonlong03_waist_geo_Hips_0,-0.219565,-0.035859,0.836619,-0.423744,-0.045160,0.888062,0.210765,-21.956516,83.661942,3.585939
vcloth_joint_gambesonlong03_waist_geo_10,vcloth_root_joint_gambesonlong03_waist_geo_Hips_0,-0.209234,-0.075074,0.840168,-0.409131,-0.121459,0.888246,0.210765,-20.923422,84.016769,7.507455
vcloth_joint_gambesonlong03_waist_geo_11,vcloth_root_joint_gambesonlong03_waist_geo_Hips_0,-0.184984,-0.113695,0.838630,-0.367811,-0.211980,0.875182,0.210765,-18.498358,83.863029,11.369482
vcloth_joint_gambesonlong03_waist_geo_12,vcloth_root_joint_gambesonlong03_waist_geo_Hips_0,-0.149508,-0.146087,0.836011,-0.256053,-0.326631,0.857777,0.210765,-14.950766,83.601128,14.608674
vcloth_joint_gambesonlong03_waist_geo_13,vcloth_root_joint_gambesonlong03_waist_geo_Hips_0,-0.109282,-0.168131,0.833298,-0.178930,-0.366544,0.847548,0.210765,-10.928238,83.329849,16.813065
vcloth_joint_gambesonlong03_waist_geo_14,vcloth_root_joint_gambesonlong03_waist_geo_Hips_0,-0.006601,0.138136,0.763971,-0.009870,0.346945,0.792432,0.210765,-0.660142,76.397102,-13.813619
vcloth_joint_gambesonlong03_waist_geo_15,vcloth_root_joint_gambesonlong03_waist_geo_Hips_0,-0.073860,0.130764,0.764968,-0.097615,0.338183,0.793862,0.210765,-7.385997,76.496834,-13.076364
vcloth_joint_gambesonlong03_waist_geo_16,vcloth_root_joint_gambesonlong03_waist_geo_Hips_0,-0.137068,0.104780,0.762177,-0.189715,0.306415,0.793692,0.210765,-13.706792,76.217705,-10.477951
vcloth_joint_gambesonlong03_waist_geo_17,vcloth_root_joint_gambesonlong03_waist_geo_Hips_0,-0.228522,-0.040727,0.760306,-0.436474,-0.029099,0.792596,0.210765,-22.852240,76.030571,4.072688
vcloth_joint_gambesonlong03_waist_geo_18,vcloth_root_joint_gambesonlong03_waist_geo_Hips_0,-0.220875,-0.067750,0.755761,-0.422574,-0.118987,0.789140,0.210765,-22.087492,75.576118,6.774990
vcloth_joint_gambesonlong03_waist_geo_19,vcloth_root_joint_gambesonlong03_waist_geo_Hips_0,-0.193803,-0.110721,0.749535,-0.365006,-0.231563,0.772084,0.210765,-19.380257,74.953506,11.072137
vcloth_joint_gambesonlong03_waist_geo_20,vcloth_root_joint_gambesonlong03_waist_geo_Hips_0,-0.151502,-0.152298,0.745106,-0.259919,-0.332727,0.755730,0.210765,-15.150155,74.510559,15.229799
vcloth_joint_gambesonlong03_waist_geo_21,vcloth_root_joint_gambesonlong03_waist_geo_Hips_0,-0.117896,-0.173267,0.742206,-0.179431,-0.374433,0.755153,0.210765,-11.789567,74.220596,17.326715
vcloth_joint_gambesonlong03_waist_geo_22,vcloth_root_joint_gambesonlong03_waist_geo_Hips_0,-0.059274,-0.180092,0.871144,-0.092742,-0.388012,0.879571,0.210765,-5.927394,87.114395,18.009197
vcloth_joint_gambesonlong03_waist_geo_23,vcloth_root_joint_gambesonlong03_waist_geo_Hips_0,-0.067137,-0.181559,0.831680,-0.094668,-0.390463,0.836459,0.210765,-6.713725,83.168045,18.155867
vcloth_joint_gambesonlong03_waist_geo_24,vcloth_root_joint_gambesonlong03_waist_geo_Hips_0,-0.078931,-0.187752,0.737218,-0.096912,-0.397589,0.745412,0.210765,-7.893147,73.721786,18.775232
vcloth_joint_gambesonlong03_waist_geo_25,vcloth_root_joint_gambesonlong03_waist_geo_Hips_0,-0.048523,-0.192969,0.739022,-0.043289,-0.403652,0.741618,0.210765,-4.852298,73.902237,19.296858
vcloth_joint_gambesonlong03_waist_geo_26,vcloth_root_joint_gambesonlong03_waist_geo_Hips_0,-0.027376,-0.186356,0.826421,-0.027390,-0.397121,0.826697,0.210765,-2.737622,82.642136,18.635643
vcloth_joint_gambesonlong03_waist_geo_27,vcloth_root_joint_gambesonlong03_waist_geo_Hips_0,-0.022147,-0.191149,0.858806,-0.031131,-0.401651,0.864284,0.210765,-2.214671,85.880569,19.114950
vcloth_joint_gambesonlong03_waist_geo_28,vcloth_root_joint_gambesonlong03_waist_geo_Hips_0,-0.097095,0.046580,1.126993,-0.194304,0.213205,1.211895,0.210765,-9.709539,112.699341,-4.658016
vcloth_joint_gambesonlong03_waist_geo_29,vcloth_root_joint_gambesonlong03_waist_geo_Hips_0,-0.137720,0.011425,1.123090,-0.323978,0.083437,1.190498,0.210765,-13.771990,112.309006,-1.142460
vcloth_joint_gambesonlong03_waist_geo_30,vcloth_root_joint_gambesonlong03_waist_geo_Hips_0,-0.152342,-0.075273,1.110739,-0.338949,-0.136699,1.187072,0.210765,-15.234178,111.073952,7.527348
vcloth_joint_gambesonlong03_waist_geo_31,vcloth_root_joint_gambesonlong03_waist_geo_Hips_0,-0.156257,-0.040256,1.116619,-0.356574,-0.010540,1.175031,0.210765,-15.625748,111.661850,4.025586
vcloth_joint_gambesonlong03_waist_geo_32,vcloth_root_joint_gambesonlong03_waist_geo_Hips_0,-0.129511,-0.115772,1.104856,-0.315314,-0.179328,1.181406,0.210765,-12.951131,110.485641,11.577206
vcloth_joint_gambesonlong03_waist_geo_33,vcloth_root_joint_gambesonlong03_waist_geo_Hips_0,-0.045839,0.062415,1.126800,-0.077921,0.262133,1.186007,0.210765,-4.583906,112.680008,-6.241496
vcloth_joint_gambesonlong03_waist_geo_34,vcloth_root_joint_gambesonlong03_waist_geo_Hips_0,-0.000154,0.066908,1.126400,0.003513,0.268946,1.186309,0.210765,-0.015442,112.640030,-6.690761
vcloth_joint_gambesonlong03_waist_geo_35,vcloth_root_joint_gambesonlong03_waist_geo_Hips_0,-0.101086,-0.146831,1.096052,-0.211968,-0.320401,1.140779,0.210765,-10.108632,109.605179,14.683104
vcloth_joint_gambesonlong03_waist_geo_36,vcloth_root_joint_gambesonlong03_waist_geo_Hips_0,-0.065199,-0.165156,1.090402,-0.146805,-0.355536,1.129360,0.210765,-6.519892,109.040176,16.515577
vcloth_joint_gambesonlong03_waist_geo_37,vcloth_root_joint_gambesonlong03_waist_geo_Hips_0,-0.031307,-0.173056,1.087964,-0.059123,-0.374088,1.144835,0.210765,-3.130738,108.796417,17.305601
vcloth_joint_gambesonlong03_waist_geo_38,vcloth_root_joint_gambesonlong03_waist_geo_Hips_0,0.067913,0.109351,0.910274,0.095931,0.316709,0.935562,0.210765,6.791285,91.027397,-10.935141
vcloth_joint_gambesonlong03_waist_geo_39,vcloth_root_joint_gambesonlong03_waist_geo_Hips_0,0.130865,0.086952,0.905078,0.228105,0.271770,0.933515,0.210765,13.086514,90.507767,-8.695227
vcloth_joint_gambesonlong03_waist_geo_40,vcloth_root_joint_gambesonlong03_waist_geo_Hips_0,0.183533,0.041255,0.894303,0.359464,0.149454,0.936293,0.210765,18.353277,89.430305,-4.125492
vcloth_joint_gambesonlong03_waist_geo_41,vcloth_root_joint_gambesonlong03_waist_geo_Hips_0,0.215435,-0.024749,0.872181,0.414983,0.021738,0.921591,0.210765,21.543507,87.218124,2.474915
vcloth_joint_gambesonlong03_waist_geo_42,vcloth_root_joint_gambesonlong03_waist_geo_Hips_0,0.203033,-0.072226,0.883452,0.408002,-0.095091,0.926888,0.210765,20.303288,88.345154,7.222610
vcloth_joint_gambesonlong03_waist_geo_43,vcloth_root_joint_gambesonlong03_waist_geo_Hips_0,0.220625,-0.031370,0.839566,0.425639,-0.021939,0.887543,0.210765,22.062462,83.956558,3.137024
vcloth_joint_gambesonlong03_waist_geo_44,vcloth_root_joint_gambesonlong03_waist_geo_Hips_0,0.206943,-0.077985,0.840891,0.408941,-0.119413,0.884509,0.210765,20.694345,84.089088,7.798486
vcloth_joint_gambesonlong03_waist_geo_45,vcloth_root_joint_gambesonlong03_waist_geo_Hips_0,0.077172,0.131286,0.764698,0.120429,0.335256,0.795473,0.210765,7.717199,76.469757,-13.128626
vcloth_joint_gambesonlong03_waist_geo_46,vcloth_root_joint_gambesonlong03_waist_geo_Hips_0,0.146807,0.105558,0.764794,0.238054,0.292374,0.799367,0.210765,14.680658,76.479385,-10.555767
vcloth_joint_gambesonlong03_waist_geo_47,vcloth_root_joint_gambesonlong03_waist_geo_Hips_0,0.190164,0.058896,0.757789,0.323061,0.217815,0.796581,0.210765,19.016428,75.778915,-5.889575
vcloth_joint_gambesonlong03_waist_geo_48,vcloth_root_joint_gambesonlong03_waist_geo_Hips_0,0.212581,-0.088352,0.752519,0.415275,-0.138509,0.781176,0.210765,21.258062,75.251923,8.835196
vcloth_joint_gambesonlong03_waist_geo_49,vcloth_root_joint_gambesonlong03_waist_geo_Hips_0,0.187417,-0.120769,0.747208,0.354726,-0.247240,0.768054,0.210765,18.741701,74.720764,12.076948
vcloth_joint_gambesonlong03_waist_geo_50,vcloth_root_joint_gambesonlong03_waist_geo_Hips_0,0.179169,-0.120786,0.839390,0.350264,-0.239050,0.873474,0.210765,17.916897,83.939041,12.078603
vcloth_joint_gambesonlong03_waist_geo_51,vcloth_root_joint_gambesonlong03_waist_geo_Hips_0,0.175948,-0.118056,0.883435,0.341418,-0.244023,0.917700,0.210765,17.594847,88.343544,11.805576
vcloth_joint_gambesonlong03_waist_geo_52,vcloth_root_joint_gambesonlong03_waist_geo_Hips_0,0.145057,-0.159282,0.741545,0.276539,-0.323500,0.754456,0.210765,14.505708,74.154480,15.928165
vcloth_joint_gambesonlong03_waist_geo_53,vcloth_root_joint_gambesonlong03_waist_geo_Hips_0,0.138268,-0.155109,0.835101,0.277426,-0.311453,0.859871,0.210765,13.826795,83.510071,15.510944
vcloth_joint_gambesonlong03_waist_geo_54,vcloth_root_joint_gambesonlong03_waist_geo_Hips_0,0.135440,-0.153720,0.879537,0.278441,-0.305443,0.910404,0.210765,13.544031,87.953690,15.372023
vcloth_joint_gambesonlong03_waist_geo_55,vcloth_root_joint_gambesonlong03_waist_geo_Hips_0,0.087950,-0.182579,0.733778,0.160785,-0.380183,0.742111,0.210765,8.794978,73.377808,18.257877
vcloth_joint_gambesonlong03_waist_geo_56,vcloth_root_joint_gambesonlong03_waist_geo_Hips_0,0.088992,-0.179191,0.830016,0.156407,-0.378724,0.837999,0.210765,8.899155,83.001648,17.919134
vcloth_joint_gambesonlong03_waist_geo_57,vcloth_root_joint_gambesonlong03_waist_geo_Hips_0,0.087405,-0.177262,0.874195,0.153803,-0.377199,0.880400,0.210765,8.740520,87.419495,17.726227
vcloth_joint_gambesonlong03_waist_geo_58,vcloth_root_joint_gambesonlong03_waist_geo_Hips_0,-0.012477,-0.199933,0.730515,0.017339,-0.408491,0.736554,0.210765,-1.247669,73.051529,19.993315
vcloth_joint_gambesonlong03_waist_geo_59,vcloth_root_joint_gambesonlong03_waist_geo_Hips_0,-0.018050,-0.196361,0.826453,0.005718,-0.405061,0.843811,0.210765,-1.805037,82.645302,19.636120
vcloth_joint_gambesonlong03_waist_geo_60,vcloth_root_joint_gambesonlong03_waist_geo_Hips_0,0.035130,-0.189341,0.867579,0.070032,-0.397043,0.875531,0.210765,3.512995,86.757889,18.934082
vcloth_joint_gambesonlong03_waist_geo_61,vcloth_root_joint_gambesonlong03_waist_geo_Hips_0,0.037509,-0.191795,0.824462,0.084807,-0.396727,0.838165,0.210765,3.750906,82.446175,19.179512
vcloth_joint_gambesonlong03_waist_geo_62,vcloth_root_joint_gambesonlong03_waist_geo_Hips_0,0.041963,-0.196891,0.732347,0.097354,-0.400110,0.739797,0.210765,4.196305,73.234695,19.689095
vcloth_joint_gambesonlong03_waist_geo_63,vcloth_root_joint_gambesonlong03_waist_geo_Hips_0,0.050569,0.061576,1.126621,0.070796,0.265070,1.177640,0.210765,5.056938,112.662064,-6.157571
vcloth_joint_gambesonlong03_waist_geo_64,vcloth_root_joint_gambesonlong03_waist_geo_Hips_0,0.103715,0.043298,1.126889,0.203393,0.225919,1.160588,0.210765,10.371516,112.688950,-4.329763
vcloth_joint_gambesonlong03_waist_geo_65,vcloth_root_joint_gambesonlong03_waist_geo_Hips_0,0.140453,0.008399,1.122397,0.281807,0.154688,1.177536,0.210765,14.045298,112.239700,-0.839913
vcloth_joint_gambesonlong03_waist_geo_66,vcloth_root_joint_gambesonlong03_waist_geo_Hips_0,0.156146,-0.035617,1.118455,0.351288,-0.055992,1.195437,0.210765,15.614594,111.845505,3.561702
vcloth_joint_gambesonlong03_waist_geo_67,vcloth_root_joint_gambesonlong03_waist_geo_Hips_0,0.153902,-0.068866,1.111829,0.340328,-0.132697,1.186615,0.210765,15.390229,111.182938,6.886597
vcloth_joint_gambesonlong03_waist_geo_68,vcloth_root_joint_gambesonlong03_waist_geo_Hips_0,0.142699,-0.100567,1.108174,0.326291,-0.180235,1.174271,0.210765,14.269924,110.817368,10.056691
vcloth_joint_gambesonlong03_waist_geo_69,vcloth_root_joint_gambesonlong03_waist_geo_Hips_0,0.101985,-0.145524,1.096612,0.253668,-0.277883,1.159023,0.210765,10.198483,109.661194,14.552366
vcloth_joint_gambesonlong03_waist_geo_70,vcloth_root_joint_gambesonlong03_waist_geo_Hips_0,0.064772,-0.165876,1.092045,0.139158,-0.359752,1.128108,0.210765,6.477198,109.204544,16.587637
vcloth_joint_gambesonlong03_waist_geo_71,vcloth_root_joint_gambesonlong03_waist_geo_Hips_0,0.022837,-0.177403,1.089343,0.050964,-0.379422,1.142439,0.210765,2.283741,108.934265,17.740347
vcloth_joint_gambesonlong03_waist_geo_72,vcloth_root_joint_gambesonlong03_waist_geo_Hips_0,-0.183557,0.064119,0.759852,-0.352575,0.185629,0.792872,0.210765,-18.355745,75.985161,-6.411922
vcloth_joint_gambesonlong03_waist_geo_73,vcloth_root_joint_gambesonlong03_waist_geo_Hips_0,-0.221487,0.013935,0.764226,-0.409599,0.104454,0.793245,0.210765,-22.148746,76.422562,-1.393543
vcloth_joint_gambesonlong03_waist_geo_74,vcloth_root_joint_gambesonlong03_waist_geo_Hips_0,0.221485,0.010406,0.759814,0.389401,0.131791,0.798437,0.210765,22.148474,75.981400,-1.040632
vcloth_joint_gambesonlong03_waist_geo_75,vcloth_root_joint_gambesonlong03_waist_geo_Hips_0,0.226923,-0.039227,0.758209,0.434122,-0.014029,0.787457,0.210765,22.692251,75.820900,3.922681
vcloth_joint_gambesonlong03_waist_geo_76,vcloth_root_joint_gambesonlong03_waist_geo_Hips_0,-0.015648,-0.200029,0.773861,0.014388,-0.407531,0.795361,0.210765,-1.564825,77.386147,20.002867
vcloth_joint_gambesonlong03_waist_geo_77,vcloth_root_joint_gambesonlong03_waist_geo_Hips_0,0.040407,-0.193435,0.778844,0.094285,-0.396102,0.799940,0.210765,4.040655,77.884369,19.343481
vcloth_joint_gambesonlong03_waist_geo_78,vcloth_root_joint_gambesonlong03_waist_geo_Hips_0,0.090666,-0.181064,0.783189,0.159792,-0.379382,0.800890,0.210765,9.066570,78.318893,18.106422
vcloth_joint_gambesonlong03_waist_geo_79,vcloth_root_joint_gambesonlong03_waist_geo_Hips_0,0.141044,-0.155797,0.789429,0.274915,-0.316792,0.813534,0.210765,14.104377,78.942932,15.579662
vcloth_joint_gambesonlong03_waist_geo_80,vcloth_root_joint_gambesonlong03_waist_geo_Hips_0,0.180807,-0.122859,0.793962,0.349794,-0.244344,0.827228,0.210765,18.080725,79.396240,12.285872
vcloth_joint_gambesonlong03_waist_geo_81,vcloth_root_joint_gambesonlong03_waist_geo_Hips_0,0.209230,-0.082189,0.797636,0.410066,-0.130297,0.839736,0.210765,20.922979,79.763588,8.218877
vcloth_joint_gambesonlong03_waist_geo_82,vcloth_root_joint_gambesonlong03_waist_geo_Hips_0,0.225806,-0.034868,0.796265,0.431371,-0.019937,0.840331,0.210765,22.580631,79.626518,3.486784
vcloth_joint_gambesonlong03_waist_geo_83,vcloth_root_joint_gambesonlong03_waist_geo_Hips_0,-0.035489,-0.190437,0.790027,-0.030498,-0.401002,0.797714,0.210765,-3.548903,79.002663,19.043680
vcloth_joint_gambesonlong03_waist_geo_84,vcloth_root_joint_gambesonlong03_waist_geo_Hips_0,-0.076975,-0.182774,0.784650,-0.096943,-0.392247,0.796657,0.210765,-7.697530,78.465012,18.277372
vcloth_joint_gambesonlong03_waist_geo_85,vcloth_root_joint_gambesonlong03_waist_geo_Hips_0,-0.114440,-0.169541,0.788487,-0.178528,-0.369378,0.807981,0.210765,-11.443969,78.848709,16.954149
vcloth_joint_gambesonlong03_waist_geo_86,vcloth_root_joint_gambesonlong03_waist_geo_Hips_0,-0.152320,-0.147671,0.791145,-0.258103,-0.328374,0.815190,0.210765,-15.231994,79.114540,14.767057
vcloth_joint_gambesonlong03_waist_geo_87,vcloth_root_joint_gambesonlong03_waist_geo_Hips_0,-0.189641,-0.113173,0.794801,-0.361542,-0.228301,0.835021,0.210765,-18.964134,79.480064,11.317331
vcloth_joint_gambesonlong03_waist_geo_88,vcloth_root_joint_gambesonlong03_waist_geo_Hips_0,-0.215644,-0.073287,0.798786,-0.413933,-0.124556,0.848531,0.210765,-21.564409,79.878571,7.328710
vcloth_joint_gambesonlong03_waist_geo_89,vcloth_root_joint_gambesonlong03_waist_geo_Hips_0,-0.224753,-0.037427,0.796484,-0.429878,-0.036356,0.844903,0.210765,-22.475307,79.648445,3.742661
vcloth_joint_gambesonlong03_waist_geo_90,vcloth_root_joint_gambesonlong03_waist_geo_Hips_0,-0.215623,-0.007368,0.842173,-0.401659,0.072414,0.900887,0.210765,-21.562313,84.217323,0.736767
vcloth_joint_gambesonlong03_waist_geo_91,vcloth_root_joint_gambesonlong03_waist_geo_Hips_0,-0.184472,0.052326,0.850955,-0.329583,0.199270,0.893052,0.210765,-18.447226,85.095467,-5.232601
vcloth_joint_gambesonlong03_waist_geo_92,vcloth_root_joint_gambesonlong03_waist_geo_Hips_0,-0.130056,0.094165,0.858056,-0.177726,0.296862,0.890663,0.210765,-13.005573,85.805649,-9.416467
vcloth_joint_gambesonlong03_waist_geo_93,vcloth_root_joint_gambesonlong03_waist_geo_Hips_0,-0.066400,0.114401,0.862347,-0.078633,0.321378,0.900198,0.210765,-6.640043,86.234680,-11.440102
vcloth_joint_gambesonlong03_waist_geo_94,vcloth_root_joint_gambesonlong03_waist_geo_Hips_0,0.000968,0.122595,0.864032,-0.002847,0.328825,0.907350,0.210765,0.096801,86.403191,-12.259469
vcloth_joint_gambesonlong03_waist_geo_95,vcloth_root_joint_gambesonlong03_waist_geo_Hips_0,0.070599,0.117241,0.863504,0.085314,0.323679,0.903362,0.210765,7.059881,86.350372,-11.724110
vcloth_joint_gambesonlong03_waist_geo_96,vcloth_root_joint_gambesonlong03_waist_geo_Hips_0,0.135980,0.093091,0.859390,0.228451,0.279529,0.892735,0.210765,13.597990,85.938980,-9.309082
vcloth_joint_gambesonlong03_waist_geo_97,vcloth_root_joint_gambesonlong03_waist_geo_Hips_0,0.188387,0.047916,0.851683,0.349560,0.171369,0.908293,0.210765,18.838739,85.168259,-4.791630
vcloth_joint_gambesonlong03_waist_geo_98,vcloth_root_joint_gambesonlong03_waist_geo_Hips_0,0.219013,-0.009602,0.836773,0.392063,0.091070,0.902655,0.210765,21.901314,83.677322,0.960252
vcloth_joint_gambesonlong03_waist_geo_99,vcloth_root_joint_gambesonlong03_waist_geo_Hips_0,-0.220829,0.005013,0.795101,-0.405303,0.094822,0.843324,0.210765,-22.082859,79.510117,-0.501285
vcloth_joint_gambesonlong03_waist_geo_100,vcloth_root_joint_gambesonlong03_waist_geo_Hips_0,-0.187473,0.059394,0.806593,-0.328426,0.207239,0.858516,0.210765,-18.747295,80.659271,-5.939425
vcloth_joint_gambesonlong03_waist_geo_101,vcloth_root_joint_gambesonlong03_waist_geo_Hips_0,-0.134454,0.101727,0.810724,-0.183511,0.302569,0.851680,0.210765,-13.445441,81.072411,-10.172659
vcloth_joint_gambesonlong03_waist_geo_102,vcloth_root_joint_gambesonlong03_waist_geo_Hips_0,-0.070123,0.124979,0.815307,-0.090094,0.330617,0.856973,0.210765,-7.012331,81.530693,-12.497905
vcloth_joint_gambesonlong03_waist_geo_103,vcloth_root_joint_gambesonlong03_waist_geo_Hips_0,-0.001509,0.132332,0.815925,-0.004545,0.338475,0.859718,0.210765,-0.150852,81.592468,-13.233205
vcloth_joint_gambesonlong03_waist_geo_104,vcloth_root_joint_gambesonlong03_waist_geo_Hips_0,0.072931,0.125786,0.815754,0.113013,0.328336,0.858050,0.210765,7.293092,81.575363,-12.578625
vcloth_joint_gambesonlong03_waist_geo_105,vcloth_root_joint_gambesonlong03_waist_geo_Hips_0,0.141954,0.098949,0.813358,0.232047,0.284244,0.857749,0.210765,14.195388,81.335815,-9.894846
vcloth_joint_gambesonlong03_waist_geo_106,vcloth_root_joint_gambesonlong03_waist_geo_Hips_0,0.193824,0.053487,0.807477,0.327849,0.208269,0.857492,0.210765,19.382376,80.747726,-5.348654
vcloth_joint_gambesonlong03_waist_geo_107,vcloth_root_joint_gambesonlong03_waist_geo_Hips_0,0.223346,0.001073,0.795465,0.388588,0.117335,0.855467,0.210765,22.334641,79.546539,-0.107284
vcloth_joint_gambesonlong03_waist_geo_108,vcloth_root_joint_gambesonlong03_waist_geo_Hips_0,-0.010369,-0.182124,1.086962,-0.052590,-0.380703,1.143581,0.210765,-1.036911,108.696198,18.212450
vcloth_joint_gambesonlong03_waist_geo_109,vcloth_root_joint_gambesonlong03_waist_geo_Hips_0,-0.198398,-0.018367,0.937347,-0.400828,0.021833,0.980104,0.210765,-19.839825,93.734703,1.836674
vcloth_joint_gambesonlong03_waist_geo_110,vcloth_root_joint_gambesonlong03_waist_geo_Hips_0,-0.169388,0.041208,0.946198,-0.336695,0.162558,0.987482,0.210765,-16.938757,94.619812,-4.120796
vcloth_joint_gambesonlong03_waist_geo_111,vcloth_root_joint_gambesonlong03_waist_geo_Hips_0,-0.119631,0.082147,0.953314,-0.224952,0.260347,0.992988,0.210765,-11.963115,95.331413,-8.214682
vcloth_joint_gambesonlong03_waist_geo_112,vcloth_root_joint_gambesonlong03_waist_geo_Hips_0,-0.060334,0.102356,0.956935,-0.105621,0.304594,0.995285,0.210765,-6.033436,95.693550,-10.235624
vcloth_joint_gambesonlong03_waist_geo_113,vcloth_root_joint_gambesonlong03_waist_geo_Hips_0,0.001736,0.108591,0.958021,0.003409,0.315780,0.996642,0.210765,0.173645,95.802124,-10.859099
vcloth_joint_gambesonlong03_waist_geo_114,vcloth_root_joint_gambesonlong03_waist_geo_Hips_0,0.064275,0.102271,0.956775,0.113104,0.303586,0.995633,0.210765,6.427526,95.677498,-10.227085
vcloth_joint_gambesonlong03_waist_geo_115,vcloth_root_joint_gambesonlong03_waist_geo_Hips_0,0.124993,0.081152,0.952341,0.235280,0.256023,0.993313,0.210765,12.499314,95.234138,-8.115166
vcloth_joint_gambesonlong03_waist_geo_116,vcloth_root_joint_gambesonlong03_waist_geo_Hips_0,0.172852,0.038586,0.943517,0.341366,0.158116,0.985198,0.210765,17.285233,94.351692,-3.858554
vcloth_joint_gambesonlong03_waist_geo_117,vcloth_root_joint_gambesonlong03_waist_geo_Hips_0,0.200369,-0.015042,0.931460,0.402855,0.027056,0.972069,0.210765,20.036863,93.145996,1.504206
vcloth_joint_gambesonlong03_waist_geo_118,vcloth_root_joint_gambesonlong03_waist_geo_Hips_0,0.197384,-0.067905,0.930028,0.398144,-0.123211,0.962565,0.210765,19.738417,93.002777,6.790528
vcloth_joint_gambesonlong03_waist_geo_119,vcloth_root_joint_gambesonlong03_waist_geo_Hips_0,0.172822,-0.116260,0.928477,0.338498,-0.244340,0.952328,0.210765,17.282190,92.847679,11.625998
vcloth_joint_gambesonlong03_waist_geo_120,vcloth_root_joint_gambesonlong03_waist_geo_Hips_0,0.133000,-0.152923,0.924474,0.251584,-0.326432,0.940424,0.210765,13.300004,92.447449,15.292301
vcloth_joint_gambesonlong03_waist_geo_121,vcloth_root_joint_gambesonlong03_waist_geo_Hips_0,0.086136,-0.176473,0.919242,0.155274,-0.375263,0.930391,0.210765,8.613600,91.924194,17.647301
vcloth_joint_gambesonlong03_waist_geo_122,vcloth_root_joint_gambesonlong03_waist_geo_Hips_0,0.035861,-0.187287,0.913673,0.067029,-0.395571,0.921926,0.210765,3.586061,91.367256,18.728662
vcloth_joint_gambesonlong03_waist_geo_123,vcloth_root_joint_gambesonlong03_waist_geo_Hips_0,-0.013339,-0.192511,0.909209,-0.029726,-0.402585,0.913924,0.210765,-1.333880,90.920944,19.251141
vcloth_joint_gambesonlong03_waist_geo_124,vcloth_root_joint_gambesonlong03_waist_geo_Hips_0,-0.053263,-0.179618,0.912550,-0.110534,-0.382146,0.923710,0.210765,-5.326282,91.254982,17.961838
vcloth_joint_gambesonlong03_waist_geo_125,vcloth_root_joint_gambesonlong03_waist_geo_Hips_0,-0.097971,-0.167685,0.919554,-0.172193,-0.364637,0.930634,0.210765,-9.797065,91.955421,16.768480
vcloth_joint_gambesonlong03_waist_geo_126,vcloth_root_joint_gambesonlong03_waist_geo_Hips_0,-0.138681,-0.146628,0.925354,-0.260128,-0.318173,0.941002,0.210765,-13.868108,92.535393,14.662834
vcloth_joint_gambesonlong03_waist_geo_127,vcloth_root_joint_gambesonlong03_waist_geo_Hips_0,-0.172487,-0.114311,0.930139,-0.338793,-0.241409,0.954842,0.210765,-17.248716,93.013870,11.431082
vcloth_joint_gambesonlong03_waist_geo_128,vcloth_root_joint_gambesonlong03_waist_geo_Hips_0,-0.195011,-0.072131,0.933900,-0.395481,-0.127439,0.968177,0.210765,-19.501143,93.390038,7.213138
vcloth_joint_gambesonlong03_waist_geo_129,vcloth_root_joint_gambesonlong03_waist_geo_Hips_0,-0.090787,-0.166496,0.977292,-0.161571,-0.364499,0.991662,0.210765,-9.078745,97.729187,16.649641
vcloth_joint_gambesonlong03_waist_geo_130,vcloth_root_joint_gambesonlong03_waist_geo_Hips_0,-0.129633,-0.147444,0.984454,-0.249501,-0.319269,1.007474,0.210765,-12.963341,98.445427,14.744421
vcloth_joint_gambesonlong03_waist_geo_131,vcloth_root_joint_gambesonlong03_waist_geo_Hips_0,-0.163280,-0.114662,0.991533,-0.329597,-0.239919,1.024260,0.210765,-16.327999,99.153320,11.466163
vcloth_joint_gambesonlong03_waist_geo_132,vcloth_root_joint_gambesonlong03_waist_geo_Hips_0,-0.184332,-0.071714,0.998087,-0.384686,-0.122539,1.039281,0.210765,-18.433182,99.808685,7.171413
vcloth_joint_gambesonlong03_waist_geo_133,vcloth_root_joint_gambesonlong03_waist_geo_Hips_0,-0.185146,-0.017294,1.004369,-0.386192,0.026939,1.049603,0.210765,-18.514639,100.436951,1.729398
vcloth_joint_gambesonlong03_waist_geo_134,vcloth_root_joint_gambesonlong03_waist_geo_Hips_0,-0.157920,0.035568,1.010359,-0.320496,0.161124,1.057544,0.210765,-15.791976,101.035889,-3.556780
vcloth_joint_gambesonlong03_waist_geo_135,vcloth_root_joint_gambesonlong03_waist_geo_Hips_0,-0.111364,0.072844,1.013915,-0.212820,0.250891,1.063186,0.210765,-11.136395,101.391525,-7.284347
vcloth_joint_gambesonlong03_waist_geo_136,vcloth_root_joint_gambesonlong03_waist_geo_Hips_0,-0.056325,0.091103,1.014855,-0.100003,0.291310,1.064162,0.210765,-5.632470,101.485489,-9.110308
vcloth_joint_gambesonlong03_waist_geo_137,vcloth_root_joint_gambesonlong03_waist_geo_Hips_0,0.001599,0.096590,1.014443,0.003704,0.301543,1.063554,0.210765,0.159893,101.444275,-9.659033
vcloth_joint_gambesonlong03_waist_geo_138,vcloth_root_joint_gambesonlong03_waist_geo_Hips_0,0.060166,0.090427,1.013615,0.108389,0.289382,1.063746,0.210765,6.016624,101.361481,-9.042664
vcloth_joint_gambesonlong03_waist_geo_139,vcloth_root_joint_gambesonlong03_waist_geo_Hips_0,0.116268,0.070694,1.011918,0.221603,0.246585,1.060790,0.210765,11.626817,101.191803,-7.069379
vcloth_joint_gambesonlong03_waist_geo_140,vcloth_root_joint_gambesonlong03_waist_geo_Hips_0,0.160696,0.033904,1.005852,0.323698,0.159799,1.050603,0.210765,16.069601,100.585205,-3.390409
vcloth_joint_gambesonlong03_waist_geo_141,vcloth_root_joint_gambesonlong03_waist_geo_Hips_0,0.186886,-0.015259,0.997742,0.387230,0.032982,1.041978,0.210765,18.688604,99.774216,1.525930
vcloth_joint_gambesonlong03_waist_geo_142,vcloth_root_joint_gambesonlong03_waist_geo_Hips_0,0.188546,-0.064398,0.988806,0.389514,-0.113828,1.028686,0.210765,18.854574,98.880569,6.439788
vcloth_joint_gambesonlong03_waist_geo_143,vcloth_root_joint_gambesonlong03_waist_geo_Hips_0,0.165075,-0.113159,0.987872,0.332297,-0.236713,1.022410,0.210765,16.507519,98.787247,11.315899
vcloth_joint_gambesonlong03_waist_geo_144,vcloth_root_joint_gambesonlong03_waist_geo_Hips_0,0.126513,-0.150819,0.983397,0.247353,-0.321513,1.009530,0.210765,12.651297,98.339661,15.081942
vcloth_joint_gambesonlong03_waist_geo_145,vcloth_root_joint_gambesonlong03_waist_geo_Hips_0,0.081598,-0.173711,0.977865,0.152289,-0.371396,0.996445,0.210765,8.159771,97.786545,17.371071
vcloth_joint_gambesonlong03_waist_geo_146,vcloth_root_joint_gambesonlong03_waist_geo_Hips_0,0.034753,-0.184677,0.972502,0.071106,-0.391939,0.984456,0.210765,3.475252,97.250221,18.467728
vcloth_joint_gambesonlong03_waist_geo_147,vcloth_root_joint_gambesonlong03_waist_geo_Hips_0,-0.011831,-0.190395,0.969170,-0.030111,-0.400121,0.979311,0.210765,-1.183065,96.917046,19.039543
vcloth_joint_gambesonlong03_waist_geo_148,vcloth_root_joint_gambesonlong03_waist_geo_Hips_0,-0.047012,-0.177526,0.969186,-0.106459,-0.379421,0.980424,0.210765,-4.701158,96.918617,17.752563
vcloth_joint_gambesonlong03_waist_geo_149,vcloth_root_joint_gambesonlong03_waist_geo_Hips_0,-0.080073,-0.166045,1.039626,-0.153516,-0.362751,1.057923,0.210765,-8.007259,103.962616,16.604513
vcloth_joint_gambesonlong03_waist_geo_150,vcloth_root_joint_gambesonlong03_waist_geo_Hips_0,-0.116331,-0.146608,1.047015,-0.238376,-0.315451,1.078935,0.210765,-11.633132,104.701469,14.660780
vcloth_joint_gambesonlong03_waist_geo_151,vcloth_root_joint_gambesonlong03_waist_geo_Hips_0,-0.148016,-0.114135,1.055246,-0.311811,-0.238726,1.100744,0.210765,-14.801641,105.524574,11.413534
vcloth_joint_gambesonlong03_waist_geo_152,vcloth_root_joint_gambesonlong03_waist_geo_Hips_0,-0.167178,-0.073605,1.062338,-0.363535,-0.129911,1.114255,0.210765,-16.717808,106.233749,7.360475
vcloth_joint_gambesonlong03_waist_geo_153,vcloth_root_joint_gambesonlong03_waist_geo_Hips_0,-0.169036,-0.025047,1.068961,-0.368603,0.012076,1.125677,0.210765,-16.903624,106.896072,2.504690
vcloth_joint_gambesonlong03_waist_geo_154,vcloth_root_joint_gambesonlong03_waist_geo_Hips_0,-0.146013,0.023637,1.073251,-0.307266,0.147529,1.128657,0.210765,-14.601297,107.325134,-2.363646
vcloth_joint_gambesonlong03_waist_geo_155,vcloth_root_joint_gambesonlong03_waist_geo_Hips_0,-0.102795,0.058951,1.072914,-0.200899,0.237252,1.127744,0.210765,-10.279473,107.291367,-5.895130
vcloth_joint_gambesonlong03_waist_geo_156,vcloth_root_joint_gambesonlong03_waist_geo_Hips_0,-0.050762,0.076348,1.070917,-0.093535,0.275121,1.126430,0.210765,-5.076160,107.091751,-7.634778
vcloth_joint_gambesonlong03_waist_geo_157,vcloth_root_joint_gambesonlong03_waist_geo_Hips_0,0.001419,0.081536,1.069994,0.004377,0.285003,1.124896,0.210765,0.141909,106.999359,-8.153618
vcloth_joint_gambesonlong03_waist_geo_158,vcloth_root_joint_gambesonlong03_waist_geo_Hips_0,0.055710,0.075077,1.070525,0.102090,0.273349,1.124922,0.210765,5.571035,107.052536,-7.507733
vcloth_joint_gambesonlong03_waist_geo_159,vcloth_root_joint_gambesonlong03_waist_geo_Hips_0,0.108157,0.057280,1.070735,0.209224,0.234684,1.123032,0.210765,10.815708,107.073524,-5.727991
vcloth_joint_gambesonlong03_waist_geo_160,vcloth_root_joint_gambesonlong03_waist_geo_Hips_0,0.149788,0.022432,1.069029,0.312586,0.145253,1.122259,0.210765,14.978814,106.902924,-2.243187
vcloth_joint_gambesonlong03_waist_geo_161,vcloth_root_joint_gambesonlong03_waist_geo_Hips_0,0.171410,-0.022835,1.063868,0.370683,0.017816,1.119184,0.210765,17.141047,106.386787,2.283485
vcloth_joint_gambesonlong03_waist_geo_162,vcloth_root_joint_gambesonlong03_waist_geo_Hips_0,0.171793,-0.066176,1.056846,0.369548,-0.117549,1.108574,0.210765,17.179337,105.684639,6.617573
vcloth_joint_gambesonlong03_waist_geo_163,vcloth_root_joint_gambesonlong03_waist_geo_Hips_0,0.152755,-0.108865,1.053188,0.318470,-0.231191,1.097874,0.210765,15.275530,105.318771,10.886559
vcloth_joint_gambesonlong03_waist_geo_164,vcloth_root_joint_gambesonlong03_waist_geo_Hips_0,0.115663,-0.147018,1.046548,0.239666,-0.313780,1.081696,0.210765,11.566269,104.654793,14.701786
vcloth_joint_gambesonlong03_waist_geo_165,vcloth_root_joint_gambesonlong03_waist_geo_Hips_0,0.073131,-0.169765,1.040229,0.147272,-0.365622,1.063996,0.210765,7.313119,104.022903,16.976492
vcloth_joint_gambesonlong03_waist_geo_166,vcloth_root_joint_gambesonlong03_waist_geo_Hips_0,0.028740,-0.181830,1.034007,0.066769,-0.388427,1.051131,0.210765,2.874037,103.400726,18.182972
vcloth_joint_gambesonlong03_waist_geo_167,vcloth_root_joint_gambesonlong03_waist_geo_Hips_0,-0.012417,-0.186058,1.033162,-0.029970,-0.395427,1.049850,0.210765,-1.241669,103.316208,18.605841
vcloth_joint_gambesonlong03_waist_geo_168,vcloth_root_joint_gambesonlong03_waist_geo_Hips_0,-0.040427,-0.176392,1.032348,-0.099252,-0.378248,1.047036,0.210765,-4.042651,103.234818,17.639235
Armature,-,0.000000,0.000000,0.000000,0.000000,-0.010000,0.000000,0.010000,0.000000,0.000000,0.000000
