合成号,hero_id,名前,职业,槽号_1554,槽号_1560,槽号_1568,槽号_1575,槽号_1582,槽号_1598,组织_1554,组织_1560,组织_1568,组织_1575,组织_1582,组织_1598
9000,lord_tk5_ninja_bunkichi,文吉,ninja,,,,,1088,1136,,,,,伊贺众,外闻众
9001,lord_tk5_ninja_chiyomatsu,千代松,ninja,,1077,1087,1085,,,,黑胫巾众,伊贺众,伊贺众,,
9002,lord_tk5_ninja_choukichi,长吉,ninja,,1158,,,1096,,,甲贺众,,,外闻众,
9003,lord_tk5_ninja_chuuzan,中三,ninja,1062,1013,1085,,1078,,户隐众,外闻众,伊贺众,,透波众,
9004,lord_tk5_ninja_dankuroo,段九郎,ninja,,,,1100,1100,1130,,,,山潜众,山潜众,山潜众
9005,lord_tk5_ninja_denrinboo,传林坊,ninja,1071,1087,,1075,1099,,轩猿众,山潜众,,透波众,山潜众,
9006,lord_tk5_ninja_denroku,传六,ninja,1063,,,1059,,1131,户隐众,,,黑胫巾众,,外闻众
9007,lord_tk5_ninja_dooami,道阿弥,ninja,1067,,1089,1068,,,风魔众,,根来众,风魔众,,
9008,lord_tk5_ninja_dookan,道闲,ninja,1069,1037,1069,,,,轩猿众,轩猿众,轩猿众,,,
9009,lord_tk5_ninja_dooken,道贤,ninja,,,,1077,1101,1149,,,,透波众,山潜众,黑胫巾众
9010,lord_tk5_ninja_dooyu,道由,ninja,,1106,1091,,,1126,,根来众,根来众,,,羽黑众
9011,lord_tk5_ninja_fubuki,吹雪,ninja,,,,1061,1062,1143,,,,户隐众,户隐众,户隐众
9012,lord_tk5_ninja_fujima,藤马,ninja,1059,1152,1090,,1105,,黑胫巾众,根来众,根来众,,羽黑众,
9013,lord_tk5_ninja_ganbaku,岩蓦,ninja,1079,1045,,1102,,,甲贺众,伊贺众,,山潜众,,
9014,lord_tk5_ninja_gekinosuke,外记之助,ninja,1058,,,1101,1103,1124,黑胫巾众,,,山潜众,山潜众,伊贺众
9015,lord_tk5_ninja_gendayuu,源太夫,ninja,1100,1144,1100,,,,山潜众,山潜众,山潜众,,,
9016,lord_tk5_ninja_gengo,源吾,ninja,1089,,,1103,,1139,根来众,,,山潜众,,轩猿众
9017,lord_tk5_ninja_gengobee,源五兵卫,ninja,,,1066,1088,1082,1157,,,风魔众,根来众,甲贺众,伊贺众
9018,lord_tk5_ninja_gennami,源阿弥,ninja,,1114,1065,,1090,,,风魔众,风魔众,,伊贺众,
9019,lord_tk5_ninja_gennojo,玄之丞,ninja,,1050,1068,1056,,,,甲贺众,风魔众,黑胫巾众,,
9020,lord_tk5_ninja_gennyoosai,幻妖斋,ninja,1103,,,1070,1095,1150,山潜众,,,轩猿众,根来众,根来众
9021,lord_tk5_ninja_genryuu,玄龙,ninja,,,1070,1066,,1129,,,轩猿众,风魔众,,羽黑众
9022,lord_tk5_ninja_gensai,玄斋,ninja,1065,1113,1067,,,,风魔众,风魔众,风魔众,,,
9023,lord_tk5_ninja_ginhachiroo,银八郎,ninja,1060,,,1058,1098,1148,户隐众,,,黑胫巾众,外闻众,黑胫巾众
9024,lord_tk5_ninja_hakuunsai,白云斋,ninja,,,,,,1115,,,,,,甲贺众
9025,lord_tk5_ninja_hannyamaru,般若丸,ninja,1101,1129,,1080,,,山潜众,钵屋众,,甲贺众,,
9026,lord_tk5_ninja_hikojuu,彦十,ninja,1091,1049,,1097,1086,,根来众,户隐众,,外闻众,伊贺众,
9027,lord_tk5_ninja_hikoshichiroo,彦七郎,ninja,1075,,1096,,1060,1144,透波众,,外闻众,,黑胫巾众,户隐众
9028,lord_tk5_ninja_hokkaiboo,法海坊,ninja,1064,,1099,1071,,1154,风魔众,,外闻众,轩猿众,,根来众
9029,lord_tk5_ninja_hyakkimaru,百鬼丸,ninja,1106,,1097,,,1135,羽黑众,,外闻众,,,外闻众
9030,lord_tk5_ninja_ichiwaka,一若,ninja,1094,1142,,1072,1069,,钵屋众,山潜众,,轩猿众,风魔众,
9031,lord_tk5_ninja_ichizoo,一藏,ninja,1095,,1059,,,1140,钵屋众,,黑胫巾众,,,轩猿众
9032,lord_tk5_ninja_ikkaku,一角,ninja,,1150,,1094,1102,,,山潜众,,钵屋众,山潜众,
9033,lord_tk5_ninja_isaku,伊作,ninja,,1028,1056,1086,1093,,,外闻众,黑胫巾众,伊贺众,根来众,
9034,lord_tk5_ninja_iseo,伊势男,ninja,,,,1084,1097,1128,,,,伊贺众,外闻众,羽黑众
9035,lord_tk5_ninja_ishimatsu,石松,ninja,1082,1019,,1078,,,甲贺众,外闻众,,甲贺众,,
9036,lord_tk5_ninja_izoji,伊三次,ninja,1076,1092,1058,,,,透波众,钵屋众,黑胫巾众,,,
9037,lord_tk5_ninja_jinnai,甚内,ninja,,1004,1080,1079,1075,,,伊贺众,甲贺众,甲贺众,轩猿众,
9038,lord_tk5_ninja_jinpachi,仁八,ninja,,,1094,,1073,1155,,,钵屋众,,轩猿众,伊贺众
9039,lord_tk5_ninja_jinroku,甚六,ninja,1072,1038,1081,1096,,,轩猿众,轩猿众,甲贺众,外闻众,,
9040,lord_tk5_ninja_jinza,甚左,ninja,1090,1051,1079,,,,根来众,甲贺众,甲贺众,,,
9041,lord_tk5_ninja_juuhei,十平,ninja,,1125,,,1079,,,钵屋众,,,透波众,
9042,lord_tk5_ninja_kaede,枫,ninja,1061,1040,1061,,,,户隐众,户隐众,户隐众,,,
9043,lord_tk5_ninja_kajisuke,梶助,ninja,1096,1036,,,1066,,外闻众,轩猿众,,,风魔众,
9044,lord_tk5_ninja_kakuma,觉马,ninja,1070,,1060,1090,,,轩猿众,,户隐众,根来众,,
9045,lord_tk5_ninja_kanroku,勘六,ninja,,1112,,,1063,,,风魔众,,,户隐众,
9046,lord_tk5_ninja_kikunosuke,菊之助,ninja,1077,1020,1062,1060,,,透波众,外闻众,户隐众,户隐众,,
9047,lord_tk5_ninja_koan,弘庵,ninja,,,1071,,,1119,,,轩猿众,,,伊贺众
9048,lord_tk5_ninja_kogoroo,小五郎,ninja,,,,1076,1072,1145,,,,透波众,轩猿众,户隐众
9049,lord_tk5_ninja_kumanosuke,熊之助,ninja,1102,,1063,,,,山潜众,,户隐众,,,
9050,lord_tk5_ninja_magosaku,孙作,ninja,1081,1097,,,1091,,甲贺众,透波众,,,根来众,
9051,lord_tk5_ninja_manhei,万平,ninja,,1089,1095,,,,,黑胫巾众,钵屋众,,,
9052,lord_tk5_ninja_mansaku,满作,ninja,,1091,,1093,1087,,,透波众,,钵屋众,伊贺众,
9053,lord_tk5_ninja_masasuke,正助,ninja,1107,,,,1080,1118,羽黑众,,,,透波众,甲贺众
9054,lord_tk5_ninja_meigaku,明岳,ninja,1084,,,,,1153,伊贺众,,,,,根来众
9055,lord_tk5_ninja_miyamon,宫门,ninja,,,1064,1098,,1142,,,风魔众,外闻众,,户隐众
9056,lord_tk5_ninja_momiji,红叶,ninja,,,,1057,1057,1147,,,,黑胫巾众,黑胫巾众,黑胫巾众
9057,lord_tk5_ninja_mutenboo,无天坊,ninja,1099,1085,,,1058,,外闻众,根来众,,,黑胫巾众,
9058,lord_tk5_ninja_nakahachi,中八,ninja,1105,,1086,1074,,1120,羽黑众,,伊贺众,透波众,,伊贺众
9059,lord_tk5_ninja_naonosuke,尚之助,ninja,1078,,1093,,,1121,甲贺众,,钵屋众,,,伊贺众
9060,lord_tk5_ninja_natsume,枣,ninja,1057,1056,1057,,,,黑胫巾众,黑胫巾众,黑胫巾众,,,
9061,lord_tk5_ninja_nijuuhachi,二十八,ninja,,1128,,1105,1074,,,羽黑众,,羽黑众,轩猿众,
9062,lord_tk5_ninja_osamusuke,修助,ninja,,,1077,1063,,1146,,,透波众,户隐众,,黑胫巾众
9063,lord_tk5_ninja_raisuke,雷助,ninja,,1154,,1095,1068,,,山潜众,,钵屋众,风魔众,
9064,lord_tk5_ninja_rokuheita,六平太,ninja,1066,,,1065,,1138,风魔众,,,风魔众,,轩猿众
9065,lord_tk5_ninja_rokurooji,六郎次,ninja,1073,1122,1073,1073,1076,,透波众,透波众,透波众,透波众,透波众,
9066,lord_tk5_ninja_rokusuke,六助,ninja,,1098,1107,,,,,透波众,羽黑众,,,
9067,lord_tk5_ninja_ryuugen,隆玄,ninja,,,,,,1158,,,,,,甲贺众
9068,lord_tk5_ninja_saburooza,三郎左,ninja,1085,,,1067,1084,,伊贺众,,,风魔众,甲贺众,
9069,lord_tk5_ninja_sadakuroo,定九郎,ninja,1074,1081,1074,1064,,,透波众,风魔众,透波众,风魔众,,
9070,lord_tk5_ninja_saheiji,佐平次,ninja,,1000,1075,,1056,,,伊贺众,透波众,,黑胫巾众,
9071,lord_tk5_ninja_sanai,左内,ninja,,1157,,,1061,,,甲贺众,,,户隐众,
9072,lord_tk5_ninja_sanjiroo,三次郎,ninja,1104,1074,1104,1104,,,羽黑众,羽黑众,羽黑众,羽黑众,,
9073,lord_tk5_ninja_sashichi,佐七,ninja,,1043,1072,,1106,,,户隐众,轩猿众,,羽黑众,
9074,lord_tk5_ninja_sazen,左膳,ninja,,,,1091,1067,1123,,,,根来众,风魔众,伊贺众
9075,lord_tk5_ninja_senzuiboo,泉识坊,ninja,1088,1070,1082,,,1151,根来众,根来众,甲贺众,,,根来众
9076,lord_tk5_ninja_shiroobee,四郎兵卫,ninja,,,,,,1132,,,,,,外闻众
9077,lord_tk5_ninja_shizuma,静马,ninja,1087,,1076,1083,,1125,伊贺众,,透波众,伊贺众,,羽黑众
9078,lord_tk5_ninja_shunkai,俊海,ninja,,,,,1104,1127,,,,,羽黑众,羽黑众
9079,lord_tk5_ninja_shuramaru,修罗丸,ninja,1093,,1078,,1081,1159,钵屋众,,甲贺众,,甲贺众,甲贺众
9080,lord_tk5_ninja_soonoshin,惣之进,ninja,,1155,,1082,1089,,,山潜众,,甲贺众,伊贺众,
9081,lord_tk5_ninja_tairaji,平次,ninja,,,1098,,1077,1133,,,外闻众,,透波众,外闻众
9082,lord_tk5_ninja_tairaza,平左,ninja,,1039,,1089,1094,,,羽黑众,,根来众,根来众,
9083,lord_tk5_ninja_tamon,多门,ninja,,,,1069,1071,1137,,,,轩猿众,轩猿众,轩猿众
9084,lord_tk5_ninja_taroomatsu,太郎松,ninja,1080,1133,1084,,1059,,甲贺众,钵屋众,伊贺众,,黑胫巾众,
9085,lord_tk5_ninja_tarooza,太郎左,ninja,1098,,1083,,1107,,外闻众,,伊贺众,,羽黑众,
9086,lord_tk5_ninja_tatewaki,带刀,ninja,1097,,,1062,,1122,外闻众,,,户隐众,,山潜众
9087,lord_tk5_ninja_tengen,天元,ninja,,,1088,,1065,1117,,,根来众,,户隐众,甲贺众
9088,lord_tk5_ninja_tobishichi,鸢七,ninja,,1159,,1087,1083,,,户隐众,,伊贺众,甲贺众,
9089,lord_tk5_ninja_ukichi,卯吉,ninja,,1094,,,,,,透波众,,,,
9090,lord_tk5_ninja_yagenji,弥源次,ninja,,1006,,1107,1070,,,户隐众,,羽黑众,风魔众,
9091,lord_tk5_ninja_yanagisai,柳斋,ninja,,,,,,1156,,,,,,伊贺众
9092,lord_tk5_ninja_yasaburoo,弥三郎,ninja,1092,1126,1092,1092,,,钵屋众,钵屋众,钵屋众,钵屋众,,
9093,lord_tk5_ninja_yasokichi,八十吉,ninja,1083,,1103,,1092,1141,伊贺众,,山潜众,,根来众,山潜众
9094,lord_tk5_ninja_yasubee,安兵卫,ninja,1068,1055,1101,,1064,,风魔众,伊贺众,山潜众,,户隐众,
9095,lord_tk5_ninja_yazoo,弥藏,ninja,,,1102,1099,,1152,,,山潜众,外闻众,,根来众
9096,lord_tk5_ninja_yogoroo,余五郎,ninja,1056,,1106,,,1116,黑胫巾众,,羽黑众,,,甲贺众
9097,lord_tk5_ninja_yoichi,余市,ninja,,1033,1105,1106,1085,,,轩猿众,羽黑众,羽黑众,甲贺众,
9098,lord_tk5_ninja_yumenosuke,梦之助,ninja,1086,,,1081,,1134,伊贺众,,,甲贺众,,外闻众
9099,lord_tk5_pirate_benzoo,弁藏,pirate,1139,1015,,1137,,,盐饱水军,房总水军,,盐饱水军,,
9100,lord_tk5_pirate_chougoroo,长五郎,pirate,,1109,,1125,,,,骏河水军,,熊野水军,,
9101,lord_tk5_pirate_choujiroo,长次郎,pirate,1152,,1136,1127,,,五岛水军,,盐饱水军,熊野水军,,
9102,lord_tk5_pirate_chousaburoo,长三郎,pirate,1147,1060,1120,,,,土佐水军,淡路水军,骏河水军,,,
9103,lord_tk5_pirate_chousuke,长助,pirate,,1090,,,1158,,,丹后水军,,,坊津水军,
9104,lord_tk5_pirate_daihachi,大八,pirate,,,,1138,1135,1008,,,,盐饱水军,盐饱水军,盐饱水军
9105,lord_tk5_pirate_daimaru,大丸,pirate,1148,1021,,,1154,,丰后水军,房总水军,,,五岛水军,
9106,lord_tk5_pirate_denhachiroo,传八郎,pirate,,,1119,,1114,1012,,,相模水军,,房总水军,熊野水军
9107,lord_tk5_pirate_densuke,传助,pirate,,1002,,,1153,,,丰后水军,,,五岛水军,
9108,lord_tk5_pirate_dookuu,道空,pirate,1150,,,1124,,,丰后水军,,,熊野水军,,
9109,lord_tk5_pirate_eishichi,英七,pirate,1140,,,,1120,1025,村上水军,,,,骏河水军,村上水军
9110,lord_tk5_pirate_enkichi,圆吉,pirate,1110,,,,,1048,安东水军,,,,,坊津水军
9111,lord_tk5_pirate_fujiji,藤次,pirate,1117,,,,1146,1013,相模水军,,,,土佐水军,熊野水军
9112,lord_tk5_pirate_fujimatsu,富士松,pirate,1125,,,,1136,1051,熊野水军,,,,盐饱水军,房总水军
9113,lord_tk5_pirate_fusataroo,房太郎,pirate,,,1130,1155,,1037,,,丹后水军,五岛水军,,淡路水军
9114,lord_tk5_pirate_gennai,源内,pirate,,1145,,,,,,熊野水军,,,,
9115,lord_tk5_pirate_ginbee,银兵卫,pirate,1119,,,1123,,1002,相模水军,,,骏河水军,,安东水军
9116,lord_tk5_pirate_gisuke,仪助,pirate,,1079,,1113,1143,,,土佐水军,,房总水军,土佐水军,
9117,lord_tk5_pirate_gonbee,权兵卫,pirate,1126,1003,,,1112,,熊野水军,丰后水军,,,房总水军,
9118,lord_tk5_pirate_gonpachi,权八,pirate,1137,,1133,,,1053,盐饱水军,,淡路水军,,,房总水军
9119,lord_tk5_pirate_gonshichiroo,权七郎,pirate,,1137,,1154,1122,,,安东水军,,五岛水军,骏河水军,
9120,lord_tk5_pirate_gunbee,军兵卫,pirate,,,,,,1049,,,,,,坊津水军
9121,lord_tk5_pirate_gundari,军荼利,pirate,,,,1116,,1047,,,,相模水军,,坊津水军
9122,lord_tk5_pirate_hachiroo,八郎,pirate,1133,1010,,1134,,,淡路水军,房总水军,,淡路水军,,
9123,lord_tk5_pirate_hachitaroo,八太郎,pirate,1145,,,1133,,1017,土佐水军,,,淡路水军,,五岛水军
9124,lord_tk5_pirate_hachizaemon,八左卫门,pirate,,1066,1158,,1121,,,淡路水军,坊津水军,,骏河水军,
9125,lord_tk5_pirate_hansaburoo,半三郎,pirate,1156,1131,1156,1156,1156,,坊津水军,坊津水军,坊津水军,坊津水军,坊津水军,
9126,lord_tk5_pirate_hayashizoo,林藏,pirate,,1082,,1130,1116,,,丹后水军,,丹后水军,相模水军,
9127,lord_tk5_pirate_hayato,隼人,pirate,,1146,1122,,1125,,,村上水军,骏河水军,,熊野水军,
9128,lord_tk5_pirate_heita,平太,pirate,,1012,,,1148,,,房总水军,,,丰后水军,
9129,lord_tk5_pirate_hisadayuu,久太夫,pirate,,1008,1127,1126,,,,丰后水军,熊野水军,熊野水军,,
9130,lord_tk5_pirate_hyakuhei,百平,pirate,1121,,,1139,,1038,骏河水军,,,盐饱水军,,淡路水军
9131,lord_tk5_pirate_hyouta,兵太,pirate,1134,1099,,,1113,,淡路水军,盐饱水军,,,房总水军,
9132,lord_tk5_pirate_ikkan,一贯,pirate,1112,,1154,,1128,1029,房总水军,,五岛水军,,熊野水军,村上水军
9133,lord_tk5_pirate_isaburoo,猪三郎,pirate,,1100,1144,,1145,,,盐饱水军,土佐水军,,土佐水军,
9134,lord_tk5_pirate_jibee,治兵卫,pirate,1129,1052,,1135,,,丹后水军,村上水军,,淡路水军,,
9135,lord_tk5_pirate_jingobee,甚五兵卫,pirate,,,,,,1040,,,,,,土佐水军
9136,lord_tk5_pirate_jisuke,治助,pirate,,,1121,1120,,1036,,,骏河水军,骏河水军,,淡路水军
9137,lord_tk5_pirate_juudayuu,十太夫,pirate,,,,,,1018,,,,,,五岛水军
9138,lord_tk5_pirate_kageyu,勘解由,pirate,,,1115,,1141,1011,,,房总水军,,村上水军,熊野水军
9139,lord_tk5_pirate_kameshichi,龟七,pirate,1130,,1131,,,1035,丹后水军,,丹后水军,,,淡路水军
9140,lord_tk5_pirate_kanji,贯次,pirate,,,1152,1111,1137,1014,,,五岛水军,安东水军,盐饱水军,熊野水军
9141,lord_tk5_pirate_kenkichi,谦吉,pirate,1149,,1157,,,1023,丰后水军,,坊津水军,,,江户水军
9142,lord_tk5_pirate_kichijiroo,吉次郎,pirate,1143,,1155,,,1015,村上水军,,五岛水军,,,五岛水军
9143,lord_tk5_pirate_kinzaemon,金左卫门,pirate,,1088,,,1157,,,骏河水军,,,坊津水军,
9144,lord_tk5_pirate_kisanta,喜三太,pirate,1127,1007,,1144,,,熊野水军,熊野水军,,土佐水军,,
9145,lord_tk5_pirate_kobee,小兵卫,pirate,1158,,,1136,,1007,坊津水军,,,盐饱水军,,盐饱水军
9146,lord_tk5_pirate_kochuuta,小忠太,pirate,1136,,1134,,,,盐饱水军,,淡路水军,,,
9147,lord_tk5_pirate_kogenta,小源太,pirate,1118,,,1157,,1010,相模水军,,,坊津水军,,熊野水军
9148,lord_tk5_pirate_kojuuroo,小十郎,pirate,1114,1073,,,1151,,房总水军,土佐水军,,,五岛水军,
9149,lord_tk5_pirate_kokichi,小吉,pirate,,1104,1111,1110,1133,,,盐饱水军,安东水军,安东水军,盐饱水军,
9150,lord_tk5_pirate_koo,甲,pirate,,,1141,1141,1144,1028,,,村上水军,村上水军,土佐水军,村上水军
9151,lord_tk5_pirate_koshiroo,小四郎,pirate,,,1150,1159,,1001,,,丰后水军,坊津水军,,安东水军
9152,lord_tk5_pirate_kuroobee,九郎兵卫,pirate,,1065,1159,,1142,,,淡路水军,坊津水军,,村上水军,
9153,lord_tk5_pirate_magobee,孙兵卫,pirate,1128,1111,1128,1128,1129,,丹后水军,丹后水军,丹后水军,丹后水军,丹后水军,
9154,lord_tk5_pirate_magoshichi,孙七,pirate,1115,,1145,,,1005,房总水军,,土佐水军,,,盐饱水军
9155,lord_tk5_pirate_manchiyo,万千代,pirate,,,,1122,1130,1050,,,,骏河水军,丹后水军,房总水军
9156,lord_tk5_pirate_manosuke,马之助,pirate,,1093,1113,1114,,,,丹后水军,房总水军,房总水军,,
9157,lord_tk5_pirate_masahei,正平,pirate,,,1135,1117,,1004,,,淡路水军,相模水军,,安东水军
9158,lord_tk5_pirate_matahachi,又八,pirate,,1042,,1140,1111,,,相模水军,,村上水军,安东水军,
9159,lord_tk5_pirate_matasuke,又助,pirate,,1132,1139,,1124,,,坊津水军,盐饱水军,,熊野水军,
9160,lord_tk5_pirate_mitsudayuu,光太夫,pirate,1138,,1149,,,1041,盐饱水军,,丰后水军,,,土佐水军
9161,lord_tk5_pirate_mochiyo,百千代,pirate,1111,,1110,,,1045,安东水军,,安东水军,,,坊津水军
9162,lord_tk5_pirate_onishichi,鬼七,pirate,1113,,1116,,,1044,房总水军,,相模水军,,,土佐水军
9163,lord_tk5_pirate_rikimaru,力丸,pirate,,1047,1117,1121,,,,相模水军,相模水军,骏河水军,,
9164,lord_tk5_pirate_rikiya,力弥,pirate,,1136,,,1131,,,坊津水军,,,丹后水军,
9165,lord_tk5_pirate_saburoota,三郎太,pirate,,,,1142,1139,1024,,,,村上水军,村上水军,江户水军
9166,lord_tk5_pirate_saichi,佐市,pirate,,,1143,1112,,1039,,,村上水军,房总水军,,淡路水军
9167,lord_tk5_pirate_sakonjiroo,左近次郎,pirate,1122,,,,1132,1000,骏河水军,,,,丹后水军,安东水军
9168,lord_tk5_pirate_sanezoo,实三,pirate,1151,,,,1127,1032,丰后水军,,,,熊野水军,丹后水军
9169,lord_tk5_pirate_sanhei,三平,pirate,,1095,,1151,,,,盐饱水军,,丰后水军,,
9170,lord_tk5_pirate_sanosuke,佐之助,pirate,1116,,1146,,,1020,相模水军,,土佐水军,,,江户水军
9171,lord_tk5_pirate_sanshiroo,三四郎,pirate,,,,,,1026,,,,,,村上水军
9172,lord_tk5_pirate_sendayuu,仙太夫,pirate,1146,,1129,,,1006,土佐水军,,丹后水军,,,盐饱水军
9173,lord_tk5_pirate_senzaemon,仙左卫门,pirate,1108,1120,1108,1108,1108,,安东水军,安东水军,安东水军,安东水军,安东水军,
9174,lord_tk5_pirate_shingoroo,新五郎,pirate,1155,1080,1112,,,,五岛水军,土佐水军,房总水军,,,
9175,lord_tk5_pirate_shinhei,晋平,pirate,1142,,,1146,,,村上水军,,,土佐水军,,
9176,lord_tk5_pirate_shinpachi,新八,pirate,,1124,1147,,1119,,,安东水军,土佐水军,,相模水军,
9177,lord_tk5_pirate_shinshichi,新七,pirate,,,1148,,1159,1027,,,丰后水军,,坊津水军,村上水军
9178,lord_tk5_pirate_shookuroo,庄九郎,pirate,,,,1150,1155,1009,,,,丰后水军,五岛水军,盐饱水军
9179,lord_tk5_pirate_soohachiroo,惣八郎,pirate,,,,,,1003,,,,,,安东水军
9180,lord_tk5_pirate_sooichiroo,总一郎,pirate,,,1132,,1134,1022,,,淡路水军,,盐饱水军,江户水军
9181,lord_tk5_pirate_tadabee,忠兵卫,pirate,1154,,,,1117,,五岛水军,,,,相模水军,
9182,lord_tk5_pirate_tadaya,忠弥,pirate,,,1142,1145,,1030,,,村上水军,土佐水军,,丹后水军
9183,lord_tk5_pirate_tairama,平马,pirate,,1147,1138,1158,,,,熊野水军,盐饱水军,坊津水军,,
9184,lord_tk5_pirate_tairashiroo,平四郎,pirate,,1135,,1148,1118,,,坊津水军,,丰后水军,相模水军,
9185,lord_tk5_pirate_tairazoo,平藏,pirate,1131,1123,,,1140,,丹后水军,安东水军,,,村上水军,
9186,lord_tk5_pirate_takeshizoo,刚藏,pirate,,,1114,1115,,1016,,,房总水军,房总水军,,五岛水军
9187,lord_tk5_pirate_taki,泷,pirate,1153,1029,,,,,五岛水军,五岛水军,,,,
9188,lord_tk5_pirate_tamegoroo,为五郎,pirate,,1034,1125,1132,,,,五岛水军,熊野水军,淡路水军,,
9189,lord_tk5_pirate_tameuemon,为右卫门,pirate,,,,,1149,1021,,,,,丰后水军,江户水军
9190,lord_tk5_pirate_tatsugoroo,辰五郎,pirate,1109,1115,1109,1109,1109,,安东水军,安东水军,安东水军,安东水军,安东水军,
9191,lord_tk5_pirate_tazu,多津,pirate,,,1153,1153,1152,1019,,,五岛水军,五岛水军,五岛水军,五岛水军
9192,lord_tk5_pirate_teizoo,祯三,pirate,1144,1030,1126,,,,土佐水军,五岛水军,熊野水军,,,
9193,lord_tk5_pirate_torachiyo,虎千代,pirate,,,1137,,1110,1034,,,盐饱水军,,安东水军,丹后水军
9194,lord_tk5_pirate_torazoo,寅藏,pirate,1124,1053,,1147,,,熊野水军,村上水军,,土佐水军,,
9195,lord_tk5_pirate_tsunagoroo,纲五郎,pirate,1157,,1123,,,1043,坊津水军,,骏河水军,,,土佐水军
9196,lord_tk5_pirate_tsuru,鹤,pirate,1141,1057,,,,,村上水军,村上水军,,,,
9197,lord_tk5_pirate_tsuruchiyo,鹤千代,pirate,1159,1046,,1149,,,坊津水军,相模水军,,丰后水军,,
9198,lord_tk5_pirate_tsurukichi,鹤吉,pirate,,,,1119,1126,1052,,,,相模水军,熊野水军,房总水军
9199,lord_tk5_pirate_ushibee,丑兵卫,pirate,1135,1075,,1118,,,淡路水军,土佐水军,,相模水军,,
9200,lord_tk5_pirate_ushigoroo,丑五郎,pirate,,,,,,1033,,,,,,丹后水军
9201,lord_tk5_pirate_yaichi,弥市,pirate,,,1140,,,1054,,,村上水军,,,江户水军
9202,lord_tk5_pirate_yajibee,弥次兵卫,pirate,,,1151,,1123,1031,,,丰后水军,,骏河水军,丹后水军
9203,lord_tk5_pirate_yajiroo,弥二郎,pirate,1120,1001,1124,,,,骏河水军,丰后水军,熊野水军,,,
9204,lord_tk5_pirate_yakichi,弥吉,pirate,,1023,,,1138,,,五岛水军,,,村上水军,
9205,lord_tk5_pirate_yashakichi,夜叉吉,pirate,,,,1129,1147,1046,,,,丹后水军,丰后水军,坊津水军
9206,lord_tk5_pirate_yosoji,与三次,pirate,,1151,,1143,1150,,,熊野水军,,村上水军,丰后水军,
9207,lord_tk5_pirate_zensuke,善辅,pirate,1132,,1118,1131,,1042,淡路水军,,相模水军,丹后水军,,土佐水军
9208,lord_tk5_pirate_zenzoo,善藏,pirate,1123,1156,,1152,1115,,骏河水军,熊野水军,,五岛水军,房总水军,
9209,lord_tk5_trader_choutaroo,长太郎,trader,,,,1003,1010,1091,,,,伊藤屋,虎屋,镫屋
9210,lord_tk5_trader_chouzaemon,长左卫门,trader,,,1050,1021,,1113,,,镫屋,大西屋,,梁田屋
9211,lord_tk5_trader_daizoo,大藏,trader,,,1054,,1033,1067,,,神屋,,天王寺屋,鸿池屋
9212,lord_tk5_trader_fujigoroo,藤五郎,trader,1042,1048,,,1016,,天王寺屋,茶屋,,,平野屋,
9213,lord_tk5_trader_ginjiroo,银次郎,trader,1003,,1036,,,1087,角屋,,天王寺屋,,,茶屋
9214,lord_tk5_trader_gobee,五兵卫,trader,,1024,1031,1024,,,,博多屋,茶屋,博多屋,,
9215,lord_tk5_trader_gongoroo,权五郎,trader,1055,,,1013,,1063,组屋,,,坂田屋,,角仓屋
9216,lord_tk5_trader_gonnosuke,权之助,trader,,,1017,,1028,1068,,,越后屋,,茶屋,鸿池屋
9217,lord_tk5_trader_hansuke,半助,trader,,1022,1003,,1006,,,博多屋,伊藤屋,,纳屋,
9218,lord_tk5_trader_hanuemon,半右卫门,trader,1034,,,1019,,1060,茶屋,,,小西屋,,角屋
9219,lord_tk5_trader_hatsuuemon,初右卫门,trader,,,,,1026,1066,,,,,博多屋,角仓屋
9220,lord_tk5_trader_hayashitaroo,林太郎,trader,1006,,,,,1103,伊藤屋,,,,,平野屋
9221,lord_tk5_trader_hikoma,彦马,trader,,1117,1013,,,,,梁田屋,坂田屋,,,
9222,lord_tk5_trader_ichinosuke,市之允,trader,1029,1134,,,1041,,博多屋,大西屋,,,梁田屋,
9223,lord_tk5_trader_inejiroo,稻次郎,trader,1015,,1044,,,1071,虎屋,,组屋,,,山形屋
9224,lord_tk5_trader_jinuemon,仁右卫门,trader,1014,1063,1035,,1030,,虎屋,伊藤屋,天王寺屋,,下关屋,
9225,lord_tk5_trader_jirookichi,次郎吉,trader,1023,1041,,,1023,,小西屋,川舟屋,,,大西屋,
9226,lord_tk5_trader_junnosuke,准之介,trader,1018,,,,1012,1072,坂田屋,,,,淀屋,山形屋
9227,lord_tk5_trader_juumaru,十丸,trader,,,1053,1020,,1101,,,神屋,小西屋,,播磨屋
9228,lord_tk5_trader_kakubee,角兵卫,trader,1030,1107,1014,1035,,,博多屋,友野屋,坂田屋,天王寺屋,,
9229,lord_tk5_trader_kametaroo,龟太郎,trader,1019,1035,,1055,,,越后屋,茶屋,,山形屋,,
9230,lord_tk5_trader_kandayuu,勘太夫,trader,,1143,1037,1001,,,,越后屋,天王寺屋,角屋,,
9231,lord_tk5_trader_kanichiroo,贯一郎,trader,1022,,1000,,1022,1069,越后屋,,角屋,,大西屋,鸿池屋
9232,lord_tk5_trader_kankichi,勘吉,trader,1001,1072,,1000,,,角屋,坂田屋,,角屋,,
9233,lord_tk5_trader_kanpachi,勘八,trader,1053,,1008,,,1092,组屋,,纳屋,,,镫屋
9234,lord_tk5_trader_kansaburoo,宽三郎,trader,,1102,1026,,1017,,,小西屋,博多屋,,平野屋,
9235,lord_tk5_trader_kanuemon,勘右卫门,trader,,1032,,1038,1045,,,虎屋,,角仓屋,川舟屋,
9236,lord_tk5_trader_katsuzoo,胜藏,trader,,1110,,,1053,,,小西屋,,,神屋,
9237,lord_tk5_trader_kazusuke,和助,trader,1033,,,1009,,1082,茶屋,,,虎屋,,川舟屋
9238,lord_tk5_trader_kichibee,吉兵卫,trader,,1127,,1033,1034,,,友野屋,,天王寺屋,天王寺屋,
9239,lord_tk5_trader_kikuta,闻太,trader,,,1012,,1046,1058,,,虎屋,,川舟屋,下关屋
9240,lord_tk5_trader_kingoroo,金五郎,trader,,1061,,,1013,,,茶屋,,,淀屋,
9241,lord_tk5_trader_kinnosuke,金之助,trader,,1096,,1014,1020,,,天王寺屋,,坂田屋,播磨屋,
9242,lord_tk5_trader_kinshiroo,金四郎,trader,,,1006,1041,,1079,,,纳屋,梁田屋,,川舟屋
9243,lord_tk5_trader_kisuke,喜助,trader,1036,1103,,1006,,,茶屋,小西屋,,纳屋,,
9244,lord_tk5_trader_kiyobee,清兵卫,trader,,1139,,,1051,,,大西屋,,,神屋,
9245,lord_tk5_trader_kiyokuroo,清九郎,trader,,1084,1020,1031,,,,天王寺屋,小西屋,下关屋,,
9246,lord_tk5_trader_koganeji,小金次,trader,,,1010,1046,,1078,,,虎屋,川舟屋,,神屋
9247,lord_tk5_trader_koheiji,小平次,trader,1026,1105,,,1040,,大西屋,小西屋,,,梁田屋,
9248,lord_tk5_trader_komashiroo,驹四郎,trader,1047,,,1029,1054,1088,友野屋,,,茶屋,山形屋,茶屋
9249,lord_tk5_trader_koosaku,幸作,trader,1049,,1043,1040,,1083,梁田屋,,梁田屋,梁田屋,,组屋
9250,lord_tk5_trader_koyata,小弥太,trader,1020,,1032,,,1100,越后屋,,下关屋,,,播磨屋
9251,lord_tk5_trader_kubee,九兵卫,trader,1009,1044,,1042,,,纳屋,镫屋,,组屋,,
9252,lord_tk5_trader_kumakichi,熊吉,trader,,1014,1015,1018,,,,纳屋,坂田屋,小西屋,,
9253,lord_tk5_trader_kuninosuke,国之辅,trader,1028,,1023,,,1075,大西屋,,大西屋,,,神屋
9254,lord_tk5_trader_kurosuke,黑助,trader,,,,1008,,1086,,,,纳屋,,组屋
9255,lord_tk5_trader_kyuusaburoo,鸠三郎,trader,,1067,1009,,1039,,,伊藤屋,纳屋,,梁田屋,
9256,lord_tk5_trader_magoshiroo,孙四郎,trader,,1018,1004,,1015,,,下关屋,伊藤屋,,平野屋,
9257,lord_tk5_trader_magouemon,孙右卫门,trader,,,,,1018,1074,,,,,播磨屋,山形屋
9258,lord_tk5_trader_manjiroo,万次郎,trader,,,1027,1048,,1059,,,博多屋,镫屋,,角屋
9259,lord_tk5_trader_matanojo,又之丞,trader,1052,,,,1042,1080,组屋,,,,组屋,川舟屋
9260,lord_tk5_trader_matashiroo,又四郎,trader,1035,1064,,1010,,,茶屋,伊藤屋,,虎屋,,
9261,lord_tk5_trader_matsushichiroo,松七郎,trader,,,1011,,1049,1102,,,虎屋,,镫屋,播磨屋
9262,lord_tk5_trader_minekichi,峰吉,trader,1027,1118,1049,,,,大西屋,梁田屋,川舟屋,,,
9263,lord_tk5_trader_minezoo,峰藏,trader,,,,1004,1007,1099,,,,伊藤屋,纳屋,播磨屋
9264,lord_tk5_trader_osamubee,理兵卫,trader,,,1018,1012,,1089,,,越后屋,坂田屋,,茶屋
9265,lord_tk5_trader_rihachi,利八,trader,,1016,1045,,1032,,,纳屋,组屋,,下关屋,
9266,lord_tk5_trader_rokuroobee,六郎兵卫,trader,,,1028,1051,1044,1097,,,茶屋,神屋,组屋,纳屋
9267,lord_tk5_trader_rokuzaemon,六左卫门,trader,,1005,1019,1011,,,,角屋,小西屋,虎屋,,
9268,lord_tk5_trader_saburoobee,三郎兵卫,trader,1046,,,1030,,1081,友野屋,,,下关屋,,川舟屋
9269,lord_tk5_trader_sachikichi,幸吉,trader,1011,,,,1052,1070,纳屋,,,,神屋,鸿池屋
9270,lord_tk5_trader_sadakichi,贞吉,trader,,1078,1016,,1037,,,坂田屋,越后屋,,角仓屋,
9271,lord_tk5_trader_saikuroo,才九郎,trader,1013,,1022,1027,,1084,虎屋,,大西屋,茶屋,,组屋
9272,lord_tk5_trader_saishichi,才七,trader,,,,1005,1024,1107,,,,伊藤屋,博多屋,淀屋
9273,lord_tk5_trader_sakubee,作兵卫,trader,1037,1058,,1026,,,下关屋,组屋,,博多屋,,
9274,lord_tk5_trader_sakutaroo,作太郎,trader,,,1038,,,1109,,,友野屋,,,淀屋
9275,lord_tk5_trader_sanhei,三平,trader,,,,,,1095,,,,,,纳屋
9276,lord_tk5_trader_sebee,濑兵卫,trader,1048,1059,,1022,,,梁田屋,虎屋,,大西屋,,
9277,lord_tk5_trader_senji,专次,trader,,1031,,,1048,,,角屋,,,镫屋,
9278,lord_tk5_trader_senzoo,仙造,trader,,1027,,1002,,,,博多屋,,角屋,,
9279,lord_tk5_trader_shichiroobee,七郎兵卫,trader,1007,1130,,,,,伊藤屋,大西屋,,,,
9280,lord_tk5_trader_shigebee,茂兵卫,trader,1045,1068,,,1000,,友野屋,伊藤屋,,,角屋,
9281,lord_tk5_trader_shigesaburoo,茂三郎,trader,1050,,,,1043,1064,梁田屋,,,,组屋,角仓屋
9282,lord_tk5_trader_shinbee,新兵卫,trader,,1141,,1053,1005,,,角屋,,神屋,伊藤屋,
9283,lord_tk5_trader_shinjuuroo,新十郎,trader,,,1024,1032,,1112,,,大西屋,下关屋,,梁田屋
9284,lord_tk5_trader_shinnosuke,新之助,trader,,,,1025,,1111,,,,博多屋,,梁田屋
9285,lord_tk5_trader_shinsuke,新助,trader,,1116,1030,,1038,,,下关屋,茶屋,,角仓屋,
9286,lord_tk5_trader_shinuemon,新右卫门,trader,1004,1011,1042,,,,伊藤屋,纳屋,梁田屋,,,
9287,lord_tk5_trader_shinzaemon,新左卫门,trader,,,,1039,,1096,,,,梁田屋,,纳屋
9288,lord_tk5_trader_shuuhei,周平,trader,,1086,1041,,1019,,,天王寺屋,梁田屋,,播磨屋,
9289,lord_tk5_trader_sooji,惣次,trader,1054,1071,1048,,,,组屋,坂田屋,川舟屋,,,
9290,lord_tk5_trader_sukegoroo,助五郎,trader,1024,,,1049,,1061,小西屋,,,镫屋,,角屋
9291,lord_tk5_trader_sukejiroo,助二郎,trader,1032,1138,,,1003,,博多屋,大西屋,,,伊藤屋,
9292,lord_tk5_trader_sukeroku,助六,trader,1010,,,,1008,1105,纳屋,,,,纳屋,平野屋
9293,lord_tk5_trader_sukesaburoo,助三郎,trader,1025,1108,,1036,,,小西屋,镫屋,,角仓屋,,
9294,lord_tk5_trader_tairabee,平兵卫,trader,,,1021,,1029,1104,,,小西屋,,茶屋,平野屋
9295,lord_tk5_trader_tairahachiroo,平八郎,trader,1017,,1034,,,1093,坂田屋,,下关屋,,,镫屋
9296,lord_tk5_trader_tairasuke,平助,trader,,1025,,1023,1027,,,博多屋,,大西屋,茶屋,
9297,lord_tk5_trader_takezoo,竹藏,trader,,1101,,,1031,,,虎屋,,,下关屋,
9298,lord_tk5_trader_tamanosuke,玉之助,trader,,,,,1050,1056,,,,,镫屋,下关屋
9299,lord_tk5_trader_tamasaburoo,玉三郎,trader,1005,,1040,1017,,1108,伊藤屋,,友野屋,越后屋,,淀屋
9300,lord_tk5_trader_tanzaemon,丹左卫门,trader,,,1029,,1009,1073,,,茶屋,,虎屋,山形屋
9301,lord_tk5_trader_tatsunosuke,辰之助,trader,1008,1076,1046,,,,纳屋,友野屋,组屋,,,
9302,lord_tk5_trader_tetsujiroo,铁次郎,trader,,,,,,1076,,,,,,神屋
9303,lord_tk5_trader_tetsutaroo,铁太郎,trader,1038,,1005,1047,,,下关屋,,伊藤屋,川舟屋,,
9304,lord_tk5_trader_tokuzoo,德藏,trader,1040,1148,,,,,下关屋,越后屋,,,,
9305,lord_tk5_trader_tomekichi,留吉,trader,1012,,1007,,,1085,虎屋,,纳屋,,,组屋
9306,lord_tk5_trader_tomimatsu,富松,trader,,1119,,,1014,,,梁田屋,,,淀屋,
9307,lord_tk5_trader_tomisuke,富助,trader,,,,1034,,1114,,,,天王寺屋,,梁田屋
9308,lord_tk5_trader_torajiroo,虎次郎,trader,,,1052,,1021,1057,,,镫屋,,大西屋,下关屋
9309,lord_tk5_trader_torakichi,寅吉,trader,1051,1121,,1016,,,梁田屋,梁田屋,,越后屋,,
9310,lord_tk5_trader_toshisaburoo,利三郎,trader,1039,,,1007,,1106,下关屋,,,纳屋,,平野屋
9311,lord_tk5_trader_ukichi,卯吉,trader,,,,,,1094,,,,,,镫屋
9312,lord_tk5_trader_umekichi,梅吉,trader,1044,1153,,1044,1036,,天王寺屋,越后屋,,组屋,角仓屋,
9313,lord_tk5_trader_ushimatsu,丑松,trader,,1026,1055,1015,,,,组屋,神屋,越后屋,,
9314,lord_tk5_trader_uuemon,宇右卫门,trader,,,,1045,1002,1062,,,,川舟屋,角屋,角屋
9315,lord_tk5_trader_xE413_兵卫,兵卫,trader,,1149,1033,1043,,,,越后屋,下关屋,组屋,,
9316,lord_tk5_trader_xE413_右卫门,右卫门,trader,1041,,,,1004,1090,天王寺屋,,,,伊藤屋,茶屋
9317,lord_tk5_trader_yasujiroo,安二郎,trader,1031,,,,1001,1077,博多屋,,,,角屋,神屋
9318,lord_tk5_trader_yasukichi,安吉,trader,1043,1069,1039,,,,天王寺屋,坂田屋,友野屋,,,
9319,lord_tk5_trader_yasuzoo,安藏,trader,,1083,,1037,1025,,,天王寺屋,,角仓屋,博多屋,
9320,lord_tk5_trader_yazaemon,弥左卫门,trader,,,1047,1050,,1065,,,川舟屋,镫屋,,角仓屋
9321,lord_tk5_trader_yobee,与兵卫,trader,1021,,1025,,,1055,越后屋,,博多屋,,,下关屋
9322,lord_tk5_trader_yoheiji,与平次,trader,,,1051,,1047,1098,,,镫屋,,川舟屋,纳屋
9323,lord_tk5_trader_yosaburoo,与三郎,trader,,1009,1001,,1011,,,纳屋,角屋,,虎屋,
9324,lord_tk5_trader_yoshibee,义兵卫,trader,1016,1062,1002,,,,坂田屋,下关屋,角屋,,,
9325,lord_tk5_trader_yoshichiroo,与七郎,trader,1000,1140,,1028,,,角屋,川舟屋,,茶屋,,
9326,lord_tk5_trader_yoshiuemon,嘉右卫门,trader,,1054,,,1055,,,茶屋,,,山形屋,
9327,lord_tk5_trader_zenpachi,善八,trader,1002,,,1052,,1110,角屋,,,神屋,,淀屋
9328,lord_tk5_trader_zenuemon,善右卫门,trader,,1017,,1054,1035,,,角屋,,山形屋,天王寺屋,
