ID,ScriptName,ChineseName,LocozationName,Surname,Culture,Is_Shokuho,Owner_1554,Kingdom_1554,Owner_1560,Kingdom_1560,Owner_1568,Kingdom_1568,Owner_1575,Kingdom_1575,Owner_1582,Kingdom_1582,Owner_1598,Kingdom_1598
clan_akamatsu_1,赤松,赤松,{=TAIKOU_clan_akamatsu_1}Akamatsu,Akamatsu,kinai,0,lord_tk5_808,akamatsu,lord_tk5_8,akamatsu,lord_tk5_8,akamatsu,lord_tk5_8,akamatsu,-,-,-,-
clan_akamatsu_2,赤松,赤松,{=TAIKOU_clan_akamatsu_2}Akamatsu,Akamatsu,kinai,0,lord_tk5_7,akamatsu,lord_tk5_7,akamatsu,lord_tk5_7,akamatsu,-,-,-,-,-,-
clan_akechi_1,明智,明智,{=TAIKOU_clan_akechi_1}Akechi,Akechi,tokai,0,lord_tk5_14,saitoo,lord_tk5_14,asakura,lord_tk5_14,oda,lord_tk5_14,oda,lord_tk5_14,oda,-,-
clan_aki_1,安艺,安艺,{=TAIKOU_clan_aki_1}Aki,Aki,nankai,0,lord_tk5_10,ichijo,lord_tk5_10,ichijo,-,-,-,-,-,-,-,-
clan_akita_1,秋田,秋田,{=TAIKOU_clan_akita_1}Akita,Akita,ou,0,-,-,-,-,-,-,-,-,-,-,lord_tk5_11,akita
clan_amago_1,尼子,尼子,{=TAIKOU_clan_amago_1}Amago,Amago,sanyo,0,lord_tk5_45,amago,lord_tk5_45,amago,-,-,-,-,-,-,-,-
clan_anayama_1,穴山,穴山,{=TAIKOU_clan_anayama_1}Anayama,Anayama,tosan,0,lord_tk5_41,takeda,lord_tk5_41,takeda,lord_tk5_41,takeda,lord_tk5_41,takeda,lord_tk5_41,takeda,-,-
clan_ando_1,安东,安东,{=TAIKOU_clan_ando_1}Ando,Ando,ou,0,lord_tk5_56,ando,lord_tk5_56,ando,lord_tk5_56,ando,lord_tk5_56,ando,lord_tk5_56,ando,-,-
clan_andoo_1,安藤,安藤,{=TAIKOU_clan_andoo_1}Andoo,Andoo,tokai,0,lord_tk5_58,saitoo,lord_tk5_58,saitoo,-,-,-,-,-,-,-,-
clan_anekouji_1,姊小路,姊小路,{=TAIKOU_clan_anekouji_1}Anekouji,Anekouji,tosan,0,lord_tk5_907,miki,lord_tk5_907,miki,lord_tk5_907,anekouji,lord_tk5_42,anekouji,lord_tk5_42,anekouji,-,-
clan_ankokuji_1,安国寺,安国寺,{=TAIKOU_clan_ankokuji_1}Ankokuji,Ankokuji,nankai,0,-,-,-,-,-,-,-,-,-,-,lord_tk5_54,ankokuji
clan_anzai_1,安西,安西,{=TAIKOU_clan_anzai_1}Anzai,Anzai,neutral_culture,0,-,-,-,-,-,-,-,-,-,-,lord_tk5_3,org_pirate_bousousuigun
clan_araki_1,荒木,荒木,{=TAIKOU_clan_araki_1}Araki,Araki,kinai,0,lord_tk5_52,miyoshi,lord_tk5_52,miyoshi,lord_tk5_52,oda,lord_tk5_52,oda,-,-,-,-
clan_arima_1,有马,有马,{=TAIKOU_clan_arima_1}Arima,Arima,saikai,0,lord_tk5_822,arima,lord_tk5_810,arima,lord_tk5_810,ryuzoji,lord_tk5_810,ryuzoji,-,-,lord_tk5_53,arima
clan_asakura_1,朝仓,朝仓,{=TAIKOU_clan_asakura_1}Asakura,Asakura,hokuriku,0,lord_tk5_23,asakura,lord_tk5_23,asakura,lord_tk5_23,asakura,-,-,-,-,-,-
clan_asano_1,浅野,浅野,{=TAIKOU_clan_asano_1}Asano,Asano,tokai,0,lord_tk5_25,oda,lord_tk5_25,oda,lord_tk5_25,oda,lord_tk5_25,oda,lord_tk5_25,oda,lord_tk5_26,asano
clan_ashikaga_1,足利,足利,{=TAIKOU_clan_ashikaga_1}Ashikaga,Ashikaga,kinai,0,lord_tk5_31,ashikaga,lord_tk5_31,ashikaga,-,-,-,-,-,-,-,-
clan_ashikaga_2,足利,足利,{=TAIKOU_clan_ashikaga_2}Ashikaga,Ashikaga,kinai,0,-,-,-,-,lord_tk5_29,ashikaga,-,-,-,-,-,-
clan_ashina_1,芦名,芦名,{=TAIKOU_clan_ashina_1}Ashina,Ashina,ou,0,lord_tk5_32,ashina,lord_tk5_32,ashina,lord_tk5_32,ashina,lord_tk5_32,ashina,-,-,-,-
clan_ashina_2,芦名,芦名,{=TAIKOU_clan_ashina_2}Ashina,Ashina,ou,0,-,-,-,-,-,-,-,-,lord_tk5_35,ashina,-,-
clan_aso_1,阿苏,阿苏,{=TAIKOU_clan_aso_1}Aso,Aso,saikai,0,lord_tk5_850,aso,lord_tk5_36,aso,lord_tk5_36,aso,lord_tk5_36,aso,lord_tk5_36,aso,-,-
clan_atagi_1,安宅,安宅,{=TAIKOU_clan_atagi_1}Atagi,Atagi,kinai,0,lord_tk5_38,org_pirate_awajisuigun,lord_tk5_38,org_pirate_awajisuigun,lord_tk5_37,org_pirate_awajisuigun,lord_tk5_37,org_pirate_awajisuigun,-,-,-,-
clan_azai_1,浅井,浅井,{=TAIKOU_clan_azai_1}Azai,Azai,kinai,0,lord_tk5_17,azai,-,-,-,-,-,-,-,-,-,-
clan_azai_2,浅井,浅井,{=TAIKOU_clan_azai_2}Azai,Azai,kinai,0,lord_tk5_16,azai,lord_tk5_16,azai,lord_tk5_16,azai,-,-,-,-,-,-
clan_baba_1,马场,马场,{=TAIKOU_clan_baba_1}Baba,Baba,tosan,0,lord_tk5_592,takeda,lord_tk5_592,takeda,-,-,-,-,-,-,-,-
clan_bessho_1,别所,别所,{=TAIKOU_clan_bessho_1}Bessho,Bessho,kinai,0,lord_tk5_842,akamatsu,lord_tk5_842,akamatsu,-,-,-,-,-,-,-,-
clan_bessho_2,别所,别所,{=TAIKOU_clan_bessho_2}Bessho,Bessho,kinai,0,-,-,-,-,lord_tk5_621,akamatsu,lord_tk5_621,akamatsu,-,-,-,-
clan_chaya_1,茶屋,茶屋,{=TAIKOU_clan_chaya_1}Chaya,Chaya,neutral_culture,0,lord_tk5_480,org_merchant_chaya,lord_tk5_480,org_merchant_chaya,lord_tk5_480,org_merchant_chaya,lord_tk5_480,org_merchant_chaya,lord_tk5_480,org_merchant_chaya,lord_tk5_479,org_merchant_chaya
clan_chiba_1,千叶,千叶,{=TAIKOU_clan_chiba_1}Chiba,Chiba,kanto,0,lord_tk5_478,hojo,lord_tk5_478,hojo,lord_tk5_478,hojo,lord_tk5_478,hojo,-,-,-,-
clan_cho_1,长,长,{=TAIKOU_clan_cho_1}Cho,Cho,hokuriku,0,lord_tk5_485,hatakeyama,-,-,lord_tk5_485,cho,lord_tk5_485,cho,-,-,-,-
clan_chosokabe_1,长宗我部,长宗我部,{=TAIKOU_clan_chosokabe_1}Chosokabe,Chosokabe,nankai,0,lord_tk5_481,chosokabe,-,-,-,-,-,-,-,-,-,-
clan_chosokabe_2,长宗我部,长宗我部,{=TAIKOU_clan_chosokabe_2}Chosokabe,Chosokabe,nankai,0,lord_tk5_483,chosokabe,lord_tk5_483,chosokabe,lord_tk5_483,chosokabe,lord_tk5_483,chosokabe,lord_tk5_483,chosokabe,lord_tk5_484,chosokabe
clan_chujou_1,中条,中条,{=TAIKOU_clan_chujou_1}Chujou,Chujou,hokuriku,0,-,-,-,-,-,-,-,-,lord_tk5_533,uesugi,-,-
clan_daihoji_1,大宝寺,大宝寺,{=TAIKOU_clan_daihoji_1}Daihoji,Daihoji,ou,0,lord_tk5_813,daihoji,lord_tk5_813,daihoji,lord_tk5_435,daihoji,lord_tk5_435,daihoji,lord_tk5_435,daihoji,-,-
clan_date_1,伊达,伊达,{=TAIKOU_clan_date_1}Date,Date,ou,0,lord_tk5_465,date,lord_tk5_465,date,-,-,-,-,-,-,-,-
clan_date_2,伊达,伊达,{=TAIKOU_clan_date_2}Date,Date,ou,0,lord_tk5_464,date,lord_tk5_464,date,lord_tk5_464,date,lord_tk5_464,date,lord_tk5_464,date,lord_tk5_466,date
clan_date_3,伊达,伊达,{=TAIKOU_clan_date_3}Date,Date,ou,0,lord_tk5_461,date,lord_tk5_461,date,lord_tk5_461,date,lord_tk5_461,date,lord_tk5_461,date,-,-
clan_deura_1,出浦,出浦,{=TAIKOU_clan_deura_1}Deura,Deura,neutral_culture,0,lord_tk5_94,org_ninja_togakushi,lord_tk5_94,org_ninja_togakushi,lord_tk5_94,org_ninja_togakushi,lord_tk5_94,org_ninja_togakushi,lord_tk5_94,org_ninja_togakushi,lord_tk5_94,org_ninja_togakushi
clan_fukudome_1,福留,福留,{=TAIKOU_clan_fukudome_1}Fukudome,Fukudome,nankai,0,lord_tk5_616,chosokabe,lord_tk5_616,chosokabe,lord_tk5_616,chosokabe,lord_tk5_616,chosokabe,-,-,-,-
clan_fukushima_1,福岛,福岛,{=TAIKOU_clan_fukushima_1}Fukushima,Fukushima,saikai,0,-,-,-,-,-,-,-,-,-,-,lord_tk5_615,fukushima
clan_fuuma_1,风魔,风魔,{=TAIKOU_clan_fuuma_1}Fuuma,Fuuma,neutral_culture,0,lord_tk5_613,org_ninja_fuuma,lord_tk5_613,org_ninja_fuuma,lord_tk5_613,org_ninja_fuuma,lord_tk5_613,org_ninja_fuuma,lord_tk5_613,org_ninja_fuuma,-,-
clan_gamou_1,蒲生,蒲生,{=TAIKOU_clan_gamou_1}Gamou,Gamou,kinai,0,lord_tk5_240,rokkaku,lord_tk5_240,rokkaku,lord_tk5_240,oda,lord_tk5_240,oda,lord_tk5_240,oda,lord_tk5_244,gamou
clan_gamou_2,蒲生,蒲生,{=TAIKOU_clan_gamou_2}Gamou,Gamou,kinai,0,lord_tk5_242,rokkaku,lord_tk5_242,rokkaku,lord_tk5_242,oda,lord_tk5_242,oda,-,-,-,-
clan_gamou_3,蒲生,蒲生,{=TAIKOU_clan_gamou_3}Gamou,Gamou,kinai,0,lord_tk5_241,rokkaku,-,-,-,-,-,-,lord_tk5_241,oda,-,-
clan_ganshoji_1,愿证寺,愿证寺,{=TAIKOU_clan_ganshoji_1}Ganshoji,Ganshoji,tokai,0,-,-,-,-,lord_tk5_249,honganji,-,-,-,-,-,-
clan_ganshojii_1,梶原,梶原,{=TAIKOU_clan_ganshojii_1}Ganshojii,Ganshojii,neutral_culture,0,lord_tk5_221,org_pirate_sagamisuigun,lord_tk5_221,org_pirate_sagamisuigun,lord_tk5_221,org_pirate_sagamisuigun,lord_tk5_221,org_pirate_sagamisuigun,lord_tk5_221,org_pirate_sagamisuigun,-,-
clan_gyo_1,长野,长野,{=TAIKOU_clan_gyo_1}Gyo,Gyo,kinai,0,lord_tk5_536,gyo,lord_tk5_536,gyo,-,-,-,-,-,-,-,-
clan_hachisuka_1,蜂须贺,蜂须贺,{=TAIKOU_clan_hachisuka_1}Hachisuka,Hachisuka,sanyo,0,-,-,-,-,lord_tk5_585,oda,-,-,-,-,lord_tk5_584,hachisuka
clan_hairedin_1,海雷丁,海雷丁,{=TAIKOU_clan_hairedin_1}Hairedin,Hairedin,neutral_culture,0,lord_tk5_1160,org_pirate_antousuigun,lord_tk5_1160,org_pirate_antousuigun,lord_tk5_1160,org_pirate_antousuigun,lord_tk5_1160,org_pirate_antousuigun,lord_tk5_1160,org_pirate_antousuigun,lord_tk5_1160,org_pirate_antousuigun
clan_hanafusa_1,花房,花房,{=TAIKOU_clan_hanafusa_1}Hanafusa,Hanafusa,sanyo,0,lord_tk5_590,uragami,lord_tk5_590,uragami,lord_tk5_590,uragami,-,-,-,-,-,-
clan_harimaya_1,播磨屋,播磨屋,{=TAIKOU_clan_harimaya_1}Harimaya,Harimaya,neutral_culture,0,-,-,-,-,-,-,-,-,lord_tk5_598,org_merchant_harimaya,lord_tk5_598,org_merchant_harimaya
clan_hatakeyama_1,畠山,畠山,{=TAIKOU_clan_hatakeyama_1}Hatakeyama,Hatakeyama,kinai,0,lord_tk5_578,hatakeyama,lord_tk5_578,hatakeyama,lord_tk5_578,oda,-,-,-,-,-,-
clan_hoitada_1,穗井田,穗井田,{=TAIKOU_clan_hoitada_1}Hoitada,Hoitada,sanyo,0,lord_tk5_622,mori,-,-,-,-,-,-,-,-,-,-
clan_hojo_1,北条,北条,{=TAIKOU_clan_hojo_1}Hojo,Hojo,kanto,0,lord_tk5_630,hojo,lord_tk5_630,hojo,lord_tk5_630,hojo,-,-,-,-,-,-
clan_hojo_2,北条,北条,{=TAIKOU_clan_hojo_2}Hojo,Hojo,kanto,0,lord_tk5_629,hojo,lord_tk5_629,hojo,lord_tk5_629,hojo,lord_tk5_629,hojo,lord_tk5_629,hojo,-,-
clan_hojo_3,北条,北条,{=TAIKOU_clan_hojo_3}Hojo,Hojo,kanto,0,lord_tk5_257,uesugi,lord_tk5_257,uesugi,lord_tk5_257,uesugi,lord_tk5_257,uesugi,-,-,-,-
clan_hojo_4,北条,北条,{=TAIKOU_clan_hojo_4}Hojo,Hojo,kanto,0,lord_tk5_624,hojo,-,-,lord_tk5_624,hojo,lord_tk5_624,hojo,lord_tk5_624,hojo,-,-
clan_hojo_5,北条,北条,{=TAIKOU_clan_hojo_5}Hojo,Hojo,kanto,0,lord_tk5_625,hojo,lord_tk5_625,hojo,lord_tk5_625,hojo,-,-,-,-,-,-
clan_hojo_6,北条,北条,{=TAIKOU_clan_hojo_6}Hojo,Hojo,kanto,0,lord_tk5_632,hojo,lord_tk5_632,hojo,lord_tk5_632,hojo,lord_tk5_632,hojo,lord_tk5_632,hojo,-,-
clan_honda_1,本多,本多,{=TAIKOU_clan_honda_1}Honda,Honda,tokai,0,lord_tk5_652,imagawa,lord_tk5_652,imagawa,lord_tk5_652,tokugawa,lord_tk5_652,tokugawa,lord_tk5_652,tokugawa,lord_tk5_652,tokugawa
clan_honda_2,本多,本多,{=TAIKOU_clan_honda_2}Honda,Honda,tokai,0,lord_tk5_656,imagawa,lord_tk5_656,imagawa,lord_tk5_656,tokugawa,lord_tk5_656,tokugawa,lord_tk5_656,tokugawa,-,-
clan_honganji_1,本愿寺,本愿寺,{=TAIKOU_clan_honganji_1}Honganji,Honganji,kinai,0,lord_tk5_647,honganji,lord_tk5_647,honganji,lord_tk5_647,honganji,lord_tk5_647,honganji,-,-,-,-
clan_hori_1,堀立,堀立,{=TAIKOU_clan_hori_1}Hori,Hori,neutral_culture,0,lord_tk5_588,org_merchant_shimonosekiya,lord_tk5_588,org_merchant_shimonosekiya,lord_tk5_588,org_merchant_shimonosekiya,-,-,-,-,-,-
clan_horii_1,堀,堀,{=TAIKOU_clan_horii_1}Horii,Horii,hokuriku,0,lord_tk5_644,saitoo,lord_tk5_644,oda,lord_tk5_644,oda,lord_tk5_644,oda,lord_tk5_644,oda,lord_tk5_643,horii
clan_horio_1,堀尾,堀尾,{=TAIKOU_clan_horio_1}Horio,Horio,kinai,0,-,-,-,-,lord_tk5_640,oda,lord_tk5_640,oda,lord_tk5_640,oda,lord_tk5_639,horio
clan_hosokawa_1,细川,细川,{=TAIKOU_clan_hosokawa_1}Hosokawa,Hosokawa,kinai,0,lord_tk5_638,ashikaga,lord_tk5_638,ashikaga,lord_tk5_638,ashikaga,lord_tk5_638,oda,lord_tk5_638,oda,lord_tk5_636,hosokawa
clan_ichijo_1,一条,一条,{=TAIKOU_clan_ichijo_1}Ichijo,Ichijo,nankai,0,lord_tk5_86,ichijo,lord_tk5_86,ichijo,lord_tk5_86,ichijo,-,-,-,-,-,-
clan_igasaki_1,伊贺,伊贺,{=TAIKOU_clan_igasaki_1}Igasaki,Igasaki,neutral_culture,0,-,-,-,-,-,-,-,-,-,-,lord_tk5_63,org_ninja_iga
clan_ii_1,井伊,井伊,{=TAIKOU_clan_ii_1}Ii,Ii,tokai,0,-,-,-,-,-,-,lord_tk5_62,tokugawa,-,-,lord_tk5_62,tokugawa
clan_iii_1,奥平,奥平,{=TAIKOU_clan_iii_1}Iii,Iii,kanto,0,lord_tk5_183,imagawa,-,-,lord_tk5_183,tokugawa,lord_tk5_183,tokugawa,lord_tk5_183,tokugawa,-,-
clan_iio_1,饭尾,饭尾,{=TAIKOU_clan_iio_1}Iio,Iio,tosan,0,lord_tk5_60,imagawa,lord_tk5_60,imagawa,-,-,-,-,-,-,-,-
clan_ijuin_1,伊集院,伊集院,{=TAIKOU_clan_ijuin_1}Ijuin,Ijuin,saikai,0,lord_tk5_77,shimazu,lord_tk5_77,shimazu,-,-,-,-,-,-,-,-
clan_ike_1,池,池,{=TAIKOU_clan_ike_1}Ike,Ike,neutral_culture,0,lord_tk5_69,org_pirate_tosasuigun,lord_tk5_69,org_pirate_tosasuigun,lord_tk5_69,org_pirate_tosasuigun,lord_tk5_69,org_pirate_tosasuigun,lord_tk5_69,org_pirate_tosasuigun,-,-
clan_ikeda_1,池田,池田,{=TAIKOU_clan_ikeda_1}Ikeda,Ikeda,tosan,0,lord_tk5_66,oda,lord_tk5_66,oda,lord_tk5_66,oda,lord_tk5_66,oda,lord_tk5_66,oda,lord_tk5_67,ikeda
clan_ikeda_2,池田,池田,{=TAIKOU_clan_ikeda_2}Ikeda,Ikeda,kinai,0,-,-,lord_tk5_65,org_merchant_abumiya,lord_tk5_65,org_merchant_abumiya,lord_tk5_65,org_merchant_abumiya,lord_tk5_65,org_merchant_abumiya,lord_tk5_65,org_merchant_abumiya
clan_ikoma_1,生驹,生驹,{=TAIKOU_clan_ikoma_1}Ikoma,Ikoma,kinai,0,-,-,-,-,-,-,-,-,-,-,lord_tk5_70,ikoma
clan_imagawa_1,今川,今川,{=TAIKOU_clan_imagawa_1}Imagawa,Imagawa,tokai,0,lord_tk5_110,imagawa,lord_tk5_110,imagawa,lord_tk5_109,imagawa,-,-,-,-,-,-
clan_imai_1,今井,今井,{=TAIKOU_clan_imai_1}Imai,Imai,neutral_culture,0,lord_tk5_107,org_merchant_naya,lord_tk5_107,org_merchant_naya,lord_tk5_107,org_merchant_naya,lord_tk5_107,org_merchant_naya,lord_tk5_107,org_merchant_naya,lord_tk5_108,org_merchant_naya
clan_inaba_1,稻叶,稻叶,{=TAIKOU_clan_inaba_1}Inaba,Inaba,tokai,0,lord_tk5_101,saitoo,lord_tk5_101,saitoo,lord_tk5_101,oda,lord_tk5_101,oda,lord_tk5_101,oda,-,-
clan_irobe_1,色部,色部,{=TAIKOU_clan_irobe_1}Irobe,Irobe,hokuriku,0,lord_tk5_112,uesugi,lord_tk5_112,uesugi,lord_tk5_112,uesugi,-,-,-,-,-,-
clan_ishida_1,石田,石田,{=TAIKOU_clan_ishida_1}Ishida,Ishida,kinai,0,-,-,-,-,-,-,-,-,-,-,lord_tk5_75,toyotomi
clan_issiki_1,一色,一色,{=TAIKOU_clan_issiki_1}Issiki,Issiki,kinai,0,lord_tk5_93,issiki,lord_tk5_93,issiki,lord_tk5_93,issiki,lord_tk5_93,issiki,-,-,-,-
clan_itami_1,伊丹,伊丹,{=TAIKOU_clan_itami_1}Itami,Itami,neutral_culture,0,-,-,-,-,-,-,-,-,lord_tk5_83,org_pirate_surugasuigun,-,-
clan_ito_1,伊东,伊东,{=TAIKOU_clan_ito_1}Ito,Ito,saikai,0,lord_tk5_98,ito,lord_tk5_98,ito,lord_tk5_98,ito,lord_tk5_98,ito,-,-,lord_tk5_96,ito
clan_itoo_1,伊藤,伊藤,{=TAIKOU_clan_itoo_1}Itoo,Itoo,neutral_culture,0,lord_tk5_97,org_merchant_itouya,lord_tk5_97,org_merchant_itouya,lord_tk5_97,org_merchant_itouya,lord_tk5_97,org_merchant_itouya,lord_tk5_97,org_merchant_itouya,-,-
clan_jinbo_1,神保,神保,{=TAIKOU_clan_jinbo_1}Jinbo,Jinbo,hokuriku,0,lord_tk5_408,jinbo,lord_tk5_408,jinbo,lord_tk5_408,jinbo,lord_tk5_407,jinbo,-,-,-,-
clan_kakizaki_1,蛎崎,蛎崎,{=TAIKOU_clan_kakizaki_1}Kakizaki,Kakizaki,ou,0,lord_tk5_215,ando,lord_tk5_215,ando,lord_tk5_215,ando,lord_tk5_215,ando,lord_tk5_215,ando,lord_tk5_216,kakizaki
clan_kamei_1,龟井,龟井,{=TAIKOU_clan_kamei_1}Kamei,Kamei,sanyo,0,-,-,-,-,-,-,-,-,-,-,lord_tk5_239,kamei
clan_kamiizumi_1,上泉,上泉,{=TAIKOU_clan_kamiizumi_1}Kamiizumi,Kamiizumi,kanto,0,lord_tk5_296,gyo,lord_tk5_296,gyo,-,-,-,-,-,-,-,-
clan_kamiya_1,神屋,神屋,{=TAIKOU_clan_kamiya_1}Kamiya,Kamiya,neutral_culture,0,lord_tk5_845,org_merchant_kamiya,lord_tk5_845,org_merchant_kamiya,lord_tk5_120,org_merchant_kamiya,lord_tk5_120,org_merchant_kamiya,lord_tk5_120,org_merchant_kamiya,lord_tk5_120,org_merchant_kamiya
clan_kanamori_1,金森,金森,{=TAIKOU_clan_kanamori_1}Kanamori,Kanamori,kinai,0,-,-,-,-,-,-,-,-,-,-,lord_tk5_235,kanamori
clan_kanemitsu_1,金光,金光,{=TAIKOU_clan_kanemitsu_1}Kanemitsu,Kanemitsu,neutral_culture,0,-,-,-,-,-,-,-,-,-,-,lord_tk5_930,org_pirate_tosasuigun
clan_kasai_1,葛西,葛西,{=TAIKOU_clan_kasai_1}Kasai,Kasai,ou,0,lord_tk5_219,kasai,lord_tk5_219,kasai,lord_tk5_219,kasai,lord_tk5_219,kasai,lord_tk5_219,kasai,-,-
clan_kashin_1,小滨,小滨,{=TAIKOU_clan_kashin_1}Kashin,Kashin,neutral_culture,0,lord_tk5_207,org_pirate_surugasuigun,lord_tk5_207,org_pirate_surugasuigun,lord_tk5_207,org_pirate_surugasuigun,lord_tk5_207,org_pirate_surugasuigun,lord_tk5_207,org_pirate_surugasuigun,lord_tk5_207,org_pirate_kougun
clan_katakura_1,片仓,片仓,{=TAIKOU_clan_katakura_1}Katakura,Katakura,ou,0,lord_tk5_225,date,lord_tk5_225,date,lord_tk5_225,date,lord_tk5_225,date,lord_tk5_225,date,lord_tk5_225,date
clan_katoo_1,加藤,加藤,{=TAIKOU_clan_katoo_1}Katoo,Katoo,tokai,0,lord_tk5_231,org_ninja_nokizaru,lord_tk5_231,org_ninja_nokizaru,lord_tk5_231,org_ninja_suppa,-,-,-,-,-,-
clan_katoo_2,加藤,加藤,{=TAIKOU_clan_katoo_2}Katoo,Katoo,ou,0,-,-,-,-,-,-,-,-,-,-,lord_tk5_230,katoo
clan_katoo_3,加藤,加藤,{=TAIKOU_clan_katoo_3}Katoo,Katoo,neutral_culture,0,-,-,-,-,-,-,-,-,-,-,lord_tk5_233,katoo
clan_kawano_1,河野,河野,{=TAIKOU_clan_kawano_1}Kawano,Kawano,sanyo,0,lord_tk5_301,kawano,lord_tk5_301,kawano,lord_tk5_301,kawano,lord_tk5_301,kawano,-,-,-,-
clan_kawano_2,河野,河野,{=TAIKOU_clan_kawano_2}Kawano,Kawano,sanyo,0,-,-,-,-,-,-,-,-,lord_tk5_300,kawano,-,-
clan_kii_1,城井,城井,{=TAIKOU_clan_kii_1}Kii,Kii,saikai,0,lord_tk5_252,otomo,lord_tk5_252,otomo,lord_tk5_252,otomo,lord_tk5_252,otomo,lord_tk5_252,kii,-,-
clan_kikkawa_1,吉川,吉川,{=TAIKOU_clan_kikkawa_1}Kikkawa,Kikkawa,sanyo,0,lord_tk5_265,mori,lord_tk5_265,mori,lord_tk5_265,mori,lord_tk5_265,mori,lord_tk5_265,mori,lord_tk5_263,kikkawa
clan_kiku_1,波多野,波多野,{=TAIKOU_clan_kiku_1}Kiku,Kiku,kinai,0,lord_tk5_581,kiku,lord_tk5_583,kiku,lord_tk5_583,kiku,lord_tk5_583,kiku,-,-,-,-
clan_kimotsuki_1,肝付,肝付,{=TAIKOU_clan_kimotsuki_1}Kimotsuki,Kimotsuki,saikai,0,lord_tk5_268,kimotsuki,lord_tk5_268,kimotsuki,lord_tk5_270,kimotsuki,-,-,-,-,-,-
clan_kinoshita_1,丰臣,丰臣,{=TAIKOU_clan_kinoshita_1}Kinoshita,Kinoshita,kinai,0,-,-,lord_tk5_517,oda,lord_tk5_517,oda,lord_tk5_517,oda,lord_tk5_517,oda,lord_tk5_518,toyotomi
clan_kira_1,吉良,吉良,{=TAIKOU_clan_kira_1}Kira,Kira,nankai,0,lord_tk5_274,chosokabe,lord_tk5_274,chosokabe,lord_tk5_274,chosokabe,lord_tk5_274,chosokabe,-,-,-,-
clan_kirigakure_1,佐甲,佐甲,{=TAIKOU_clan_kirigakure_1}Kirigakure,Kirigakure,neutral_culture,0,-,-,-,-,-,-,lord_tk5_226,org_merchant_shimonosekiya,lord_tk5_226,org_merchant_shimonosekiya,lord_tk5_226,org_merchant_shimonosekiya
clan_kiso_1,木曾,木曾,{=TAIKOU_clan_kiso_1}Kiso,Kiso,tosan,0,lord_tk5_255,kiso,lord_tk5_255,takeda,lord_tk5_255,takeda,lord_tk5_254,takeda,-,-,-,-
clan_kitabatake_1,北畠,北畠,{=TAIKOU_clan_kitabatake_1}Kitabatake,Kitabatake,kinai,0,lord_tk5_261,kitabatake,lord_tk5_306,kitabatake,lord_tk5_306,kitabatake,-,-,-,-,-,-
clan_kitabatake_2,北畠,北畠,{=TAIKOU_clan_kitabatake_2}Kitabatake,Kitabatake,kinai,0,lord_tk5_259,kitabatake,lord_tk5_259,kitabatake,lord_tk5_259,kitabatake,-,-,-,-,-,-
clan_kobayakawa_1,小早川,小早川,{=TAIKOU_clan_kobayakawa_1}Kobayakawa,Kobayakawa,sanyo,0,lord_tk5_314,mori,lord_tk5_314,mori,lord_tk5_314,mori,lord_tk5_314,mori,lord_tk5_314,mori,lord_tk5_316,kobayakawa
clan_kobayakawa_2,小早川,小早川,{=TAIKOU_clan_kobayakawa_2}Kobayakawa,Kobayakawa,sanyo,0,-,-,-,-,-,-,-,-,-,-,lord_tk5_315,kobayakawa
clan_kodera_1,小寺,小寺,{=TAIKOU_clan_kodera_1}Kodera,Kodera,kinai,0,lord_tk5_197,akamatsu,lord_tk5_197,akamatsu,lord_tk5_197,akamatsu,lord_tk5_197,akamatsu,-,-,-,-
clan_konishi_1,小西,小西,{=TAIKOU_clan_konishi_1}Konishi,Konishi,kinai,0,lord_tk5_313,org_merchant_konishiya,lord_tk5_313,org_merchant_konishiya,lord_tk5_313,org_merchant_konishiya,lord_tk5_313,org_merchant_konishiya,-,-,lord_tk5_312,konishi
clan_konoike_1,鸿池,鸿池,{=TAIKOU_clan_konoike_1}Konoike,Konoike,sanyo,0,-,-,-,-,-,-,-,-,-,-,lord_tk5_604,org_merchant_kounoikeya
clan_koobe_1,神户,神户,{=TAIKOU_clan_koobe_1}Koobe,Koobe,kinai,0,-,-,lord_tk5_250,kitabatake,-,-,-,-,-,-,-,-
clan_koosaka_1,高坂,高坂,{=TAIKOU_clan_koosaka_1}Koosaka,Koosaka,tosan,0,lord_tk5_297,org_ninja_suppa,lord_tk5_297,org_ninja_suppa,-,-,lord_tk5_297,org_ninja_suppa,lord_tk5_297,org_ninja_suppa,-,-
clan_koteida_1,笼手田,笼手田,{=TAIKOU_clan_koteida_1}Koteida,Koteida,saikai,0,lord_tk5_308,matsuura,lord_tk5_308,matsuura,lord_tk5_308,matsuura,lord_tk5_308,matsuura,lord_tk5_308,matsuura,-,-
clan_kuki_1,九鬼,九鬼,{=TAIKOU_clan_kuki_1}Kuki,Kuki,kinai,0,lord_tk5_279,org_pirate_kumanosuigun,lord_tk5_279,org_pirate_kumanosuigun,lord_tk5_279,org_pirate_kumanosuigun,lord_tk5_279,org_pirate_kumanosuigun,lord_tk5_279,org_pirate_kumanosuigun,lord_tk5_279,org_pirate_kumanosuigun
clan_kuki_2,九鬼,九鬼,{=TAIKOU_clan_kuki_2}Kuki,Kuki,kinai,0,lord_tk5_806,org_pirate_kumanosuigun,-,-,-,-,-,-,-,-,-,-
clan_kuki_3,九鬼,九鬼,{=TAIKOU_clan_kuki_3}Kuki,Kuki,kinai,0,-,-,-,-,-,-,-,-,-,-,lord_tk5_278,kuki
clan_kumaya_1,组屋,组屋,{=TAIKOU_clan_kumaya_1}Kumaya,Kumaya,neutral_culture,0,lord_tk5_287,org_merchant_kumiya,lord_tk5_287,org_merchant_kumiya,lord_tk5_287,org_merchant_kumiya,lord_tk5_287,org_merchant_kumiya,lord_tk5_287,org_merchant_kumiya,lord_tk5_287,org_merchant_kumiya
clan_kurada_1,藏田,藏田,{=TAIKOU_clan_kurada_1}Kurada,Kurada,neutral_culture,0,lord_tk5_289,org_merchant_echigoya,lord_tk5_289,org_merchant_echigoya,lord_tk5_289,org_merchant_echigoya,lord_tk5_289,org_merchant_echigoya,-,-,-,-
clan_kuroda_1,黑田,黑田,{=TAIKOU_clan_kuroda_1}Kuroda,Kuroda,kinai,0,-,-,-,-,lord_tk5_292,akamatsu,-,-,-,-,lord_tk5_293,kuroda
clan_kyoogoku_1,京极,京极,{=TAIKOU_clan_kyoogoku_1}Kyoogoku,Kyoogoku,kinai,0,lord_tk5_273,ashikaga,lord_tk5_273,ashikaga,lord_tk5_273,ashikaga,lord_tk5_273,oda,-,-,lord_tk5_271,kyoogoku
clan_kyoogoku_2,京极,京极,{=TAIKOU_clan_kyoogoku_2}Kyoogoku,Kyoogoku,kinai,0,-,-,-,-,-,-,-,-,-,-,lord_tk5_272,kyoogoku
clan_kyouzaka_1,胁坂,胁坂,{=TAIKOU_clan_kyouzaka_1}Kyouzaka,Kyouzaka,kinai,0,-,-,-,-,-,-,-,-,-,-,lord_tk5_793,kyouzaka
clan_maeda_1,前田,前田,{=TAIKOU_clan_maeda_1}Maeda,Maeda,kinai,0,lord_tk5_659,oda,lord_tk5_659,oda,lord_tk5_659,oda,lord_tk5_659,oda,lord_tk5_659,oda,lord_tk5_659,maeda
clan_masaki_1,正木,正木,{=TAIKOU_clan_masaki_1}Masaki,Masaki,kanto,0,lord_tk5_668,satomi,lord_tk5_668,satomi,lord_tk5_668,satomi,lord_tk5_668,satomi,-,-,-,-
clan_masuda_1,增田,增田,{=TAIKOU_clan_masuda_1}Masuda,Masuda,kanto,0,-,-,-,-,-,-,-,-,-,-,lord_tk5_670,toyotomi
clan_matsuda_1,松田,松田,{=TAIKOU_clan_matsuda_1}Matsuda,Matsuda,kanto,0,lord_tk5_678,hojo,-,-,-,-,-,-,-,-,-,-
clan_matsukura_1,松仓,松仓,{=TAIKOU_clan_matsukura_1}Matsukura,Matsukura,nankai,0,lord_tk5_674,tsutsui,lord_tk5_674,tsutsui,lord_tk5_674,tsutsui,lord_tk5_674,tsutsui,-,-,-,-
clan_matsunaga_1,松永,松永,{=TAIKOU_clan_matsunaga_1}Matsunaga,Matsunaga,kinai,0,lord_tk5_679,miyoshi,lord_tk5_679,miyoshi,lord_tk5_679,oda,lord_tk5_679,oda,-,-,-,-
clan_matsuura_1,松浦,松浦,{=TAIKOU_clan_matsuura_1}Matsuura,Matsuura,saikai,0,lord_tk5_684,matsuura,lord_tk5_684,matsuura,lord_tk5_684,matsuura,lord_tk5_684,matsuura,lord_tk5_684,matsuura,lord_tk5_683,matsuura
clan_michikawa_1,道川,道川,{=TAIKOU_clan_michikawa_1}Michikawa,Michikawa,neutral_culture,0,-,-,lord_tk5_540,org_merchant_kawafuneya,lord_tk5_540,org_merchant_kawafuneya,lord_tk5_540,org_merchant_kawafuneya,lord_tk5_540,org_merchant_kawafuneya,lord_tk5_540,org_merchant_kawafuneya
clan_mimura_1,三村,三村,{=TAIKOU_clan_mimura_1}Mimura,Mimura,sanyo,0,lord_tk5_696,mimura,lord_tk5_696,mimura,lord_tk5_697,mimura,-,-,-,-,-,-
clan_miyabe_1,宫部,宫部,{=TAIKOU_clan_miyabe_1}Miyabe,Miyabe,kinai,0,lord_tk5_698,azai,lord_tk5_698,azai,lord_tk5_698,azai,lord_tk5_698,oda,lord_tk5_698,oda,lord_tk5_698,miyabe
clan_miyamoto_1,宫本传,宫本传,{=TAIKOU_clan_miyamoto_1}Miyamoto,Miyamoto,neutral_culture,0,lord_tk5_699,org_pirate_shiwakusuigun,lord_tk5_699,org_pirate_shiwakusuigun,lord_tk5_699,org_pirate_shiwakusuigun,lord_tk5_699,org_pirate_shiwakusuigun,lord_tk5_699,org_pirate_shiwakusuigun,lord_tk5_699,org_pirate_shiwakusuigun
clan_miyoshi_1,三好,三好,{=TAIKOU_clan_miyoshi_1}Miyoshi,Miyoshi,nankai,0,lord_tk5_704,miyoshi,lord_tk5_704,miyoshi,-,-,-,-,-,-,-,-
clan_miyoshi_2,三好,三好,{=TAIKOU_clan_miyoshi_2}Miyoshi,Miyoshi,nankai,0,lord_tk5_708,miyoshi,lord_tk5_708,miyoshi,-,-,-,-,-,-,-,-
clan_miyoshi_3,三好,三好,{=TAIKOU_clan_miyoshi_3}Miyoshi,Miyoshi,nankai,0,lord_tk5_706,miyoshi,lord_tk5_706,miyoshi,lord_tk5_706,miyoshi,-,-,-,-,-,-
clan_miyoshi_4,三好,三好,{=TAIKOU_clan_miyoshi_4}Miyoshi,Miyoshi,nankai,0,-,-,-,-,lord_tk5_703,miyoshi,-,-,-,-,-,-
clan_miyoshi_5,三好,三好,{=TAIKOU_clan_miyoshi_5}Miyoshi,Miyoshi,nankai,0,-,-,-,-,lord_tk5_709,miyoshi,-,-,-,-,-,-
clan_mizoguchi_1,沟口,沟口,{=TAIKOU_clan_mizoguchi_1}Mizoguchi,Mizoguchi,hokuriku,0,-,-,-,-,-,-,-,-,-,-,lord_tk5_694,mizoguchi
clan_mizuno_1,水野,水野,{=TAIKOU_clan_mizuno_1}Mizuno,Mizuno,kanto,0,lord_tk5_691,imagawa,-,-,lord_tk5_691,tokugawa,lord_tk5_691,tokugawa,-,-,-,-
clan_mogami_1,最上,最上,{=TAIKOU_clan_mogami_1}Mogami,Mogami,ou,0,lord_tk5_725,mogami,lord_tk5_725,mogami,lord_tk5_725,mogami,-,-,-,-,-,-
clan_mogami_2,最上,最上,{=TAIKOU_clan_mogami_2}Mogami,Mogami,ou,0,lord_tk5_723,mogami,lord_tk5_723,mogami,lord_tk5_723,mogami,lord_tk5_723,mogami,lord_tk5_723,mogami,lord_tk5_723,mogami
clan_momochi_1,百地,百地,{=TAIKOU_clan_momochi_1}Momochi,Momochi,neutral_culture,0,lord_tk5_729,org_ninja_iga,lord_tk5_729,org_ninja_iga,lord_tk5_729,org_ninja_iga,lord_tk5_729,org_ninja_iga,lord_tk5_729,org_ninja_iga,-,-
clan_mori_1,毛利,毛利,{=TAIKOU_clan_mori_1}Mori,Mori,sanyo,0,lord_tk5_722,mori,lord_tk5_722,mori,lord_tk5_722,mori,-,-,-,-,-,-
clan_mori_2,毛利,毛利,{=TAIKOU_clan_mori_2}Mori,Mori,sanyo,0,lord_tk5_720,mori,-,-,-,-,lord_tk5_721,mori,lord_tk5_721,mori,lord_tk5_721,mori
clan_morii_1,森,森,{=TAIKOU_clan_morii_1}Morii,Morii,tokai,0,lord_tk5_735,oda,lord_tk5_735,oda,lord_tk5_735,oda,-,-,-,-,lord_tk5_731,morii
clan_mukaisei_1,向井,向井,{=TAIKOU_clan_mukaisei_1}Mukaisei,Mukaisei,neutral_culture,0,-,-,-,-,-,-,-,-,-,-,lord_tk5_710,org_pirate_kougun
clan_murakami_1,村上,村上,{=TAIKOU_clan_murakami_1}Murakami,Murakami,sanyo,0,lord_tk5_714,org_pirate_murakamisuigun,lord_tk5_714,org_pirate_murakamisuigun,lord_tk5_714,org_pirate_murakamisuigun,lord_tk5_714,org_pirate_murakamisuigun,lord_tk5_714,org_pirate_murakamisuigun,lord_tk5_715,org_pirate_murakamisuigun
clan_murakami_2,村上,村上,{=TAIKOU_clan_murakami_2}Murakami,Murakami,hokuriku,0,lord_tk5_716,uesugi,lord_tk5_716,uesugi,-,-,-,-,-,-,-,-
clan_murakami_3,村上,村上,{=TAIKOU_clan_murakami_3}Murakami,Murakami,hokuriku,0,lord_tk5_291,org_pirate_murakamisuigun,lord_tk5_291,org_pirate_murakamisuigun,-,-,-,-,-,-,-,-
clan_nabeshima_1,锅岛,锅岛,{=TAIKOU_clan_nabeshima_1}Nabeshima,Nabeshima,saikai,0,lord_tk5_548,ryuzoji,lord_tk5_548,ryuzoji,lord_tk5_548,ryuzoji,lord_tk5_548,ryuzoji,lord_tk5_548,ryuzoji,lord_tk5_548,nabeshima
clan_nakamura_1,中村,中村,{=TAIKOU_clan_nakamura_1}Nakamura,Nakamura,tokai,0,-,-,-,-,-,-,-,-,-,-,lord_tk5_539,nakamura
clan_nanbu_1,南部,南部,{=TAIKOU_clan_nanbu_1}Nanbu,Nanbu,ou,0,lord_tk5_557,nanbu,lord_tk5_557,nanbu,lord_tk5_557,nanbu,lord_tk5_557,nanbu,-,-,-,-
clan_nanbu_2,南部,南部,{=TAIKOU_clan_nanbu_2}Nanbu,Nanbu,ou,0,lord_tk5_556,nanbu,lord_tk5_556,nanbu,lord_tk5_556,nanbu,lord_tk5_556,nanbu,lord_tk5_556,nanbu,lord_tk5_556,nanbu
clan_naoe_1,直江,直江,{=TAIKOU_clan_naoe_1}Naoe,Naoe,hokuriku,0,lord_tk5_526,uesugi,lord_tk5_526,uesugi,lord_tk5_526,uesugi,lord_tk5_526,uesugi,lord_tk5_526,uesugi,lord_tk5_526,uesugi
clan_narita_1,成田,成田,{=TAIKOU_clan_narita_1}Narita,Narita,kanto,0,lord_tk5_550,hojo,-,-,lord_tk5_550,hojo,lord_tk5_550,hojo,lord_tk5_550,hojo,-,-
clan_narita_2,成田,成田,{=TAIKOU_clan_narita_2}Narita,Narita,kanto,0,lord_tk5_552,hojo,lord_tk5_552,uesugi,-,-,-,-,-,-,-,-
clan_nasa_1,奈佐,奈佐,{=TAIKOU_clan_nasa_1}Nasa,Nasa,neutral_culture,0,lord_tk5_543,org_pirate_tangosuigun,lord_tk5_543,org_pirate_tangosuigun,lord_tk5_543,org_pirate_tangosuigun,lord_tk5_543,org_pirate_tangosuigun,-,-,-,-
clan_nishikawa_1,西川,西川,{=TAIKOU_clan_nishikawa_1}Nishikawa,Nishikawa,neutral_culture,0,-,-,-,-,-,-,lord_tk5_559,org_merchant_yamagataya,lord_tk5_559,org_merchant_yamagataya,lord_tk5_559,org_merchant_yamagataya
clan_nishina_1,仁科,仁科,{=TAIKOU_clan_nishina_1}Nishina,Nishina,tosan,0,-,-,-,-,-,-,lord_tk5_560,takeda,lord_tk5_560,takeda,-,-
clan_niwa_1,丹羽,丹羽,{=TAIKOU_clan_niwa_1}Niwa,Niwa,kinai,0,lord_tk5_565,oda,lord_tk5_565,oda,lord_tk5_565,oda,lord_tk5_565,oda,lord_tk5_565,oda,lord_tk5_564,niwa
clan_notohatakeyama_1,畠山,畠山,{=TAIKOU_clan_notohatakeyama_1}Notohatakeyama,Notohatakeyama,hokuriku,0,lord_tk5_580,hatakeyama,lord_tk5_580,hatakeyama,-,-,-,-,-,-,-,-
clan_oda_1,织田,织田,{=TAIKOU_clan_oda_1}Oda,Oda,kinai,0,lord_tk5_195,oda,lord_tk5_195,oda,lord_tk5_195,oda,lord_tk5_195,oda,lord_tk5_195,oda,-,-
clan_oda_2,织田,织田,{=TAIKOU_clan_oda_2}Oda,Oda,kinai,0,lord_tk5_190,oda,-,-,-,-,lord_tk5_191,oda,lord_tk5_191,oda,-,-
clan_oda_3,织田,织田,{=TAIKOU_clan_oda_3}Oda,Oda,kinai,0,lord_tk5_194,oda,lord_tk5_194,oda,lord_tk5_194,oda,lord_tk5_194,oda,lord_tk5_194,oda,lord_tk5_196,oda
clan_oda_4,小田,小田,{=TAIKOU_clan_oda_4}Oda,Oda,kanto,0,lord_tk5_188,oda2,lord_tk5_188,oda2,lord_tk5_188,oda2,-,-,-,-,-,-
clan_oda_5,织田,织田,{=TAIKOU_clan_oda_5}Oda,Oda,kinai,0,-,-,-,-,-,-,lord_tk5_193,oda,-,-,-,-
clan_okabe_1,冈部,冈部,{=TAIKOU_clan_okabe_1}Okabe,Okabe,neutral_culture,0,lord_tk5_176,org_pirate_surugasuigun,lord_tk5_176,org_pirate_surugasuigun,lord_tk5_176,org_pirate_surugasuigun,lord_tk5_176,org_pirate_surugasuigun,-,-,-,-
clan_okubo_1,大久保,大久保,{=TAIKOU_clan_okubo_1}Okubo,Okubo,tokai,0,lord_tk5_156,imagawa,lord_tk5_156,imagawa,lord_tk5_156,tokugawa,lord_tk5_156,tokugawa,lord_tk5_156,tokugawa,lord_tk5_155,tokugawa
clan_okumura_1,冈本,冈本,{=TAIKOU_clan_okumura_1}Okumura,Okumura,kanto,0,lord_tk5_179,org_pirate_bousousuigun,lord_tk5_179,org_pirate_bousousuigun,lord_tk5_179,org_pirate_bousousuigun,lord_tk5_179,org_pirate_bousousuigun,lord_tk5_179,org_pirate_bousousuigun,-,-
clan_omura_1,大村,大村,{=TAIKOU_clan_omura_1}Omura,Omura,saikai,0,lord_tk5_172,ryuzoji,lord_tk5_172,ryuzoji,lord_tk5_172,ryuzoji,lord_tk5_172,ryuzoji,lord_tk5_172,ryuzoji,-,-
clan_oniniwa_1,鬼庭,鬼庭,{=TAIKOU_clan_oniniwa_1}Oniniwa,Oniniwa,ou,0,lord_tk5_199,date,lord_tk5_199,date,lord_tk5_199,date,lord_tk5_199,date,lord_tk5_199,date,-,-
clan_onodera_1,小野,小野,{=TAIKOU_clan_onodera_1}Onodera,Onodera,ou,0,-,-,-,-,-,-,-,-,lord_tk5_205,onodera,lord_tk5_205,onodera
clan_osafune_1,长船,长船,{=TAIKOU_clan_osafune_1}Osafune,Osafune,sanyo,0,lord_tk5_185,uragami,lord_tk5_185,uragami,lord_tk5_185,uragami,-,-,lord_tk5_185,ukita,-,-
clan_osaki_1,大崎,大崎,{=TAIKOU_clan_osaki_1}Osaki,Osaki,ou,0,lord_tk5_160,osaki,lord_tk5_160,osaki,lord_tk5_160,osaki,lord_tk5_160,osaki,lord_tk5_159,osaki,-,-
clan_otaa_1,太田,太田,{=TAIKOU_clan_otaa_1}Otaa,Otaa,kanto,0,lord_tk5_164,otaa,lord_tk5_164,otaa,lord_tk5_164,satake,-,-,-,-,-,-
clan_otomo_1,大友,大友,{=TAIKOU_clan_otomo_1}Otomo,Otomo,saikai,0,lord_tk5_167,otomo,lord_tk5_167,otomo,lord_tk5_167,otomo,lord_tk5_167,otomo,lord_tk5_167,otomo,-,-
clan_otsuki_1,大谷,大谷,{=TAIKOU_clan_otsuki_1}Otsuki,Otsuki,kinai,0,-,-,-,-,-,-,-,-,-,-,lord_tk5_165,otsuki
clan_ouchi_1,大内,大内,{=TAIKOU_clan_ouchi_1}Ouchi,Ouchi,ou,0,lord_tk5_152,ouchi,-,-,-,-,-,-,-,-,-,-
clan_rokkaku_1,六角,六角,{=TAIKOU_clan_rokkaku_1}Rokkaku,Rokkaku,kinai,0,lord_tk5_790,rokkaku,lord_tk5_790,rokkaku,-,-,-,-,-,-,-,-
clan_ryuzoji_1,龙造寺,龙造寺,{=TAIKOU_clan_ryuzoji_1}Ryuzoji,Ryuzoji,saikai,0,lord_tk5_785,ryuzoji,lord_tk5_785,ryuzoji,lord_tk5_785,ryuzoji,lord_tk5_785,ryuzoji,lord_tk5_785,ryuzoji,-,-
clan_sada_1,佐田,佐田,{=TAIKOU_clan_sada_1}Sada,Sada,neutral_culture,0,-,-,-,-,-,-,-,-,-,-,lord_tk5_350,org_ninja_gaibun
clan_saeki_1,佐伯,佐伯,{=TAIKOU_clan_saeki_1}Saeki,Saeki,saikai,0,lord_tk5_856,otomo,-,-,lord_tk5_856,otomo,lord_tk5_856,otomo,-,-,-,-
clan_saeki_2,佐伯,佐伯,{=TAIKOU_clan_saeki_2}Saeki,Saeki,saikai,0,-,-,-,-,-,-,-,-,lord_tk5_329,otomo,-,-
clan_sagara_1,相良,相良,{=TAIKOU_clan_sagara_1}Sagara,Sagara,saikai,0,lord_tk5_823,sagara,-,-,-,-,-,-,-,-,-,-
clan_sagara_2,相良,相良,{=TAIKOU_clan_sagara_2}Sagara,Sagara,saikai,0,lord_tk5_337,sagara,lord_tk5_337,sagara,lord_tk5_337,sagara,lord_tk5_337,sagara,lord_tk5_338,sagara,lord_tk5_338,sagara
clan_saionji_1,西园寺,西园寺,{=TAIKOU_clan_saionji_1}Saionji,Saionji,nankai,0,lord_tk5_320,kawano,lord_tk5_320,kawano,lord_tk5_320,kawano,lord_tk5_320,otomo,lord_tk5_320,otomo,-,-
clan_saitoo_1,斋藤,斋藤,{=TAIKOU_clan_saitoo_1}Saitoo,Saitoo,tokai,0,lord_tk5_324,saitoo,-,-,-,-,-,-,-,-,-,-
clan_saitoo_2,斋藤,斋藤,{=TAIKOU_clan_saitoo_2}Saitoo,Saitoo,tokai,0,lord_tk5_327,saitoo,lord_tk5_327,saitoo,-,-,-,-,-,-,-,-
clan_sakai_1,酒井,酒井,{=TAIKOU_clan_sakai_1}Sakai,Sakai,tokai,0,lord_tk5_332,imagawa,-,-,-,-,lord_tk5_332,tokugawa,lord_tk5_332,tokugawa,-,-
clan_sakata_1,坂田,坂田,{=TAIKOU_clan_sakata_1}Sakata,Sakata,sanyo,0,lord_tk5_121,org_merchant_sakataya,lord_tk5_121,org_merchant_sakataya,lord_tk5_121,org_merchant_sakataya,lord_tk5_121,org_merchant_sakataya,-,-,-,-
clan_sako_1,饭富,饭富,{=TAIKOU_clan_sako_1}Sako,Sako,tosan,0,lord_tk5_208,takeda,lord_tk5_208,takeda,-,-,-,-,-,-,-,-
clan_sanada_1,真田,真田,{=TAIKOU_clan_sanada_1}Sanada,Sanada,tosan,0,lord_tk5_360,takeda,lord_tk5_360,takeda,lord_tk5_360,takeda,lord_tk5_356,takeda,-,-,-,-
clan_sanada_2,真田,真田,{=TAIKOU_clan_sanada_2}Sanada,Sanada,tosan,0,lord_tk5_359,takeda,lord_tk5_359,takeda,lord_tk5_359,takeda,-,-,lord_tk5_359,takeda,lord_tk5_359,sanada
clan_sarutobi_1,猿飞,猿飞,{=TAIKOU_clan_sarutobi_1}Sarutobi,Sarutobi,neutral_culture,0,-,-,-,-,-,-,-,-,-,-,lord_tk5_364,org_ninja_kouka
clan_sassa_1,佐佐,佐佐,{=TAIKOU_clan_sassa_1}Sassa,Sassa,hokuriku,0,-,-,-,-,-,-,-,-,lord_tk5_351,oda,-,-
clan_satake_1,佐竹,佐竹,{=TAIKOU_clan_satake_1}Satake,Satake,kanto,0,lord_tk5_346,satake,lord_tk5_346,satake,-,-,-,-,-,-,-,-
clan_satake_2,佐竹,佐竹,{=TAIKOU_clan_satake_2}Satake,Satake,kanto,0,lord_tk5_347,satake,lord_tk5_347,satake,lord_tk5_347,satake,lord_tk5_347,satake,lord_tk5_347,satake,lord_tk5_348,satake
clan_satomi_1,里见,里见,{=TAIKOU_clan_satomi_1}Satomi,Satomi,kanto,0,lord_tk5_352,satomi,lord_tk5_352,satomi,lord_tk5_352,satomi,lord_tk5_353,satomi,-,-,-,-
clan_satomi_2,里见,里见,{=TAIKOU_clan_satomi_2}Satomi,Satomi,kanto,0,lord_tk5_355,satomi,lord_tk5_355,satomi,lord_tk5_355,satomi,lord_tk5_355,satomi,lord_tk5_355,satomi,lord_tk5_354,satomi
clan_seiki_1,世鬼,世鬼,{=TAIKOU_clan_seiki_1}Seiki,Seiki,neutral_culture,0,lord_tk5_423,org_ninja_gaibun,lord_tk5_423,org_ninja_gaibun,lord_tk5_423,org_ninja_gaibun,lord_tk5_423,org_ninja_gaibun,lord_tk5_423,org_ninja_gaibun,-,-
clan_seki_1,关,关,{=TAIKOU_clan_seki_1}Seki,Seki,kinai,0,lord_tk5_424,kitabatake,lord_tk5_424,kitabatake,lord_tk5_424,kitabatake,-,-,-,-,-,-
clan_shiba_1,斯波,斯波,{=TAIKOU_clan_shiba_1}Shiba,Shiba,ou,0,lord_tk5_378,shiba,lord_tk5_378,shiba,lord_tk5_378,shiba,lord_tk5_378,shiba,lord_tk5_377,shiba,-,-
clan_shibata_1,柴田,柴田,{=TAIKOU_clan_shibata_1}Shibata,Shibata,kinai,0,lord_tk5_379,oda,lord_tk5_379,oda,lord_tk5_379,oda,lord_tk5_379,oda,lord_tk5_379,oda,-,-
clan_shibata_2,新发田,新发田,{=TAIKOU_clan_shibata_2}Shibata,Shibata,hokuriku,0,lord_tk5_382,uesugi,lord_tk5_382,uesugi,lord_tk5_382,uesugi,lord_tk5_382,uesugi,-,-,-,-
clan_shibuya_1,涩谷,涩谷,{=TAIKOU_clan_shibuya_1}Shibuya,Shibuya,neutral_culture,0,lord_tk5_384,org_merchant_oonishiya,lord_tk5_384,org_merchant_oonishiya,lord_tk5_384,org_merchant_oonishiya,lord_tk5_384,org_merchant_oonishiya,lord_tk5_384,org_merchant_oonishiya,lord_tk5_384,org_merchant_oonishiya
clan_shiga_1,志贺,志贺,{=TAIKOU_clan_shiga_1}Shiga,Shiga,saikai,0,lord_tk5_369,otomo,lord_tk5_369,otomo,lord_tk5_369,otomo,lord_tk5_369,otomo,lord_tk5_369,otomo,-,-
clan_shiina_1,椎名,椎名,{=TAIKOU_clan_shiina_1}Shiina,Shiina,hokuriku,0,-,-,-,-,lord_tk5_367,shiina,lord_tk5_367,shiina,-,-,-,-
clan_shimae_1,岛井,岛井,{=TAIKOU_clan_shimae_1}Shimae,Shimae,neutral_culture,0,lord_tk5_385,org_merchant_hakataya,lord_tk5_385,org_merchant_hakataya,lord_tk5_385,org_merchant_hakataya,lord_tk5_385,org_merchant_hakataya,lord_tk5_385,org_merchant_hakataya,lord_tk5_385,org_merchant_hakataya
clan_shimazu_1,岛津,岛津,{=TAIKOU_clan_shimazu_1}Shimazu,Shimazu,saikai,0,lord_tk5_389,shimazu,lord_tk5_389,shimazu,lord_tk5_389,shimazu,lord_tk5_394,shimazu,lord_tk5_394,shimazu,-,-
clan_shimazu_2,岛津,岛津,{=TAIKOU_clan_shimazu_2}Shimazu,Shimazu,saikai,0,lord_tk5_395,shimazu,lord_tk5_395,shimazu,lord_tk5_395,shimazu,lord_tk5_395,shimazu,lord_tk5_395,shimazu,lord_tk5_395,shimazu
clan_shimazu_3,岛津,岛津,{=TAIKOU_clan_shimazu_3}Shimazu,Shimazu,saikai,0,lord_tk5_387,shimazu,lord_tk5_387,shimazu,lord_tk5_387,shimazu,lord_tk5_387,shimazu,lord_tk5_387,shimazu,-,-
clan_shimazu_4,岛津,岛津,{=TAIKOU_clan_shimazu_4}Shimazu,Shimazu,saikai,0,lord_tk5_393,shimazu,-,-,-,-,-,-,-,-,-,-
clan_shimizu_1,清水,清水,{=TAIKOU_clan_shimizu_1}Shimizu,Shimizu,sanyo,0,lord_tk5_396,mimura,lord_tk5_396,mori,lord_tk5_396,mori,lord_tk5_396,mori,lord_tk5_396,mori,-,-
clan_shishido_1,宍户,宍户,{=TAIKOU_clan_shishido_1}Shishido,Shishido,sanyo,0,lord_tk5_371,mori,lord_tk5_371,mori,lord_tk5_371,mori,lord_tk5_371,mori,lord_tk5_371,mori,-,-
clan_shouni_1,少贰,少贰,{=TAIKOU_clan_shouni_1}Shouni,Shouni,saikai,0,lord_tk5_809,shouni,-,-,-,-,-,-,-,-,-,-
clan_sogo_1,十河,十河,{=TAIKOU_clan_sogo_1}Sogo,Sogo,nankai,0,lord_tk5_431,miyoshi,lord_tk5_431,miyoshi,-,-,-,-,-,-,-,-
clan_sogo_2,十河,十河,{=TAIKOU_clan_sogo_2}Sogo,Sogo,nankai,0,-,-,-,-,-,-,lord_tk5_432,sogo,lord_tk5_432,sogo,-,-
clan_soma_1,相马,相马,{=TAIKOU_clan_soma_1}Soma,Soma,ou,0,lord_tk5_427,soma,lord_tk5_427,soma,lord_tk5_427,soma,lord_tk5_427,soma,lord_tk5_427,soma,lord_tk5_428,soma
clan_soo_1,宗,宗,{=TAIKOU_clan_soo_1}Soo,Soo,saikai,0,lord_tk5_429,soo,lord_tk5_429,soo,lord_tk5_429,soo,lord_tk5_429,soo,lord_tk5_429,soo,-,-
clan_soo_2,宗,宗,{=TAIKOU_clan_soo_2}Soo,Soo,saikai,0,-,-,-,-,-,-,-,-,-,-,lord_tk5_430,soo
clan_sueyoshi_1,末吉,末吉,{=TAIKOU_clan_sueyoshi_1}Sueyoshi,Sueyoshi,neutral_culture,0,-,-,-,-,-,-,-,-,lord_tk5_288,org_merchant_heiyaya,lord_tk5_288,org_merchant_heiyaya
clan_sugata_1,菅,菅,{=TAIKOU_clan_sugata_1}Sugata,Sugata,neutral_culture,0,-,-,-,-,-,-,-,-,-,-,lord_tk5_251,org_pirate_awajisuigun
clan_suginoboo_1,杉之坊,杉之坊,{=TAIKOU_clan_suginoboo_1}Suginoboo,Suginoboo,kinai,0,-,-,-,-,lord_tk5_412,org_ninja_negoro,lord_tk5_412,org_ninja_negoro,lord_tk5_412,org_ninja_negoro,lord_tk5_412,org_ninja_negoro
clan_sugiya_1,小野,小野,{=TAIKOU_clan_sugiya_1}Sugiya,Sugiya,ou,0,lord_tk5_204,onodera,lord_tk5_204,onodera,lord_tk5_204,onodera,lord_tk5_204,onodera,-,-,-,-
clan_sumikura_1,角仓,角仓,{=TAIKOU_clan_sumikura_1}Sumikura,Sumikura,neutral_culture,0,-,-,-,-,-,-,lord_tk5_420,org_merchant_kadokuraya,lord_tk5_420,org_merchant_kadokuraya,lord_tk5_420,org_merchant_kadokuraya
clan_sumiya_1,角屋,角屋,{=TAIKOU_clan_sumiya_1}Sumiya,Sumiya,neutral_culture,0,lord_tk5_682,org_merchant_sumiya,lord_tk5_682,org_merchant_sumiya,lord_tk5_682,org_merchant_sumiya,lord_tk5_682,org_merchant_sumiya,lord_tk5_682,org_merchant_sumiya,lord_tk5_682,org_merchant_sumiya
clan_suzuki_1,铃木佐,铃木佐,{=TAIKOU_clan_suzuki_1}Suzuki,Suzuki,kinai,0,lord_tk5_413,honganji,lord_tk5_413,honganji,lord_tk5_413,honganji,lord_tk5_413,honganji,lord_tk5_413,suzukii,-,-
clan_tachibana_1,立花,立花,{=TAIKOU_clan_tachibana_1}Tachibana,Tachibana,saikai,0,lord_tk5_456,otomo,lord_tk5_456,otomo,lord_tk5_456,otomo,lord_tk5_456,otomo,lord_tk5_456,otomo,-,-
clan_tachibana_2,立花,立花,{=TAIKOU_clan_tachibana_2}Tachibana,Tachibana,saikai,0,-,-,-,-,-,-,-,-,-,-,lord_tk5_458,tachibana
clan_takahashi_1,高桥,高桥,{=TAIKOU_clan_takahashi_1}Takahashi,Takahashi,saikai,0,-,-,lord_tk5_439,otomo,-,-,-,-,-,-,-,-
clan_takanashi_1,高梨,高梨,{=TAIKOU_clan_takanashi_1}Takanashi,Takanashi,hokuriku,0,-,-,lord_tk5_437,uesugi,-,-,-,-,-,-,-,-
clan_takayama_1,高山,高山,{=TAIKOU_clan_takayama_1}Takayama,Takayama,kinai,0,lord_tk5_441,miyoshi,-,-,-,-,lord_tk5_441,oda,-,-,-,-
clan_takeda_1,武田,武田,{=TAIKOU_clan_takeda_1}Takeda,Takeda,tosan,0,lord_tk5_449,takeda,lord_tk5_449,takeda,lord_tk5_449,takeda,-,-,-,-,-,-
clan_takeda_2,武田,武田,{=TAIKOU_clan_takeda_2}Takeda,Takeda,tosan,0,lord_tk5_450,takeda,lord_tk5_450,takeda,lord_tk5_447,takeda,lord_tk5_447,takeda,lord_tk5_447,takeda,-,-
clan_takeda_3,武田,武田,{=TAIKOU_clan_takeda_3}Takeda,Takeda,tosan,0,lord_tk5_448,takeda,lord_tk5_448,takeda,lord_tk5_448,takeda,-,-,-,-,-,-
clan_takenaka_1,竹中,竹中,{=TAIKOU_clan_takenaka_1}Takenaka,Takenaka,tokai,0,lord_tk5_455,saitoo,lord_tk5_455,saitoo,-,-,-,-,-,-,-,-
clan_takigawa_1,泷川,泷川,{=TAIKOU_clan_takigawa_1}Takigawa,Takigawa,kinai,0,-,-,-,-,lord_tk5_442,oda,-,-,-,-,-,-
clan_tanaka_1,田中,田中,{=TAIKOU_clan_tanaka_1}Tanaka,Tanaka,neutral_culture,0,-,-,-,-,-,-,-,-,-,-,lord_tk5_468,tanaka
clan_tanegashima_1,种子岛,种子岛,{=TAIKOU_clan_tanegashima_1}Tanegashima,Tanegashima,saikai,0,lord_tk5_470,shimazu,lord_tk5_470,shimazu,lord_tk5_470,shimazu,lord_tk5_470,shimazu,-,-,-,-
clan_tarou_1,多罗尾,多罗尾,{=TAIKOU_clan_tarou_1}Tarou,Tarou,neutral_culture,0,lord_tk5_473,org_ninja_kouka,lord_tk5_473,org_ninja_kouka,lord_tk5_473,org_ninja_kouka,lord_tk5_473,org_ninja_kouka,lord_tk5_473,org_ninja_kouka,-,-
clan_todo_1,藤堂,藤堂,{=TAIKOU_clan_todo_1}Todo,Todo,saikai,0,-,-,-,-,-,-,-,-,-,-,lord_tk5_499,todo
clan_togawa_1,户川,户川,{=TAIKOU_clan_togawa_1}Togawa,Togawa,sanyo,0,lord_tk5_502,uragami,lord_tk5_502,uragami,lord_tk5_502,uragami,lord_tk5_502,uragami,lord_tk5_502,ukita,-,-
clan_tokugawa_1,德川,德川,{=TAIKOU_clan_tokugawa_1}Tokugawa,Tokugawa,tokai,0,lord_tk5_506,imagawa,lord_tk5_506,imagawa,lord_tk5_506,tokugawa,lord_tk5_506,tokugawa,lord_tk5_506,tokugawa,lord_tk5_506,tokugawa
clan_tokugawa_2,德川,德川,{=TAIKOU_clan_tokugawa_2}Tokugawa,Tokugawa,tokai,0,-,-,-,-,-,-,lord_tk5_507,tokugawa,-,-,lord_tk5_508,tokugawa
clan_tomita_1,富田,富田,{=TAIKOU_clan_tomita_1}Tomita,Tomita,hokuriku,0,lord_tk5_510,asakura,lord_tk5_510,asakura,lord_tk5_510,asakura,-,-,-,-,-,-
clan_tomono_1,友野,友野,{=TAIKOU_clan_tomono_1}Tomono,Tomono,neutral_culture,0,lord_tk5_576,org_merchant_tomonoya,lord_tk5_576,org_merchant_tomonoya,lord_tk5_576,org_merchant_tomonoya,-,-,-,-,-,-
clan_tsuda_1,津田,津田,{=TAIKOU_clan_tsuda_1}Tsuda,Tsuda,kinai,0,lord_tk5_418,org_merchant_tennoujiya,lord_tk5_418,org_merchant_tennoujiya,lord_tk5_418,org_merchant_tennoujiya,lord_tk5_418,org_merchant_tennoujiya,lord_tk5_418,org_merchant_tennoujiya,-,-
clan_tsuda_2,津田,津田,{=TAIKOU_clan_tsuda_2}Tsuda,Tsuda,kinai,0,lord_tk5_851,org_ninja_negoro,lord_tk5_851,org_ninja_negoro,-,-,-,-,-,-,-,-
clan_tsuda_3,津田,津田,{=TAIKOU_clan_tsuda_3}Tsuda,Tsuda,kinai,0,lord_tk5_849,org_merchant_tennoujiya,lord_tk5_849,org_merchant_tennoujiya,-,-,-,-,-,-,-,-
clan_tsugaru_1,津轻,津轻,{=TAIKOU_clan_tsugaru_1}Tsugaru,Tsugaru,ou,0,lord_tk5_488,nanbu,lord_tk5_488,nanbu,lord_tk5_488,nanbu,lord_tk5_488,nanbu,lord_tk5_488,nanbu,lord_tk5_488,tsugaru
clan_tsutsui_1,筒井,筒井,{=TAIKOU_clan_tsutsui_1}Tsutsui,Tsutsui,kinai,0,lord_tk5_493,tsutsui,lord_tk5_493,tsutsui,lord_tk5_493,tsutsui,lord_tk5_493,tsutsui,lord_tk5_493,oda,-,-
clan_tsutsui_2,筒井,筒井,{=TAIKOU_clan_tsutsui_2}Tsutsui,Tsutsui,kinai,0,-,-,-,-,-,-,-,-,-,-,lord_tk5_492,tsutsui
clan_uesugi_1,上杉,上杉,{=TAIKOU_clan_uesugi_1}Uesugi,Uesugi,hokuriku,0,lord_tk5_119,uesugi,lord_tk5_119,uesugi,lord_tk5_119,uesugi,lord_tk5_119,uesugi,-,-,-,-
clan_uesugi_2,上杉,上杉,{=TAIKOU_clan_uesugi_2}Uesugi,Uesugi,hokuriku,0,lord_tk5_528,uesugi,-,-,-,-,-,-,lord_tk5_116,uesugi,lord_tk5_116,uesugi
clan_ujiie_1,氏家,氏家,{=TAIKOU_clan_ujiie_1}Ujiie,Ujiie,ou,0,lord_tk5_129,saitoo,-,-,-,-,-,-,-,-,-,-
clan_ujiie_2,氏家,氏家,{=TAIKOU_clan_ujiie_2}Ujiie,Ujiie,ou,0,lord_tk5_131,mogami,-,-,-,-,-,-,-,-,-,-
clan_ukita_1,宇喜多,宇喜多,{=TAIKOU_clan_ukita_1}Ukita,Ukita,sanyo,0,lord_tk5_124,uragami,lord_tk5_124,uragami,lord_tk5_124,uragami,lord_tk5_124,uragami,lord_tk5_125,ukita,lord_tk5_125,ukita
clan_ukita_2,宇喜多,宇喜多,{=TAIKOU_clan_ukita_2}Ukita,Ukita,sanyo,0,lord_tk5_123,uragami,lord_tk5_123,uragami,lord_tk5_123,uragami,lord_tk5_123,uragami,lord_tk5_123,ukita,-,-
clan_uku_1,宇久,宇久,{=TAIKOU_clan_uku_1}Uku,Uku,neutral_culture,0,lord_tk5_126,org_pirate_gotousuigun,lord_tk5_126,org_pirate_gotousuigun,lord_tk5_126,org_pirate_gotousuigun,lord_tk5_126,org_pirate_gotousuigun,-,-,lord_tk5_857,org_pirate_gotousuigun
clan_uku_2,宇久,宇久,{=TAIKOU_clan_uku_2}Uku,Uku,neutral_culture,0,-,-,-,-,-,-,-,-,lord_tk5_127,org_pirate_gotousuigun,-,-
clan_uno_1,宇野,宇野,{=TAIKOU_clan_uno_1}Uno,Uno,neutral_culture,0,lord_tk5_111,org_merchant_toraya,lord_tk5_111,org_merchant_toraya,lord_tk5_111,org_merchant_toraya,lord_tk5_111,org_merchant_toraya,lord_tk5_111,org_merchant_toraya,-,-
clan_uragami_1,浦上,浦上,{=TAIKOU_clan_uragami_1}Uragami,Uragami,sanyo,0,lord_tk5_140,uragami,lord_tk5_140,uragami,lord_tk5_140,uragami,lord_tk5_140,uragami,-,-,-,-
clan_usami_1,宇佐美,宇佐美,{=TAIKOU_clan_usami_1}Usami,Usami,neutral_culture,0,lord_tk5_128,uesugi,lord_tk5_128,uesugi,-,-,-,-,-,-,-,-
clan_utono_1,鹈殿,鹈殿,{=TAIKOU_clan_utono_1}Utono,Utono,tosan,0,lord_tk5_138,imagawa,lord_tk5_138,imagawa,-,-,-,-,lord_tk5_137,tokugawa,-,-
clan_utsunomiya_1,宇都宫,宇都宫,{=TAIKOU_clan_utsunomiya_1}Utsunomiya,Utsunomiya,kanto,0,lord_tk5_136,utsunomiya,lord_tk5_136,utsunomiya,lord_tk5_136,utsunomiya,lord_tk5_136,utsunomiya,lord_tk5_135,utsunomiya,-,-
clan_wada_1,和田,和田,{=TAIKOU_clan_wada_1}Wada,Wada,kinai,0,-,-,-,-,lord_tk5_796,oda,-,-,-,-,-,-
clan_wakabayashi_1,若林,若林,{=TAIKOU_clan_wakabayashi_1}Wakabayashi,Wakabayashi,neutral_culture,0,lord_tk5_792,org_pirate_bungosuigun,lord_tk5_792,org_pirate_bungosuigun,lord_tk5_792,org_pirate_bungosuigun,lord_tk5_792,org_pirate_bungosuigun,lord_tk5_792,org_pirate_bungosuigun,-,-
clan_yamamoto_1,山本,山本,{=TAIKOU_clan_yamamoto_1}Yamamoto,Yamamoto,nankai,0,lord_tk5_761,takeda,lord_tk5_761,takeda,-,-,-,-,-,-,-,-
clan_yamana_1,山名,山名,{=TAIKOU_clan_yamana_1}Yamana,Yamana,kinai,0,lord_tk5_758,yamana,lord_tk5_758,yamana,lord_tk5_758,yamana,lord_tk5_758,yamana,-,-,-,-
clan_yamanaka_1,山中,山中,{=TAIKOU_clan_yamanaka_1}Yamanaka,Yamanaka,sanyo,0,lord_tk5_756,amago,lord_tk5_756,amago,-,-,-,-,-,-,-,-
clan_yamauchi_1,山内,山内,{=TAIKOU_clan_yamauchi_1}Yamauchi,Yamauchi,tokai,0,-,-,-,-,-,-,-,-,-,-,lord_tk5_760,yamauchi
clan_yanada_1,梁田,梁田,{=TAIKOU_clan_yanada_1}Yanada,Yanada,neutral_culture,0,lord_tk5_782,org_merchant_yanadaya,lord_tk5_782,org_merchant_yanadaya,lord_tk5_782,org_merchant_yanadaya,lord_tk5_782,org_merchant_yanadaya,lord_tk5_782,org_merchant_yanadaya,lord_tk5_782,org_merchant_yanadaya
clan_yanagihara_1,柳原,柳原,{=TAIKOU_clan_yanagihara_1}Yanagihara,Yanagihara,neutral_culture,0,lord_tk5_749,org_ninja_kurohabaki,lord_tk5_749,org_ninja_kurohabaki,lord_tk5_749,org_ninja_kurohabaki,lord_tk5_749,org_ninja_kurohabaki,lord_tk5_749,org_ninja_kurohabaki,lord_tk5_749,org_ninja_kurohabaki
clan_yodoya_1,淀屋,淀屋,{=TAIKOU_clan_yodoya_1}Yodoya,Yodoya,neutral_culture,0,-,-,-,-,-,-,-,-,lord_tk5_781,org_merchant_denya,lord_tk5_781,org_merchant_denya
clan_yuki_1,结城,结城,{=TAIKOU_clan_yuki_1}Yuki,Yuki,kanto,0,lord_tk5_765,yuki,-,-,-,-,-,-,-,-,-,-
clan_yuki_2,结城,结城,{=TAIKOU_clan_yuki_2}Yuki,Yuki,kanto,0,-,-,lord_tk5_763,yuki,lord_tk5_763,yuki,lord_tk5_763,yuki,lord_tk5_763,yuki,-,-
clan_yuki_3,结城,结城,{=TAIKOU_clan_yuki_3}Yuki,Yuki,kanto,0,-,-,-,-,-,-,-,-,-,-,lord_tk5_764,yuki
