id,TK5Type,Name_All,TK5_X,TK5_Y,MOD_X,MOD_Y,Name_1554,Owner_1554,Clan_1554,Soldiers_1554,Name_1560,Owner_1560,Clan_1560,Soldiers_1560,Name_1568,Owner_1568,Clan_1568,Soldiers_1568,Name_1575,Owner_1575,Clan_1575,Soldiers_1575,Name_1582,Owner_1582,Clan_1582,Soldiers_1582,Name_1598,Owner_1598,Clan_1598,Soldiers_1598
town_tk000,城,胜山馆|松前城,383,52,1780.1,1044.6,胜山馆,lord_2_kakizaki,clan_kakizaki_2,5200,胜山馆,lord_2_kakizaki,clan_kakizaki_2,5800,胜山馆,lord_2_kakizaki,clan_kakizaki_2,7400,胜山馆,lord_2_kakizaki,clan_kakizaki_2,8600,胜山馆,lord_2_kakizaki,clan_kakizaki_2,9800,松前城,lord_2_kakizaki_2,clan_kakizaki_2,14000
town_tk001,城,大浦城,383,73,1780.2,934.5,大浦城,lord_1_nanbu,clan_nanbu_1,5200,大浦城,lord_1_tsugaru_tamenobu,clan_tsugaru_1,5800,大浦城,lord_1_tsugaru_tamenobu,clan_tsugaru_1,7400,大浦城,lord_1_tsugaru_tamenobu,clan_tsugaru_1,8600,大浦城,lord_1_tsugaru_tamenobu,clan_tsugaru_1,11600,大浦城,lord_1_tsugaru_tamenobu,clan_tsugaru_1,14000
town_tk002,城,八户城,405,84,1872.7,882.9,八户城,lord_1_nanbu,clan_nanbu_1,4000,八户城,lord_1_nanbu,clan_nanbu_1,4000,八户城,lord_1_nanbu,clan_nanbu_1,5600,八户城,lord_1_nanbu,clan_nanbu_1,7000,八户城,lord_1_nanbu_2,clan_nanbu_1,8000,八户城,lord_1_nanbu_2,clan_nanbu_1,12000
town_tk003,城,三户城,398,86,1841.0,874.0,三户城,lord_1_nanbu,clan_nanbu_1,6400,三户城,lord_1_nanbu,clan_nanbu_1,7600,三户城,lord_1_nanbu,clan_nanbu_1,9200,三户城,lord_1_nanbu,clan_nanbu_1,10200,三户城,lord_1_nanbu_2,clan_nanbu_1,11600,三户城,lord_1_nanbu_2,clan_nanbu_1,14000
town_tk004,城,九户城,400,94,1846.6,837.1,九户城,lord_1_konohe,clan_konohe_1,5200,九户城,lord_1_konohe,clan_konohe_1,5800,九户城,lord_1_konohe,clan_konohe_1,7400,九户城,lord_1_konohe,clan_konohe_1,8600,九户城,lord_1_konohe,clan_konohe_1,9800,九户城,lord_1_nanbu_2,clan_nanbu_1,12000
town_tk005,城,不来方城|盛冈城,388,101,1790.8,805.4,不来方城,lord_1_nanbu,clan_nanbu_1,6400,不来方城,lord_1_nanbu,clan_nanbu_1,7600,不来方城,lord_1_nanbu,clan_nanbu_1,9200,不来方城,lord_1_nanbu,clan_nanbu_1,10200,不来方城,lord_1_nanbu_2,clan_nanbu_1,11600,盛冈城,lord_1_nanbu_2,clan_nanbu_1,16000
town_tk006,城,高水寺城,390,105,1798.0,786.9,高水寺城,lord_1_shiba,clan_shiba_1,5200,高水寺城,lord_1_shiba,clan_shiba_1,5800,高水寺城,lord_1_shiba,clan_shiba_1,7400,高水寺城,lord_1_shiba,clan_shiba_1,8600,高水寺城,lord_1_shiba_2,clan_shiba_1,9800,高水寺城,lord_1_nanbu_2,clan_nanbu_1,12000
town_tk007,城,岩出山城,376,126,1727.7,690.9,岩出山城,lord_1_ichikuri_bangyu,clan_ichikuri_1,4000,岩出山城,lord_1_ichikuri_bangyu,clan_ichikuri_1,4000,岩出山城,lord_1_ichikuri_bangyu,clan_ichikuri_1,7400,岩出山城,lord_1_ichikuri_bangyu,clan_ichikuri_1,8600,岩出山城,lord_1_ichikuri_bangyu,clan_ichikuri_1,9800,岩出山城,lord_1_date_6,clan_date_1,12000
town_tk008,城,寺池城,382,129,1753.0,676.8,寺池城,lord_1_kasai,clan_kasai_1,5200,寺池城,lord_1_kasai,clan_kasai_1,5800,寺池城,lord_1_kasai,clan_kasai_1,7400,寺池城,lord_1_kasai,clan_kasai_1,8600,寺池城,lord_1_kasai,clan_kasai_1,9800,寺池城,lord_1_date_6,clan_date_1,12000
town_tk009,城,名生城,372,128,1709.3,681.8,名生城,lord_1_osaki_1,clan_osaki_1,5200,名生城,lord_1_osaki_1,clan_osaki_1,5800,名生城,lord_1_osaki_1,clan_osaki_1,7400,名生城,lord_1_osaki_1,clan_osaki_1,8600,名生城,lord_1_osaki,clan_osaki_1,9800,名生城,lord_1_date_6,clan_date_1,12000
town_tk010,城,仙台城,371,136,1701.6,645.1,仙台城,lord_1_date_2,clan_date_1,6400,仙台城,lord_1_date_2,clan_date_1,7600,仙台城,lord_1_date,clan_date_1,9200,仙台城,lord_1_date,clan_date_1,10200,仙台城,lord_1_date,clan_date_1,11600,仙台城,lord_1_date_6,clan_date_1,18000
town_tk011,城,白石城,363,141,1664.3,622.4,白石城,lord_1_date_2,clan_date_1,4000,白石城,lord_1_date_2,clan_date_1,4000,白石城,lord_1_date,clan_date_1,7400,白石城,lord_1_date,clan_date_1,8600,白石城,lord_1_date,clan_date_1,9800,白石城,lord_1_shiraishi_munetoshi,clan_shiraishi_1,14000
town_tk012,城,凑城,364,91,1698.1,847.2,凑城,lord_1_ando,clan_ando_1,5200,凑城,lord_1_ando,clan_ando_1,5800,凑城,lord_1_ando,clan_ando_1,7400,凑城,lord_1_ando,clan_ando_1,8600,凑城,lord_1_ando,clan_ando_1,9800,凑城,lord_1_akita_sanesue,clan_akita_1,12000
town_tk013,城,桧山城,368,82,1710.4,893.7,桧山城,lord_1_ando,clan_ando_1,5200,桧山城,lord_1_ando,clan_ando_1,5800,桧山城,lord_1_ando,clan_ando_1,7400,桧山城,lord_1_ando,clan_ando_1,10200,桧山城,lord_1_ando,clan_ando_1,11600,桧山城,lord_1_akita_sanesue,clan_akita_1,14000
town_tk014,城,角馆城,373,100,1725.1,810.7,角馆城,lord_1_ando,clan_ando_1,5200,角馆城,lord_1_ando,clan_ando_1,5800,角馆城,lord_1_ando,clan_ando_1,7400,角馆城,lord_1_ando,clan_ando_1,8600,角馆城,lord_1_ando,clan_ando_1,9800,角馆城,lord_1_akita_sanesue,clan_akita_1,12000
town_tk015,城,横手城,372,106,1718.2,783.1,横手城,lord_1_sugiya_kagemune,clan_sugiya_1,6400,横手城,lord_1_sugiya_kagemune,clan_sugiya_1,7600,横手城,lord_1_sugiya_kagemune,clan_sugiya_1,9200,横手城,lord_1_sugiya_kagemune,clan_sugiya_1,10200,横手城,lord_1_onodera_3,clan_onodera_1,11600,横手城,lord_1_onodera_3,clan_onodera_1,14000
town_tk016,城,山形城,355,131,1633.1,668.8,山形城,lord_1_mogami,clan_mogami_1,6400,山形城,lord_1_mogami,clan_mogami_1,7600,山形城,lord_1_mogami,clan_mogami_1,9200,山形城,lord_1_mogami_2,clan_mogami_1,10200,山形城,lord_1_mogami_2,clan_mogami_1,11600,山形城,lord_1_mogami_2,clan_mogami_1,16000
town_tk017,城,鲑延城,359,118,1656.0,728.4,鲑延城,lord_1_mogami,clan_mogami_1,4000,鲑延城,lord_1_mogami,clan_mogami_1,4000,鲑延城,lord_1_mogami,clan_mogami_1,7400,鲑延城,lord_1_mogami_2,clan_mogami_1,8600,鲑延城,lord_1_sakenobe_2,clan_sakenobe_1,9800,鲑延城,lord_1_sakenobe_2,clan_sakenobe_1,12000
town_tk018,城,尾浦城,349,115,1613.2,742.7,尾浦城,lord_1_daihoji_2,clan_daihoji_1,4000,尾浦城,lord_1_daihoji_2,clan_daihoji_1,4000,尾浦城,lord_1_daihoji_2,clan_daihoji_1,5600,尾浦城,lord_1_daihoji_2,clan_daihoji_1,7000,尾浦城,lord_1_daihoji_2,clan_daihoji_1,8000,尾浦城,lord_1_mogami_2,clan_mogami_1,12000
town_tk019,城,米泽城,349,137,1604.2,641.4,米泽城,lord_1_date_2,clan_date_1,6400,米泽城,lord_1_date_2,clan_date_1,7600,米泽城,lord_1_date,clan_date_1,9200,米泽城,lord_1_date,clan_date_1,10200,米泽城,lord_1_date,clan_date_1,11600,米泽城,lord_1_naoe_kanetsugu,clan_naoe_1,16000
town_tk020,城,黑川城,340,146,1560.9,600.4,黑川城,lord_1_ashina_2,clan_ashina_1,6400,黑川城,lord_1_ashina_2,clan_ashina_1,7600,黑川城,lord_1_ashina_2,clan_ashina_1,9200,黑川城,lord_1_ashina_2,clan_ashina_1,10200,黑川城,lord_1_ashina_ekketsusai,clan_ashina_1,11600,黑川城,lord_1_uesugi_5,clan_uesugi_1,18000
town_tk021,城,二本松城,351,151,1607.3,576.9,二本松城,lord_1_ashina_2,clan_ashina_1,5200,二本松城,lord_1_ashina_2,clan_ashina_1,5800,二本松城,lord_1_nihonmatsu_2,clan_nihonmatsu_1,7400,二本松城,lord_1_nihonmatsu_2,clan_nihonmatsu_1,8600,二本松城,lord_1_nihonmatsu_2,clan_nihonmatsu_1,9800,二本松城,lord_1_uesugi_5,clan_uesugi_1,12000
town_tk022,城,须贺川城,347,156,1587.7,554.1,须贺川城,lord_1_ashina_2,clan_ashina_1,5200,须贺川城,lord_1_ashina_2,clan_ashina_1,5800,须贺川城,lord_1_ashina_2,clan_ashina_1,7400,须贺川城,lord_1_ashina_2,clan_ashina_1,8600,须贺川城,lord_1_ashina_ekketsusai,clan_ashina_1,9800,须贺川城,lord_1_honjo,clan_honjo_1,12000
town_tk023,城,小高城,366,154,1672.2,562.4,小高城,lord_1_soma,clan_soma_1,5200,小高城,lord_1_soma,clan_soma_1,5800,小高城,lord_1_soma,clan_soma_1,7400,小高城,lord_1_soma,clan_soma_1,8600,小高城,lord_1_soma,clan_soma_1,9800,小高城,lord_1_soma_2,clan_soma_1,14000
town_tk024,城,太田城,344,176,1566.3,462.2,太田城,dead_lord_1_satake_2,clan_satake_1,5200,太田城,dead_lord_1_satake_2,clan_satake_1,5800,太田城,lord_1_satake,clan_satake_1,9200,太田城,lord_1_satake,clan_satake_1,10200,太田城,lord_1_satake,clan_satake_1,11600,太田城,lord_1_ashina_katsushige,clan_ashina_1,14000
town_tk025,城,水户城,341,181,1551.0,439.3,水户城,dead_lord_1_satake_2,clan_satake_1,6400,水户城,dead_lord_1_satake_2,clan_satake_1,7600,水户城,lord_1_satake,clan_satake_1,9200,水户城,lord_1_satake,clan_satake_1,10200,水户城,lord_1_satake,clan_satake_1,13400,水户城,lord_1_satake_yoshinobu,clan_satake_1,18000
town_tk026,城,土浦城,332,184,1508.6,425.3,土浦城,lord_2_oda,clan_oda_2,6400,土浦城,lord_2_oda,clan_oda_2,7600,土浦城,lord_2_oda,clan_oda_2,9200,土浦城,lord_1_satake,clan_satake_1,10200,土浦城,lord_1_satake,clan_satake_1,11600,土浦城,lord_1_yuki_hideyasu,clan_yuki_1,14000
town_tk027,城,小田城,330,180,1500.6,447.8,小田城,dead_lord_1_satake_2,clan_satake_1,4000,小田城,dead_lord_1_satake_2,clan_satake_1,5800,小田城,lord_1_otaa_sanzesai,clan_otaa_1,7400,小田城,lord_1_satake,clan_satake_1,8600,小田城,lord_1_satake,clan_satake_1,9800,小田城,lord_1_satake_yoshinobu,clan_satake_1,12000
town_tk028,城,宇都宫城,329,168,1503.4,499.6,宇都宫城,lord_1_utsunomiya,clan_utsunomiya_1,6400,宇都宫城,lord_1_utsunomiya,clan_utsunomiya_1,7600,宇都宫城,lord_1_utsunomiya,clan_utsunomiya_1,9200,宇都宫城,lord_1_utsunomiya,clan_utsunomiya_1,10200,宇都宫城,lord_1_utsunomiya_2,clan_utsunomiya_1,11600,宇都宫城,lord_1_gamou_hideyuki,clan_gamou_1,16000
town_tk029,城,唐泽山城,321,174,1465.7,472.4,唐泽山城,lord_1_utsunomiya,clan_utsunomiya_1,5200,唐泽山城,lord_1_utsunomiya,clan_utsunomiya_1,5800,唐泽山城,lord_1_yoshie_kagekatsu,clan_yoshie_1,7400,唐泽山城,lord_1_utsunomiya,clan_utsunomiya_1,8600,唐泽山城,lord_1_utsunomiya_2,clan_utsunomiya_1,9800,唐泽山城,lord_1_gamou_hideyuki,clan_gamou_1,12000
town_tk030,城,小山城,325,178,1481.7,453.8,小山城,lord_1_yuki_matsurigoto,clan_yuki_1,5200,小山城,lord_1_yuki,clan_yuki_1,5800,小山城,lord_1_yuki,clan_yuki_1,7400,小山城,lord_1_yuki,clan_yuki_1,8600,小山城,lord_1_yuki,clan_yuki_1,9800,小山城,lord_1_yuki_hideyasu,clan_yuki_1,12000
town_tk031,城,乌山城,338,168,1543.1,499.2,乌山城,lord_1_utsunomiya,clan_utsunomiya_1,4000,乌山城,lord_1_utsunomiya,clan_utsunomiya_1,4000,乌山城,lord_1_utsunomiya,clan_utsunomiya_1,5600,乌山城,lord_1_nasu_2,clan_nasu_1,7000,乌山城,lord_1_nasu_2,clan_nasu_1,9800,乌山城,lord_1_narita_nagatada,clan_narita_1,12000
town_tk032,城,厩桥城,307,168,1406.4,500.6,厩桥城,lord_1_gyo_shounin,clan_gyo_1,6400,厩桥城,lord_1_hojo_takahiro,clan_hojo_1,9400,厩桥城,lord_1_hojo_takahiro,clan_hojo_1,11000,厩桥城,lord_1_hojo_takahiro,clan_hojo_1,11800,厩桥城,lord_1_hojo,clan_hojo_1,13400,厩桥城,lord_1_hiraiwa_chikayoshi,clan_hiraiwa_1,16000
town_tk033,城,沼田城,309,161,1418.1,532.7,沼田城,lord_1_uesugi,clan_uesugi_1,5200,沼田城,lord_1_uesugi,clan_uesugi_1,5800,沼田城,lord_1_uesugi,clan_uesugi_1,7400,沼田城,lord_1_hojo_takahiro,clan_hojo_1,8600,沼田城,lord_1_sanada_6,clan_sanada_1,9800,沼田城,lord_1_sanada_taneju,clan_sanada_1,14000
town_tk034,城,馆林城,317,178,1446.4,454.1,馆林城,lord_1_gyo_shounin,clan_gyo_1,5200,馆林城,lord_1_gyo_shounin,clan_gyo_1,5800,馆林城,lord_1_hojo_7,clan_hojo_1,7400,馆林城,lord_1_hojo_7,clan_hojo_1,8600,馆林城,lord_1_hojo_7,clan_hojo_1,9800,馆林城,lord_1_sakakibara,clan_sakakibara_1,12000
town_tk035,城,箕轮城,302,167,1384.8,505.4,箕轮城,lord_1_gyo_shounin,clan_gyo_1,6400,箕轮城,lord_1_gyo_shounin,clan_gyo_1,7600,箕轮城,lord_1_naito_masatoyo,clan_naito_1,9200,箕轮城,lord_1_naito_masatoyo,clan_naito_1,10200,箕轮城,lord_1_hojo,clan_hojo_1,11600,箕轮城,lord_1_ii_3,clan_ii_1,14000
town_tk036,城,胜浦城,329,208,1480.6,321.9,胜浦城,lord_1_satomi_2,clan_satomi_1,4000,胜浦城,lord_1_satomi_2,clan_satomi_1,4000,胜浦城,lord_1_satomi_2,clan_satomi_1,5600,胜浦城,lord_1_satomi,clan_satomi_1,7000,胜浦城,lord_1_satomi_10,clan_satomi_1,8000,胜浦城,lord_1_honda,clan_honda_1,10000
town_tk037,城,久留里城,322,203,1480.1,353.9,久留里城,lord_1_satomi_2,clan_satomi_1,5200,久留里城,lord_1_satomi_2,clan_satomi_1,5800,久留里城,lord_1_satomi_2,clan_satomi_1,9200,久留里城,lord_1_satomi,clan_satomi_1,10200,久留里城,lord_1_satomi_10,clan_satomi_1,11600,久留里城,lord_1_honda,clan_honda_1,14000
town_tk038,城,稻村城,317,209,1384.2,361.9,稻村城,lord_1_satomi_2,clan_satomi_1,5200,稻村城,lord_1_satomi_2,clan_satomi_1,5800,稻村城,lord_1_satomi_2,clan_satomi_1,7400,稻村城,lord_1_satomi,clan_satomi_1,8600,稻村城,lord_1_satomi_10,clan_satomi_1,9800,稻村城,lord_1_satomi_yoshiyasu,clan_satomi_1,14000
town_tk039,城,佐仓城,332,195,1512.6,368.4,佐仓城,lord_1_chiba,clan_chiba_1,4000,佐仓城,lord_1_chiba,clan_chiba_1,5800,佐仓城,lord_1_chiba,clan_chiba_1,7400,佐仓城,lord_1_chiba,clan_chiba_1,8600,佐仓城,lord_1_chiba_5,clan_chiba_1,9800,佐仓城,lord_1_hojo_shi,clan_hojo_1,12000
town_tk040,城,结城城,326,181,1484.9,439.9,结城城,lord_1_yuki_matsurigoto,clan_yuki_1,6400,结城城,lord_1_yuki,clan_yuki_1,7600,结城城,lord_1_yuki,clan_yuki_1,9200,结城城,lord_1_yuki,clan_yuki_1,10200,结城城,lord_1_yuki,clan_yuki_1,11600,结城城,lord_1_yuki_hideyasu,clan_yuki_1,14000
town_tk041,城,江户城,317,191,1441.1,394.3,江户城,lord_1_hojo_2,clan_hojo_1,7600,江户城,lord_1_hojo_2,clan_hojo_1,9400,江户城,lord_1_hojo_2,clan_hojo_1,11000,江户城,lord_1_hojo,clan_hojo_1,11800,江户城,lord_1_hojo,clan_hojo_1,13400,江户城,lord_1_tokugawa,clan_tokugawa_1,20000
town_tk042,城,岩槻城,318,183,1448.8,431.1,岩槻城,lord_1_otaa_sanzesai,clan_otaa_1,5200,岩槻城,lord_1_otaa_sanzesai,clan_otaa_1,5800,岩槻城,lord_1_hojo_2,clan_hojo_1,7400,岩槻城,lord_1_hojo,clan_hojo_1,8600,岩槻城,lord_1_hojo,clan_hojo_1,9800,岩槻城,lord_1_koori_kiyonaga,clan_kōri_1,12000
town_tk043,城,河越城,313,182,1427.2,435.9,河越城,lord_1_hojo_5,clan_hojo_1,5200,河越城,lord_1_hojo_2,clan_hojo_1,5800,河越城,lord_1_hojo_5,clan_hojo_1,7400,河越城,lord_1_hojo,clan_hojo_1,8600,河越城,lord_1_hojo,clan_hojo_1,9800,河越城,lord_1_tokugawa,clan_tokugawa_1,12000
town_tk044,城,忍城,310,177,1416.0,459.0,忍城,lord_1_narita_2,clan_narita_1,5200,忍城,lord_1_narita_2,clan_narita_1,5800,忍城,lord_1_narita,clan_narita_1,9200,忍城,lord_1_narita,clan_narita_1,10200,忍城,lord_1_narita,clan_narita_1,11600,忍城,lord_1_tokugawa,clan_tokugawa_1,14000
town_tk045,城,八王子城,307,189,1397.9,403.9,八王子城,lord_1_hojo_5,clan_hojo_1,4000,八王子城,lord_1_hojo_2,clan_hojo_1,4000,八王子城,lord_1_hojo_2,clan_hojo_1,7400,八王子城,lord_1_hojo_5,clan_hojo_1,8600,八王子城,lord_1_hojo_5,clan_hojo_1,9800,八王子城,lord_1_tokugawa,clan_tokugawa_1,14000
town_tk046,城,小田原城,303,198,1376.6,362.7,小田原城,lord_1_hojo_2,clan_hojo_1,8800,小田原城,lord_1_hojo_2,clan_hojo_1,11200,小田原城,lord_1_hojo_2,clan_hojo_1,12800,小田原城,lord_1_hojo,clan_hojo_1,13400,小田原城,lord_1_hojo,clan_hojo_1,15200,小田原城,lord_1_okubo_4,clan_okubo_1,18000
town_tk047,城,玉绳城,310,198,1403.7,372.9,玉绳城,lord_1_hojo_tsunashige,clan_hojo_1,5200,玉绳城,lord_1_hojo_tsunashige,clan_hojo_1,5800,玉绳城,lord_1_hojo_tsunashige,clan_hojo_1,7400,玉绳城,lord_1_hojo_tsunashige,clan_hojo_1,8600,玉绳城,lord_1_hojo_tsunashige,clan_hojo_1,9800,玉绳城,lord_1_tokugawa,clan_tokugawa_1,14000
town_tk048,城,韭山城,293,202,1340.7,335.9,韭山城,lord_1_hojo_9,clan_hojo_1,5200,韭山城,lord_1_hojo_2,clan_hojo_1,5800,韭山城,lord_1_hojo_9,clan_hojo_1,7400,韭山城,lord_1_hojo_9,clan_hojo_1,8600,韭山城,lord_1_hojo_9,clan_hojo_1,9800,韭山城,lord_1_tokugawa,clan_tokugawa_1,12000
town_tk049,城,春日山城,295,148,1361.7,593.2,春日山城,lord_1_uesugi,clan_uesugi_1,7600,春日山城,lord_1_uesugi,clan_uesugi_1,9400,春日山城,lord_1_uesugi,clan_uesugi_1,11000,春日山城,lord_1_uesugi,clan_uesugi_1,11800,春日山城,lord_1_uesugi_5,clan_uesugi_1,13400,春日山城,lord_1_horii_hideharu,clan_horii_1,16000
town_tk050,城,新发田城,329,133,1517.7,660.7,新发田城,lord_2_shibata,clan_shibata_2,5200,新发田城,lord_2_shibata,clan_shibata_2,5800,新发田城,lord_2_shibata,clan_shibata_2,7400,新发田城,lord_2_shibata,clan_shibata_2,8600,新发田城,lord_2_shibata_4,clan_shibata_2,11600,新发田城,lord_1_mizoguchi_hideshige,clan_mizoguchi_1,14000
town_tk051,城,本庄城,337,124,1561.6,696.7,本庄城,lord_1_honjo,clan_honjo_1,5200,本庄城,lord_1_honjo,clan_honjo_1,5800,本庄城,lord_1_honjo,clan_honjo_1,7400,本庄城,lord_1_honjo,clan_honjo_1,8600,本庄城,lord_1_honjo,clan_honjo_1,9800,本庄城,lord_1_horii_hideharu,clan_horii_1,12000
town_tk052,城,橡尾城,318,139,1466.7,633.6,橡尾城,lord_1_uesugi,clan_uesugi_1,5200,橡尾城,lord_1_uesugi,clan_uesugi_1,5800,橡尾城,lord_1_uesugi,clan_uesugi_1,7400,橡尾城,lord_1_uesugi,clan_uesugi_1,8600,橡尾城,lord_1_uesugi_5,clan_uesugi_1,9800,橡尾城,lord_1_horii_hideharu,clan_horii_1,12000
town_tk053,城,富山城,264,151,1223.8,580.7,富山城,lord_1_jinbo,clan_jinbo_1,5200,富山城,lord_1_jinbo,clan_jinbo_1,5800,富山城,lord_1_jinbo,clan_jinbo_1,9200,富山城,lord_1_jinbo_4,clan_jinbo_1,10200,富山城,lord_1_sassa_narimasa,clan_sassa_1,11600,富山城,lord_1_maeda,clan_maeda_1,14000
town_tk054,城,鱼津城,272,148,1260.7,594.3,鱼津城,lord_1_shiina_yasuyuki,clan_shiina_1,4000,鱼津城,lord_1_shiina_yasuyuki,clan_shiina_1,4000,鱼津城,lord_1_shiina_yasuyuki,clan_shiina_1,7400,鱼津城,lord_1_shiina_yasuyuki,clan_shiina_1,8600,鱼津城,lord_1_chujou_kagetai,clan_chujou_1,9800,鱼津城,lord_1_maeda,clan_maeda_1,12000
town_tk055,城,七尾城,262,139,1219.8,636.0,七尾城,dead_lord_1_notohatakeyama_2,clan_notohatakeyama_1,7600,七尾城,dead_lord_1_notohatakeyama_2,clan_notohatakeyama_1,9400,七尾城,lord_1_cho,clan_cho_1,11000,七尾城,lord_1_cho,clan_cho_1,11800,七尾城,lord_1_maeda,clan_maeda_1,13400,七尾城,lord_1_maeda_toshimasa,clan_maeda_1,16000
town_tk056,城,尾山城,252,149,1171.7,590.5,尾山城,lord_1_shichiri,clan_shichiri_1,6400,尾山城,lord_1_shichiri,clan_shichiri_1,7600,尾山城,lord_1_shichiri,clan_shichiri_1,9200,尾山城,lord_1_shichiri,clan_shichiri_1,11800,尾山城,lord_1_shibata,clan_shibata_1,13400,尾山城,lord_1_maeda,clan_maeda_1,18000
town_tk057,城,小松城,245,152,1139.6,577.0,小松城,lord_1_honganji,clan_honganji_1,4000,小松城,lord_1_honganji,clan_honganji_1,4000,小松城,lord_1_honganji,clan_honganji_1,7400,小松城,lord_1_honganji,clan_honganji_1,8600,小松城,lord_1_shibata,clan_shibata_1,9800,小松城,lord_1_niwa_nagashige,clan_niwa_1,12000
town_tk058,城,大圣寺城,240,154,1116.7,568.0,大圣寺城,lord_1_shimotsuma_6,clan_shimotsuma_1,5200,大圣寺城,lord_1_shimotsuma_6,clan_shimotsuma_1,5800,大圣寺城,lord_1_shimotsuma_6,clan_shimotsuma_1,7400,大圣寺城,lord_1_shimotsuma_6,clan_shimotsuma_1,8600,大圣寺城,lord_1_shibata,clan_shibata_1,9800,大圣寺城,lord_1_niwa_nagashige,clan_niwa_1,12000
town_tk059,城,一乘谷城,238,161,1105.1,535.8,一乘谷城,lord_1_asakura,clan_asakura_1,7600,一乘谷城,lord_1_asakura,clan_asakura_1,9400,一乘谷城,lord_1_asakura,clan_asakura_1,11000,一乘谷城,lord_1_oda,clan_oda_1,11800,一乘谷城,lord_1_shibata,clan_shibata_1,13400,一乘谷城,lord_1_oda_5,clan_oda_1,16000
town_tk060,城,北之庄城,236,157,1096.2,553.8,北之庄城,lord_1_asakura,clan_asakura_1,5200,北之庄城,lord_1_asakura,clan_asakura_1,5800,北之庄城,lord_1_asakura,clan_asakura_1,7400,北之庄城,lord_1_oda,clan_oda_1,11800,北之庄城,lord_1_shibata,clan_shibata_1,13400,北之庄城,lord_1_kinoshita_hideyori,clan_kinoshita_1,16000
town_tk061,城,金崎城,230,167,1067.7,508.3,金崎城,lord_1_asakura,clan_asakura_1,5200,金崎城,lord_1_asakura,clan_asakura_1,5800,金崎城,lord_1_asakura,clan_asakura_1,7400,金崎城,lord_1_oda,clan_oda_1,8600,金崎城,lord_1_shibata,clan_shibata_1,11600,金崎城,lord_1_otsuki_kageshu,clan_otsuki_1,14000
town_tk062,城,户石城,290,164,1333.1,519.7,户石城,lord_1_sanada_yukitaka,clan_sanada_1,5200,户石城,lord_1_sanada_yukitaka,clan_sanada_1,5800,户石城,lord_1_sanada_yukitaka,clan_sanada_1,7400,户石城,lord_1_sanada,clan_sanada_1,8600,户石城,lord_1_sanada_6,clan_sanada_1,13400,户石城,lord_1_sanada_6,clan_sanada_1,16000
town_tk063,城,海津城,289,158,1331.1,547.4,海津城,lord_1_takeda,clan_takeda_1,6400,海津城,lord_1_koosaka_masanobu,clan_kōsaka_1,5800,海津城,lord_1_koosaka_masanobu,clan_kōsaka_1,9200,海津城,lord_1_koosaka_masanobu,clan_kōsaka_1,10200,海津城,lord_1_sanada_6,clan_sanada_1,13400,海津城,lord_1_sanada_6,clan_sanada_1,16000
town_tk064,城,饭山城,296,153,1364.0,570.1,饭山城,lord_1_takeda,clan_takeda_1,5200,饭山城,lord_1_takanashi_masayori,clan_takanashi_1,11200,饭山城,lord_1_yasuda_akimoto,clan_yasuda_1,7400,饭山城,lord_1_takeda_4,clan_takeda_1,8600,饭山城,lord_1_uesugi_5,clan_uesugi_1,9800,饭山城,lord_1_seki_kazumasa,clan_seki_1,12000
town_tk065,城,小诸城,294,169,1348.7,496.6,小诸城,lord_1_takeda,clan_takeda_1,5200,小诸城,lord_1_takeda,clan_takeda_1,5800,小诸城,lord_1_takeda_shigemasa,clan_takeda_1,7400,小诸城,lord_1_takeda_shigemasa,clan_takeda_1,8600,小诸城,lord_1_takeda_shigemasa,clan_takeda_1,6000,小诸城,lord_1_sengoku_hidehisa,clan_sengoku_1,14000
town_tk066,城,高远城,278,177,1274.9,460.4,高远城,lord_1_takeda_harufusa,clan_takeda_1,5200,高远城,lord_1_takeda_harufusa,clan_takeda_1,5800,高远城,lord_1_takeda_harufusa,clan_takeda_1,7400,高远城,lord_1_nishina,clan_nishina_1,10200,高远城,lord_1_nishina,clan_nishina_1,5000,高远城,lord_1_kyoogoku_takachika,clan_kyōgoku_1,14000
town_tk067,城,木曾福岛城,269,174,1236.4,474.6,木曾福岛城,lord_1_kiso,clan_kiso_1,5200,木曾福岛城,lord_1_kiso,clan_kiso_1,5800,木曾福岛城,lord_1_kiso,clan_kiso_1,7400,木曾福岛城,lord_1_kiso_2,clan_kiso_1,8600,木曾福岛城,lord_1_kiso_2,clan_kiso_1,9800,木曾福岛城,lord_1_kinoshita_hideyori,clan_kinoshita_1,14000
town_tk068,城,饭田城,271,183,1241.6,433.1,饭田城,lord_1_takeda,clan_takeda_1,5200,饭田城,lord_1_takeda,clan_takeda_1,5800,饭田城,lord_1_takeda,clan_takeda_1,7400,饭田城,lord_1_takeda_4,clan_takeda_1,8600,饭田城,lord_1_takeda_4,clan_takeda_1,6000,饭田城,lord_1_kyoogoku_takachika,clan_kyōgoku_1,14000
town_tk069,城,踯躅崎馆|甲府城,289,183,1321.0,432.3,踯躅崎馆,lord_1_takeda,clan_takeda_1,6400,踯躅崎馆,lord_1_takeda,clan_takeda_1,7600,踯躅崎馆,lord_1_takeda,clan_takeda_1,11000,踯躅崎馆,lord_1_takeda_4,clan_takeda_1,11800,踯躅崎馆,lord_1_takeda_4,clan_takeda_1,11600,踯躅崎馆,lord_1_asano_yukinaga,clan_asano_1,16000
town_tk070,城,岩殿城,299,187,1363.4,413.5,岩殿城,lord_1_takeda,clan_takeda_1,5200,岩殿城,lord_1_takeda,clan_takeda_1,5800,岩殿城,lord_1_takeda,clan_takeda_1,7400,岩殿城,lord_1_takeda_4,clan_takeda_1,8600,岩殿城,lord_1_oyamada,clan_oyamada_1,9800,岩殿城,lord_1_asano_yukinaga,clan_asano_1,14000
town_tk071,城,下山城,283,192,1290.8,391.2,下山城,lord_1_takeda,clan_takeda_1,4000,下山城,lord_1_takeda,clan_takeda_1,4000,下山城,lord_1_takeda,clan_takeda_1,5600,下山城,lord_1_takeda_4,clan_takeda_1,7000,下山城,lord_1_takeda_4,clan_takeda_1,8000,下山城,lord_1_asano_yukinaga,clan_asano_1,12000
town_tk072,城,骏府城,278,198,1266.4,363.8,骏府城,lord_1_imagawa_katsumoto,clan_imagawa_1,6400,骏府城,lord_1_imagawa_katsumoto,clan_imagawa_1,7600,骏府城,lord_1_takeda,clan_takeda_1,9200,骏府城,lord_1_takeda_4,clan_takeda_1,10200,骏府城,lord_1_anayama_akisane,clan_anayama_1,11600,骏府城,lord_1_nakamura_kazuuji,clan_nakamura_1,18000
town_tk073,城,兴国寺城,291,198,1316.7,370.4,兴国寺城,lord_1_imagawa_katsumoto,clan_imagawa_1,5200,兴国寺城,lord_1_imagawa_katsumoto,clan_imagawa_1,5800,兴国寺城,lord_1_hegawa_ujisoku,clan_hegawa_1,7400,兴国寺城,lord_1_hegawa_ujisoku,clan_hegawa_1,8600,兴国寺城,lord_1_hegawa_ujisoku,clan_hegawa_1,9800,兴国寺城,lord_1_nakamura_kazuuji,clan_nakamura_1,12000
town_tk074,城,曳马城|滨松城,261,205,1206.2,350.4,曳马城,lord_1_iio_tsuratatsu,clan_iio_1,6400,曳马城,lord_1_iio_tsuratatsu,clan_iio_1,7600,曳马城,lord_1_imagawa,clan_imagawa_1,9200,滨松城,lord_1_tokugawa,clan_tokugawa_1,11800,滨松城,lord_1_tokugawa,clan_tokugawa_1,13400,滨松城,lord_1_horio_tadauji,clan_horio_1,18000
town_tk075,城,二股城|二俣城,264,198,1199.7,369.4,二股城,lord_1_imagawa_katsumoto,clan_imagawa_1,5200,二股城,lord_1_imagawa_katsumoto,clan_imagawa_1,5800,二股城,lord_1_utono_ujinaga,clan_utono_1,7400,二股城,lord_1_tokugawa,clan_tokugawa_1,8600,二股城,lord_1_utono_ujinaga,clan_utono_1,9800,二股城,lord_1_yamauchi_kazutoyo,clan_yamauchi_1,14000
town_tk076,城,高天神城,269,206,1236.7,342.4,高天神城,lord_1_asahina,clan_asahina_1,5200,高天神城,lord_1_asahina,clan_asahina_1,3000,高天神城,lord_1_asahina,clan_asahina_1,7400,高天神城,lord_1_tokugawa,clan_tokugawa_1,8600,高天神城,lord_1_tokugawa,clan_tokugawa_1,9800,高天神城,lord_1_yamauchi_kazutoyo,clan_yamauchi_1,12000
town_tk077,城,冈崎城,248,193,1136.1,388.1,冈崎城,lord_1_imagawa_katsumoto,clan_imagawa_1,6400,冈崎城,lord_1_tokugawa,clan_tokugawa_1,7600,冈崎城,lord_1_tokugawa,clan_tokugawa_1,9200,冈崎城,lord_1_tokugawa_2,clan_tokugawa_1,10200,冈崎城,lord_1_tokugawa,clan_tokugawa_1,11600,冈崎城,lord_1_tanaka_yoshimasa,clan_tanaka_1,14000
town_tk078,城,长篠城,257,193,1175.8,387.7,长篠城,lord_1_imagawa_katsumoto,clan_imagawa_1,5200,长篠城,lord_1_utono_nagateru,clan_utono_1,3000,长篠城,lord_1_iii_toramasa,clan_iii_1,7400,长篠城,lord_1_iii_toramasa,clan_iii_1,8600,长篠城,lord_1_iii_toramasa,clan_iii_1,9800,长篠城,lord_1_ikeda_5,clan_ikeda_1,12000
town_tk079,城,吉田城,253,198,1167.7,360.4,吉田城,lord_1_imagawa_katsumoto,clan_imagawa_1,5200,吉田城,lord_1_imagawa_katsumoto,clan_imagawa_1,5800,吉田城,lord_1_tokugawa,clan_tokugawa_1,7400,吉田城,lord_1_tokugawa,clan_tokugawa_1,8600,吉田城,lord_1_tokugawa,clan_tokugawa_1,9800,吉田城,lord_1_ikeda_5,clan_ikeda_1,14000
town_tk080,城,清洲城,240,184,1104.5,429.9,清洲城,lord_1_oda,clan_oda_1,6400,清洲城,lord_1_oda,clan_oda_1,7600,清洲城,lord_1_oda,clan_oda_1,9200,清洲城,lord_1_oda,clan_oda_1,10200,清洲城,lord_1_oda_4,clan_oda_1,11600,清洲城,lord_1_fukushima_masanori,clan_fukushima_1,16000
town_tk081,城,鸣海城,243,190,1123.7,403.8,鸣海城,lord_1_sakuma_morishige,clan_sakuma_1,5200,鸣海城,lord_1_sakuma_morishige,clan_sakuma_1,3500,鸣海城,lord_1_oda,clan_oda_1,7400,鸣海城,lord_1_oda,clan_oda_1,8600,鸣海城,lord_1_oda_4,clan_oda_1,9800,鸣海城,lord_1_fukushima_masanori,clan_fukushima_1,12000
town_tk082,城,小牧山城,244,180,1123.8,448.1,小牧山城,lord_1_oda,clan_oda_1,5200,小牧山城,lord_1_oda,clan_oda_1,5800,小牧山城,lord_1_oda,clan_oda_1,7400,小牧山城,lord_1_oda,clan_oda_1,8600,小牧山城,lord_1_oda_4,clan_oda_1,9800,小牧山城,lord_1_fukushima_masanori,clan_fukushima_1,12000
town_tk083,城,那古野城|名古屋城,243,185,1117.3,425.2,那古野城,lord_1_oda_yuuemon,clan_oda_1,5200,那古野城,lord_1_hayashi_hidezane,clan_hayashi_1,5800,那古野城,lord_1_oda,clan_oda_1,7400,那古野城,lord_1_hayashi_hidezane,clan_hayashi_1,8600,那古野城,lord_1_oda_4,clan_oda_1,9800,那古野城,lord_1_fukushima_masanori,clan_fukushima_1,14000
town_tk084,城,稻叶山城|岐阜城,244,174,1126.2,475.7,稻叶山城,lord_1_saitoo_doosan,clan_saitō_1,7600,稻叶山城,lord_1_saitoo_yoshitatsu,clan_saitō_1,9400,岐阜城,lord_1_oda,clan_oda_1,11000,岐阜城,lord_1_oda,clan_oda_1,11800,岐阜城,lord_1_oda_4,clan_oda_1,13400,岐阜城,lord_1_oda_masashige,clan_oda_1,16000
town_tk085,城,墨股城,241,177,1111.8,462.1,墨股城,,,4000,墨股城,,,4000,墨股城,lord_1_oda,clan_oda_1,7400,墨股城,lord_1_oda,clan_oda_1,8600,墨股城,lord_1_oda_4,clan_oda_1,9800,墨股城,lord_1_takenaka_shigemoto,clan_takenaka_1,12000
town_tk086,城,大垣城,237,179,1093.3,453.0,大垣城,lord_1_andoo_morinari,clan_andoo_1,5200,大垣城,lord_1_andoo_morinari,clan_andoo_1,7600,大垣城,lord_1_andoo_morinari,clan_andoo_1,9200,大垣城,lord_1_andoo_morinari,clan_andoo_1,10200,大垣城,lord_1_oda_4,clan_oda_1,11600,大垣城,lord_1_oda_masashige,clan_oda_1,16000
town_tk087,城,岩村城,258,181,1185.1,442.9,岩村城,lord_1_toyama_takuma,clan_toyama_1,5200,岩村城,lord_1_toyama_takuma,clan_toyama_1,5800,岩村城,lord_1_toyama_takuma,clan_toyama_1,7400,岩村城,lord_1_akiyama_torashige,clan_akiyama_1,8600,岩村城,lord_1_oda_4,clan_oda_1,9800,岩村城,lord_1_morii_tadamasa,clan_morii_1,12000
town_tk088,城,曾根城,238,170,1101.4,494.4,曾根城,lord_1_inaba_ittetsu,clan_inaba_1,5200,曾根城,lord_1_inaba_ittetsu,clan_inaba_1,5800,曾根城,lord_1_inaba_ittetsu,clan_inaba_1,7400,曾根城,lord_1_inaba_ittetsu,clan_inaba_1,8600,曾根城,lord_1_inaba_ittetsu,clan_inaba_1,9800,曾根城,lord_1_inaba_sadamichi,clan_inaba_1,12000
town_tk089,城,松仓城,258,161,1193.2,535.0,松仓城,lord_1_anekouji_2,clan_anekouji_1,5200,松仓城,lord_1_anekouji_2,clan_anekouji_1,5800,松仓城,lord_1_anekouji_2,clan_anekouji_1,7400,松仓城,lord_1_anekouji_2,clan_anekouji_1,8600,松仓城,lord_1_anekouji_2,clan_anekouji_1,9800,松仓城,lord_1_kanamori_nagachika,clan_kanamori_1,14000
town_tk090,城,安浓津城,229,196,1051.1,375.1,安浓津城,dead_lord_1_kitabatake_2,clan_kitabatake_1,6400,安浓津城,lord_1_koobe_tomomori,clan_kōbe_1,7600,安浓津城,lord_1_takigawa,clan_takigawa_1,9200,安浓津城,lord_1_oda_6,clan_oda_1,10200,安浓津城,lord_1_oda_5,clan_oda_1,13400,安浓津城,lord_1_bunbu_mitsuyoshi,clan_bunbu_1,16000
town_tk091,城,大河内城,224,200,1027.5,357.0,大河内城,dead_lord_1_kitabatake_2,clan_kitabatake_1,6400,大河内城,lord_1_kitabatake,clan_kitabatake_1,7600,大河内城,lord_1_kitabatake,clan_kitabatake_1,9200,大河内城,lord_1_oda_5,clan_oda_1,10200,大河内城,lord_1_oda_5,clan_oda_1,11600,大河内城,lord_1_ujiie_takakazu,clan_ujiie_1,14000
town_tk092,城,长岛城,236,188,1085.3,411.7,长岛城,lord_1_ganshoji_shooe,clan_ganshoji_1,6400,长岛城,lord_1_ganshoji_shooe,clan_ganshoji_1,7600,长岛城,lord_1_ganshoji_shooe,clan_ganshoji_1,9200,长岛城,lord_1_takigawa,clan_takigawa_1,10200,长岛城,lord_1_takigawa,clan_takigawa_1,11600,长岛城,lord_1_suganuma_sadatada,clan_suganuma_1,14000
town_tk093,城,鸟羽城,232,203,1061.7,344.9,鸟羽城,dead_lord_1_kitabatake_2,clan_kitabatake_1,5200,鸟羽城,lord_1_kitabatake,clan_kitabatake_1,5800,鸟羽城,lord_1_kitabatake,clan_kitabatake_1,7400,鸟羽城,lord_1_oda,clan_oda_1,8600,鸟羽城,lord_1_oda,clan_oda_1,9800,鸟羽城,lord_1_kuki_moritaka,clan_kuki_1,14000
town_tk094,城,小谷城,233,172,1078.5,485.4,小谷城,lord_1_azai_2,clan_azai_1,6400,小谷城,lord_1_azai,clan_azai_1,7600,小谷城,lord_1_azai,clan_azai_1,9200,小谷城,lord_1_oda,clan_oda_1,10200,小谷城,lord_1_oda,clan_oda_1,11600,小谷城,lord_1_ishida_mitsunari,clan_ishida_1,14000
town_tk095,城,佐和山城,229,179,1058.1,453.4,佐和山城,lord_1_isono,clan_isono_1,5200,佐和山城,lord_1_isono,clan_isono_1,5800,佐和山城,lord_1_isono,clan_isono_1,7400,佐和山城,lord_1_niwa,clan_niwa_1,8600,佐和山城,lord_1_niwa,clan_niwa_1,9800,佐和山城,lord_1_ishida_mitsunari,clan_ishida_1,14000
town_tk096,城,今滨城|长滨城,233,175,1077.3,471.6,今滨城,lord_1_azai_2,clan_azai_1,4000,今滨城,lord_1_azai,clan_azai_1,4000,今滨城,lord_1_azai,clan_azai_1,7400,长滨城,lord_1_kinoshita,clan_kinoshita_1,11800,长滨城,lord_1_kinoshita,clan_kinoshita_1,13400,长滨城,lord_1_ishida_mitsunari,clan_ishida_1,16000
town_tk097,城,观音寺城|安土城|水口城,225,184,1038.4,430.6,观音寺城,lord_1_rokkaku_shou,clan_rokkaku_1,7600,观音寺城,lord_1_rokkaku_shou,clan_rokkaku_1,9400,观音寺城,lord_1_oda,clan_oda_1,11000,观音寺城,lord_1_oda,clan_oda_1,11800,安土城,lord_1_oda,clan_oda_1,15200,水口城,lord_1_nagatsuka_masaiye,clan_nagatsuka_1,16000
town_tk098,城,阪本城|大津城,217,183,1003.5,435.5,阪本城,dead_lord_1_ashikaga_4,clan_ashikaga_1,6400,阪本城,lord_1_rokkaku_shou,clan_rokkaku_1,7600,阪本城,lord_1_oda,clan_oda_1,9200,阪本城,lord_1_akechi,clan_akechi_1,11800,阪本城,lord_1_akechi,clan_akechi_1,13400,大津城,lord_1_kyoogoku_takatsugu,clan_kyōgoku_1,14000
town_tk099,城,日野城,228,186,1050.8,421.2,日野城,lord_1_gamou_sadahide,clan_gamou_1,5200,日野城,lord_1_gamou_sadahide,clan_gamou_1,5800,日野城,lord_1_gamou_sadahide,clan_gamou_1,7400,日野城,lord_1_gamou_sadahide,clan_gamou_1,8600,日野城,lord_1_gamou,clan_gamou_1,9800,日野城,lord_1_kinoshita_hideyori,clan_kinoshita_1,12000
town_tk100,城,多闻山城,215,188,992.7,412.6,多闻山城,lord_1_matsunaga,clan_matsunaga_1,5200,多闻山城,lord_1_matsunaga,clan_matsunaga_1,5800,多闻山城,lord_1_matsunaga,clan_matsunaga_1,7400,多闻山城,lord_1_matsunaga,clan_matsunaga_1,8600,多闻山城,lord_1_oda,clan_oda_1,9800,多闻山城,lord_1_kinoshita_hideyori,clan_kinoshita_1,12000
town_tk101,城,信贵山城,211,191,973.8,398.9,信贵山城,lord_1_matsunaga,clan_matsunaga_1,5200,信贵山城,lord_1_matsunaga,clan_matsunaga_1,5800,信贵山城,lord_1_matsunaga,clan_matsunaga_1,7400,信贵山城,lord_1_matsunaga,clan_matsunaga_1,8600,信贵山城,lord_1_oda,clan_oda_1,9800,信贵山城,lord_1_oda_kiyoeimon,clan_oda_1,14000
town_tk102,城,大和郡山城,215,194,990.2,385.0,大和郡山城,lord_1_tsutsui,clan_tsutsui_1,5200,大和郡山城,lord_1_tsutsui,clan_tsutsui_1,5800,大和郡山城,lord_1_tsutsui,clan_tsutsui_1,7400,大和郡山城,lord_1_tsutsui,clan_tsutsui_1,8600,大和郡山城,lord_1_tsutsui,clan_tsutsui_1,13400,大和郡山城,lord_1_masuda_nagamori,clan_masuda_1,16000
town_tk103,城,伊贺上野城,221,191,1017.9,398.5,伊贺上野城,lord_1_tsutsui,clan_tsutsui_1,4000,伊贺上野城,lord_1_tsutsui,clan_tsutsui_1,4000,伊贺上野城,lord_1_tsutsui,clan_tsutsui_1,7400,伊贺上野城,lord_1_tsutsui,clan_tsutsui_1,8600,伊贺上野城,lord_1_tsutsui,clan_tsutsui_1,9800,伊贺上野城,lord_1_tsutsui_8,clan_tsutsui_1,14000
town_tk104,城,胜龙寺城,212,186,980.3,421.9,胜龙寺城,dead_lord_1_miyoshi_1,clan_miyoshi_1,5200,胜龙寺城,dead_lord_1_miyoshi_1,clan_miyoshi_1,5800,胜龙寺城,lord_1_ashikaga,clan_ashikaga_1,7400,胜龙寺城,lord_1_oda,clan_oda_1,8600,胜龙寺城,lord_1_oda,clan_oda_1,9800,胜龙寺城,lord_1_kinoshita_hideyori,clan_kinoshita_1,14000
town_tk105,城,二条城,214,180,991.5,449.4,二条城,dead_lord_1_miyoshi_1,clan_miyoshi_1,6400,二条城,dead_lord_1_ashikaga_4,clan_ashikaga_1,7600,二条城,lord_1_ashikaga,clan_ashikaga_1,9200,二条城,lord_1_oda,clan_oda_1,10200,二条城,lord_1_murai_sadakatsu,clan_murai_1,11600,二条城,lord_1_torii_mototada,clan_torii_1,18000
town_tk106,城,丹波龟山城,212,177,983.9,463.3,丹波龟山城,lord_1_kiku_koushu,clan_kiku_1,4000,丹波龟山城,lord_1_kiku,clan_kiku_1,4000,丹波龟山城,lord_1_kiku,clan_kiku_1,5600,丹波龟山城,lord_1_kiku,clan_kiku_1,7000,丹波龟山城,lord_1_akechi,clan_akechi_1,9800,丹波龟山城,lord_1_kinoshita_hideyori,clan_kinoshita_1,12000
town_tk107,城,八上城,206,175,958.3,472.8,八上城,lord_1_kiku_koushu,clan_kiku_1,7600,八上城,lord_1_kiku,clan_kiku_1,9400,八上城,lord_1_kiku,clan_kiku_1,11000,八上城,lord_1_kiku,clan_kiku_1,11800,八上城,lord_1_akechi,clan_akechi_1,13400,八上城,lord_1_oda_8,clan_oda_1,16000
town_tk108,城,福知山城,203,172,946.3,486.7,福知山城,lord_1_kiku_koushu,clan_kiku_1,4000,福知山城,lord_1_kiku,clan_kiku_1,4000,福知山城,lord_1_kiku,clan_kiku_1,5600,福知山城,lord_1_kiku,clan_kiku_1,7000,福知山城,lord_1_akechi,clan_akechi_1,9800,福知山城,lord_1_hosokawa_2,clan_hosokawa_1,12000
town_tk109,城,宫津城,204,167,952.7,509.7,宫津城,lord_1_issiki,clan_issiki_1,5200,宫津城,lord_1_issiki,clan_issiki_1,5800,宫津城,lord_1_issiki,clan_issiki_1,7400,宫津城,lord_1_issiki,clan_issiki_1,8600,宫津城,lord_1_hosokawa_yuu,clan_hosokawa_1,9800,宫津城,lord_1_hosokawa_2,clan_hosokawa_1,12000
town_tk110,城,岸和田城,197,195,910.5,381.2,岸和田城,lord_1_miyoshi_shuui,clan_miyoshi_1,5200,岸和田城,lord_1_miyoshi_shuui,clan_miyoshi_1,5800,岸和田城,lord_1_miyoshi,clan_miyoshi_1,7400,岸和田城,lord_1_miyoshi_nagaharu,clan_miyoshi_1,8600,岸和田城,lord_1_oda,clan_oda_1,11600,岸和田城,lord_1_kinoshita_hideyori,clan_kinoshita_1,16000
town_tk111,城,饭盛城,209,187,966.6,417.4,饭盛城,dead_lord_1_miyoshi_1,clan_miyoshi_1,7600,饭盛城,dead_lord_1_miyoshi_1,clan_miyoshi_1,9400,饭盛城,lord_1_miyoshi,clan_miyoshi_1,11000,饭盛城,lord_1_oda,clan_oda_1,11800,饭盛城,lord_1_oda,clan_oda_1,13400,饭盛城,lord_1_kinoshita_hideyori,clan_kinoshita_1,16000
town_tk112,城,高屋城,205,195,945.7,380.8,高屋城,lord_1_hatakeyama_3,clan_hatakeyama_1,6400,高屋城,lord_1_hatakeyama_3,clan_hatakeyama_1,7600,高屋城,lord_1_hatakeyama_3,clan_hatakeyama_1,9200,高屋城,lord_1_oda,clan_oda_1,10200,高屋城,lord_1_miyoshi_shougan,clan_miyoshi_1,11600,高屋城,lord_1_kinoshita_hideyori,clan_kinoshita_1,14000
town_tk113,城,石山本愿寺|大坂城,203,187,948.3,426.8,石山本愿寺,lord_1_honganji,clan_honganji_1,7600,石山本愿寺,lord_1_honganji,clan_honganji_1,11200,石山本愿寺,lord_1_honganji,clan_honganji_1,12800,石山本愿寺,lord_1_honganji,clan_honganji_1,13400,石山本愿寺,lord_1_oda,clan_oda_1,15200,大坂城,lord_1_kinoshita_hideyori,clan_kinoshita_1,20000
town_tk114,城,芥川城,210,183,972.7,435.8,芥川城,dead_lord_1_miyoshi_1,clan_miyoshi_1,5200,芥川城,dead_lord_1_miyoshi_1,clan_miyoshi_1,5800,芥川城,lord_1_wada_koremasa,clan_wada_1,7400,芥川城,lord_1_takayama_tomoteru,clan_takayama_1,8600,芥川城,lord_1_oda,clan_oda_1,9800,芥川城,lord_1_kinoshita_hideyori,clan_kinoshita_1,12000
town_tk115,城,有冈城,203,184,941.4,431.5,有冈城,lord_1_araki_murashige,clan_araki_1,5200,有冈城,lord_1_araki_murashige,clan_araki_1,5800,有冈城,lord_1_araki_murashige,clan_araki_1,7400,有冈城,lord_1_araki_murashige,clan_araki_1,10200,有冈城,lord_1_ikeda,clan_ikeda_1,11600,有冈城,lord_1_kinoshita_hideyori,clan_kinoshita_1,16000
town_tk116,城,杂贺城,192,200,893.8,351.4,杂贺城,lord_1_suzuki_satao,clan_suzuki_1,6400,杂贺城,lord_1_suzuki_satao,clan_suzuki_1,7600,杂贺城,lord_1_suzuki_satao,clan_suzuki_1,9200,杂贺城,lord_1_suzuki_satao,clan_suzuki_1,10200,杂贺城,lord_1_suzuki_satao,clan_suzuki_1,11600,杂贺城,lord_1_kinoshita_hideyori,clan_kinoshita_1,14000
town_tk117,城,新宫城,209,214,955.6,293.2,新宫城,lord_1_horiuchi_shizen,clan_horiuchi_1,5200,新宫城,lord_1_horiuchi_shizen,clan_horiuchi_1,5800,新宫城,lord_1_horiuchi_shizen,clan_horiuchi_1,7400,新宫城,lord_1_horiuchi_shizen,clan_horiuchi_1,8600,新宫城,lord_1_horiuchi_shizen,clan_horiuchi_1,9800,新宫城,lord_1_horiuchi_shizen,clan_horiuchi_1,12000
town_tk118,城,鸟取城,181,162,853.3,533.7,鸟取城,lord_1_yamana_yuu,clan_yamana_1,6400,鸟取城,lord_1_yamana_yuu,clan_yamana_1,7600,鸟取城,lord_1_yamana_yuu,clan_yamana_1,11000,鸟取城,lord_1_yamana_yuu,clan_yamana_1,11800,鸟取城,lord_1_kinoshita,clan_kinoshita_1,13400,鸟取城,lord_1_miyabe_keijun,clan_miyabe_1,16000
town_tk119,城,出石城,198,165,927.1,519.2,出石城,lord_1_yamana_yuu,clan_yamana_1,5200,出石城,lord_1_yamana_yuu,clan_yamana_1,5800,出石城,lord_1_yamana_yuu,clan_yamana_1,7400,出石城,lord_1_yamana_yuu,clan_yamana_1,8600,出石城,lord_1_kinoshita,clan_kinoshita_1,9800,出石城,lord_1_saimura_masahiro,clan_saimura_1,12000
town_tk120,城,羽衣石城,175,161,827.3,538.6,羽衣石城,lord_1_amago_haruhisa,clan_amago_1,5200,羽衣石城,lord_1_amago_haruhisa,clan_amago_1,5800,羽衣石城,lord_1_yamana_yuu,clan_yamana_1,7400,羽衣石城,lord_1_mori,clan_mori_1,8600,羽衣石城,lord_1_mori,clan_mori_1,9800,羽衣石城,lord_1_kamei_korenori,clan_kamei_1,12000
town_tk121,城,月山富田城,156,157,745.2,557.8,月山富田城,lord_1_amago_haruhisa,clan_amago_1,7600,月山富田城,lord_1_amago_haruhisa,clan_amago_1,9400,月山富田城,lord_1_amano,clan_amano_1,11000,月山富田城,lord_1_kikkawa,clan_kikkawa_1,11800,月山富田城,lord_1_kikkawa,clan_kikkawa_1,13400,月山富田城,lord_1_kikkawa_4,clan_kikkawa_1,16000
town_tk122,城,三刀屋城,147,159,704.7,549.0,三刀屋城,lord_1_mitoya_hisayasu,clan_mitoya_1,5200,三刀屋城,lord_1_mitoya_hisayasu,clan_mitoya_1,5800,三刀屋城,lord_1_mitoya_hisayasu,clan_mitoya_1,7400,三刀屋城,lord_1_mitoya_hisayasu,clan_mitoya_1,8600,三刀屋城,lord_1_mitoya_hisayasu,clan_mitoya_1,9800,三刀屋城,lord_1_kikkawa_4,clan_kikkawa_1,12000
town_tk123,城,白鹿城,158,152,762.3,568.3,白鹿城,lord_1_amago_haruhisa,clan_amago_1,5200,白鹿城,lord_1_amago_haruhisa,clan_amago_1,5800,白鹿城,lord_1_kikkawa,clan_kikkawa_1,7400,白鹿城,lord_1_kikkawa,clan_kikkawa_1,8600,白鹿城,lord_1_kikkawa,clan_kikkawa_1,5800,白鹿城,lord_1_kamei_korenori,clan_kamei_1,14000
town_tk124,城,益田城,114,165,556.7,522.9,益田城,lord_1_kikkawa,clan_kikkawa_1,5200,益田城,lord_1_mori_1,clan_mori_1,5800,益田城,lord_1_kikkawa,clan_kikkawa_1,7400,益田城,lord_1_kikkawa,clan_kikkawa_1,8600,益田城,lord_1_kikkawa,clan_kikkawa_1,5800,益田城,lord_1_shiganezawa_motouji,clan_shiganezawa_1,12000
town_tk125,城,山吹城,137,159,660.6,549.5,山吹城,lord_1_kikkawa,clan_kikkawa_1,5200,山吹城,lord_1_kikkawa,clan_kikkawa_1,5800,山吹城,lord_1_kikkawa,clan_kikkawa_1,7400,山吹城,lord_1_kikkawa,clan_kikkawa_1,8600,山吹城,lord_1_kikkawa,clan_kikkawa_1,5800,山吹城,lord_1_mori,clan_mori_1,14000
town_tk126,城,置盐城,188,174,879.3,478.2,置盐城,lord_1_akamatsu,clan_akamatsu_1,6400,置盐城,lord_1_akamatsu,clan_akamatsu_1,7600,置盐城,lord_1_akamatsu,clan_akamatsu_1,9200,置盐城,lord_1_akamatsu,clan_akamatsu_1,10200,置盐城,lord_1_kinoshita,clan_kinoshita_1,11600,置盐城,lord_1_kinoshita_hideyori,clan_kinoshita_1,14000
town_tk127,城,御着城,188,178,877.7,459.8,御着城,lord_1_kodera,clan_kodera_1,7600,御着城,lord_1_kodera,clan_kodera_1,9400,御着城,lord_1_kodera,clan_kodera_1,11000,御着城,lord_1_kodera,clan_kodera_1,11800,御着城,lord_1_kinoshita,clan_kinoshita_1,15200,御着城,lord_1_kinoshita_hideyori,clan_kinoshita_1,18000
town_tk128,城,三木城,194,182,902.5,441.1,三木城,lord_1_akamatsu,clan_akamatsu_1,6400,三木城,lord_1_akamatsu,clan_akamatsu_1,7600,三木城,lord_1_bessho_4,clan_bessho_1,11000,三木城,lord_1_bessho_4,clan_bessho_1,11800,三木城,lord_1_kinoshita,clan_kinoshita_1,13400,三木城,lord_1_kan_tatsunaga,clan_kan_1,16000
town_tk129,城,上月城,179,172,840.5,487.8,上月城,lord_1_akamatsu,clan_akamatsu_1,5200,上月城,lord_1_akamatsu,clan_akamatsu_1,5800,上月城,lord_1_akamatsu,clan_akamatsu_1,7400,上月城,lord_1_akamatsu,clan_akamatsu_1,8600,上月城,lord_1_kinoshita,clan_kinoshita_1,9800,上月城,lord_1_kinoshita_hideyori,clan_kinoshita_1,12000
town_tk130,城,三星城,169,168,798.0,506.6,三星城,lord_1_amago_haruhisa,clan_amago_1,4000,三星城,lord_1_amago_haruhisa,clan_amago_1,4000,三星城,lord_1_mimura_motochika,clan_mimura_1,5600,三星城,lord_1_uragami,clan_uragami_1,7000,三星城,lord_1_ukita_hideie,clan_ukita_1,9800,三星城,lord_1_ukita_hideie,clan_ukita_1,12000
town_tk131,城,冈山城,168,179,787.8,457.8,冈山城,lord_1_uragami,clan_uragami_1,6400,冈山城,lord_1_uragami,clan_uragami_1,7600,冈山城,lord_1_uragami,clan_uragami_1,9200,冈山城,lord_1_ukita,clan_ukita_1,10200,冈山城,lord_1_ukita_hideie,clan_ukita_1,13400,冈山城,lord_1_ukita_hideie,clan_ukita_1,16000
town_tk132,城,砥石山城,175,179,816.8,462.3,砥石山城,lord_1_uragami,clan_uragami_1,4000,砥石山城,lord_1_uragami,clan_uragami_1,4000,砥石山城,lord_1_uragami,clan_uragami_1,7400,砥石山城,lord_1_ukita,clan_ukita_1,8600,砥石山城,lord_1_ukita_hideie,clan_ukita_1,9800,砥石山城,lord_1_ukita_hideie,clan_ukita_1,12000
town_tk133,城,天神山城,173,174,813.2,478.9,天神山城,lord_1_uragami,clan_uragami_1,5200,天神山城,lord_1_uragami,clan_uragami_1,5800,天神山城,lord_1_uragami,clan_uragami_1,7400,天神山城,lord_1_uragami,clan_uragami_1,8600,天神山城,lord_1_ukita_hideie,clan_ukita_1,9800,天神山城,lord_1_ukita_hideie,clan_ukita_1,14000
town_tk134,城,备中松山城,156,169,740.3,502.6,备中松山城,lord_1_mimura_ienaga,clan_mimura_1,5200,备中松山城,lord_1_mimura_ienaga,clan_mimura_1,5800,备中松山城,lord_1_mimura_motochika,clan_mimura_1,7400,备中松山城,lord_1_kobayakawa_takakage,clan_kobayakawa_1,8600,备中松山城,lord_1_kobayakawa_takakage,clan_kobayakawa_1,9800,备中松山城,lord_1_ukita_hideie,clan_ukita_1,14000
town_tk135,城,备中高松城,163,175,768.7,474.7,备中高松城,lord_1_shimizu_muneharu,clan_shimizu_1,5200,备中高松城,lord_1_mimura_ienaga,clan_mimura_1,5800,备中高松城,lord_1_shimizu_muneharu,clan_shimizu_1,9200,备中高松城,lord_1_shimizu_muneharu,clan_shimizu_1,10200,备中高松城,lord_1_shimizu_muneharu,clan_shimizu_1,11600,备中高松城,lord_1_ukita_hideie,clan_ukita_1,14000
town_tk136,城,三原城,144,179,681.8,458.8,三原城,lord_1_mori_1,clan_mori_1,5200,三原城,lord_1_mori_1,clan_mori_1,5800,三原城,lord_1_kobayakawa_takakage,clan_kobayakawa_1,9200,三原城,lord_1_kobayakawa_takakage,clan_kobayakawa_1,10200,三原城,lord_1_kobayakawa_takakage,clan_kobayakawa_1,5600,三原城,lord_1_kondou_mototsuna,clan_kondou_1,14000
town_tk137,城,甲山城,145,173,690.2,484.7,甲山城,lord_1_mori_1,clan_mori_1,5200,甲山城,lord_1_mori_1,clan_mori_1,5800,甲山城,lord_1_mori_1,clan_mori_1,7400,甲山城,lord_1_kobayakawa_takakage,clan_kobayakawa_1,8600,甲山城,lord_1_kobayakawa_takakage,clan_kobayakawa_1,3400,甲山城,lord_1_mori,clan_mori_1,12000
town_tk138,城,吉田郡山城,137,171,655.7,494.2,吉田郡山城,lord_1_mori_1,clan_mori_1,7600,吉田郡山城,lord_1_mori_1,clan_mori_1,9400,吉田郡山城,lord_1_mori_1,clan_mori_1,11000,吉田郡山城,lord_1_mori,clan_mori_1,11800,吉田郡山城,lord_1_mori,clan_mori_1,7000,吉田郡山城,lord_1_mori,clan_mori_1,16000
town_tk139,城,佐东银山城,131,173,628.4,485.3,佐东银山城,lord_1_mori_1,clan_mori_1,5200,佐东银山城,lord_1_mori_1,clan_mori_1,5800,佐东银山城,lord_1_mori_1,clan_mori_1,7400,佐东银山城,lord_1_mori,clan_mori_1,8600,佐东银山城,lord_1_mori,clan_mori_1,6800,佐东银山城,lord_1_mori,clan_mori_1,12000
town_tk140,城,樱尾城,120,176,575.9,474.8,樱尾城,lord_1_mori_1,clan_mori_1,5200,樱尾城,lord_1_mori_1,clan_mori_1,5800,樱尾城,lord_1_mori_1,clan_mori_1,7400,樱尾城,lord_1_mori,clan_mori_1,8600,樱尾城,lord_1_mori,clan_mori_1,5000,樱尾城,lord_1_mori,clan_mori_1,18000
town_tk141,城,山口城,102,175,499.8,477.4,山口城,lord_1_ouchi_yoshinaga,clan_ouchi_1,6400,山口城,lord_1_mori_1,clan_mori_1,7600,山口城,lord_1_mori_1,clan_mori_1,9200,山口城,lord_1_mori,clan_mori_1,10200,山口城,lord_1_mori,clan_mori_1,3400,山口城,lord_1_mori,clan_mori_1,14000
town_tk142,城,且山城,90,174,447.3,482.5,且山城,lord_1_ouchi_yoshinaga,clan_ouchi_1,5200,且山城,lord_1_mori_1,clan_mori_1,5800,且山城,lord_1_mori_1,clan_mori_1,7400,且山城,lord_1_mori,clan_mori_1,8600,且山城,lord_1_mori,clan_mori_1,9800,且山城,lord_1_mori,clan_mori_1,12000
town_tk143,城,十河城,168,190,784.6,405.4,十河城,dead_lord_1_sogo_1,clan_sogo_1,4000,十河城,dead_lord_1_sogo_1,clan_sogo_1,4000,十河城,lord_1_sogo,clan_sogo_1,7400,十河城,lord_1_sogo,clan_sogo_1,8600,十河城,lord_1_sogo,clan_sogo_1,9800,十河城,lord_1_ikoma_chikamasa,clan_ikoma_1,12000
town_tk144,城,天雾城,157,188,737.0,415.1,天雾城,lord_1_kagawa_saizou,clan_kagawa_1,5200,天雾城,lord_1_kagawa_saizou,clan_kagawa_1,5800,天雾城,lord_1_kagawa_saizou,clan_kagawa_1,7400,天雾城,lord_1_kagawa_saizou,clan_kagawa_1,8600,天雾城,lord_1_sogo,clan_sogo_1,9800,天雾城,lord_1_ikoma_chikamasa,clan_ikoma_1,16000
town_tk145,城,汤筑城,129,191,612.3,402.5,汤筑城,lord_1_kawano,clan_kawano_1,5200,汤筑城,lord_1_kawano,clan_kawano_1,5800,汤筑城,lord_1_kawano,clan_kawano_1,7400,汤筑城,lord_1_kawano,clan_kawano_1,8600,汤筑城,lord_1_kawano_masashige,clan_kawano_1,9800,汤筑城,lord_1_katoo_yoshiaki,clan_katō_1,12000
town_tk146,城,川之江城,151,193,708.5,392.4,川之江城,lord_1_kawano,clan_kawano_1,4000,川之江城,dead_lord_1_miyoshi_1,clan_miyoshi_1,4000,川之江城,lord_1_miyoshi_nagaatsu,clan_miyoshi_1,7400,川之江城,lord_1_kawano,clan_kawano_1,8600,川之江城,lord_1_kawano_masashige,clan_kawano_1,9800,川之江城,lord_1_ankokuji_ekei,clan_ankokuji_1,12000
town_tk147,城,宇和岛城,119,205,562.5,338.5,宇和岛城,lord_1_saionji,clan_saionji_1,5200,宇和岛城,lord_1_saionji,clan_saionji_1,5800,宇和岛城,lord_1_saionji,clan_saionji_1,7400,宇和岛城,lord_1_saionji,clan_saionji_1,8600,宇和岛城,lord_1_saionji,clan_saionji_1,9800,宇和岛城,lord_1_todo_2,clan_todo_1,14000
town_tk148,城,抚养城,178,194,826.8,387.3,抚养城,lord_1_shinohara_nagafusa,clan_shinohara_1,5200,抚养城,lord_1_shinohara_nagafusa,clan_shinohara_1,5800,抚养城,lord_1_shinohara_nagafusa,clan_shinohara_1,7400,抚养城,lord_1_miyoshi_nagaharu,clan_miyoshi_1,8600,抚养城,lord_1_sogo,clan_sogo_1,9800,抚养城,lord_1_hachisuka_iemasa,clan_hachisuka_1,12000
town_tk149,城,胜瑞城,173,198,803.4,368.4,胜瑞城,lord_1_miyoshi_jikkyu,clan_miyoshi_1,6400,胜瑞城,lord_1_miyoshi_jikkyu,clan_miyoshi_1,7600,胜瑞城,lord_1_miyoshi_nagaatsu,clan_miyoshi_1,11000,胜瑞城,lord_1_miyoshi_nagaharu,clan_miyoshi_1,11800,胜瑞城,lord_1_sogo,clan_sogo_1,13400,胜瑞城,lord_1_hachisuka_iemasa,clan_hachisuka_1,16000
town_tk150,城,洲本城,187,194,856.3,393.3,洲本城,dead_lord_1_miyoshi_1,clan_miyoshi_1,5200,洲本城,dead_lord_1_miyoshi_1,clan_miyoshi_1,5800,洲本城,lord_1_miyoshi_nagaatsu,clan_miyoshi_1,7400,洲本城,lord_1_miyoshi_nagaharu,clan_miyoshi_1,8600,洲本城,lord_1_oda,clan_oda_1,9800,洲本城,lord_1_kyouzaka_yasuharu,clan_kyouzaka_1,12000
town_tk151,城,白地城,154,197,720.1,373.8,白地城,dead_lord_1_miyoshi_1,clan_miyoshi_1,5200,白地城,dead_lord_1_miyoshi_1,clan_miyoshi_1,5800,白地城,lord_1_miyoshi_nagaatsu,clan_miyoshi_1,7400,白地城,lord_1_miyoshi_nagaharu,clan_miyoshi_1,8600,白地城,lord_1_chosokabe,clan_chosokabe_1,9800,白地城,lord_1_hachisuka_iemasa,clan_hachisuka_1,14000
town_tk152,城,冈丰城,147,202,687.2,351.1,冈丰城,lord_1_chosokabe_kunichika,clan_chosokabe_1,6400,冈丰城,lord_1_chosokabe,clan_chosokabe_1,7600,冈丰城,lord_1_chosokabe,clan_chosokabe_1,9200,冈丰城,lord_1_chosokabe,clan_chosokabe_1,10200,冈丰城,lord_1_chosokabe,clan_chosokabe_1,13400,冈丰城,lord_1_chosokabe_morichika,clan_chosokabe_1,16000
town_tk153,城,安芸城,155,207,726.8,333.9,安芸城,lord_1_aki,clan_aki_1,6400,安芸城,lord_1_aki,clan_aki_1,7600,安芸城,lord_1_aki,clan_aki_1,9200,安芸城,lord_1_chosokabe,clan_chosokabe_1,10200,安芸城,lord_1_chosokabe,clan_chosokabe_1,11600,安芸城,lord_1_chosokabe_morichika,clan_chosokabe_1,14000
town_tk154,城,中村城,127,214,588.9,302.4,中村城,lord_1_ichijo,clan_ichijo_1,5200,中村城,lord_1_ichijo,clan_ichijo_1,5800,中村城,lord_1_ichijo,clan_ichijo_1,9200,中村城,lord_1_chosokabe,clan_chosokabe_1,10200,中村城,lord_1_chosokabe,clan_chosokabe_1,11600,中村城,lord_1_tani_tadamasa,clan_tani_1,14000
town_tk155,城,金石城,51,157,357.9,470.3,金石城,lord_1_soo_yoshitoshi,clan_sō_1,4000,金石城,lord_1_soo_yoshitoshi,clan_sō_1,4000,金石城,lord_1_soo_yoshitoshi,clan_sō_1,5600,金石城,lord_1_soo_yoshitoshi,clan_sō_1,7000,金石城,lord_1_soo_yoshitoshi,clan_sō_1,8000,金石城,lord_1_soo_yoshitomo,clan_sō_1,12000
town_tk156,城,立花山城,73,179,370.3,460.2,立花山城,lord_1_takahashi_hiroyoshi,clan_takahashi_1,4000,立花山城,lord_1_otomo,clan_otomo_1,4000,立花山城,lord_1_otomo,clan_otomo_1,7400,立花山城,lord_1_tachibana_dosetsu,clan_tachibana_1,8600,立花山城,lord_1_tachibana_dosetsu,clan_tachibana_1,9800,立花山城,lord_1_kobayakawa_hideaki,clan_kobayakawa_1,14000
town_tk157,城,岩屋城,73,184,368.2,437.2,岩屋城,lord_1_takahashi_hiroyoshi,clan_takahashi_1,5200,岩屋城,lord_1_takahashi_hiroyoshi,clan_takahashi_1,5800,岩屋城,lord_1_takahashi_hiroyoshi,clan_takahashi_1,7400,岩屋城,lord_1_takahashi_shoun,clan_takahashi_1,8600,岩屋城,lord_1_takahashi_shoun,clan_takahashi_1,9800,岩屋城,lord_1_kobayakawa_hideaki,clan_kobayakawa_1,12000
town_tk158,城,柳川城,66,192,334.1,400.7,柳川城,lord_1_kamachi,clan_kamachi_1,5200,柳川城,lord_1_kamachi,clan_kamachi_1,5800,柳川城,lord_1_kamachi,clan_kamachi_1,7400,柳川城,lord_1_kamachi,clan_kamachi_1,8600,柳川城,lord_1_ryuzoji,clan_ryuzoji_1,9800,柳川城,lord_1_tachibana_muneshige,clan_tachibana_1,12000
town_tk159,城,久留米城,71,189,357.4,414.3,久留米城,lord_1_ryuzoji,clan_ryuzoji_1,4000,久留米城,lord_1_ryuzoji,clan_ryuzoji_1,4000,久留米城,lord_1_ryuzoji,clan_ryuzoji_1,5600,久留米城,lord_1_ryuzoji,clan_ryuzoji_1,7000,久留米城,lord_1_ryuzoji,clan_ryuzoji_1,8000,久留米城,lord_1_kobayakawa_hidekane,clan_kobayakawa_1,14000
town_tk160,城,佐嘉城,63,189,322.1,414.6,佐嘉城,lord_1_ryuzoji,clan_ryuzoji_1,7600,佐嘉城,lord_1_ryuzoji,clan_ryuzoji_1,9400,佐嘉城,lord_1_ryuzoji,clan_ryuzoji_1,11000,佐嘉城,lord_1_ryuzoji,clan_ryuzoji_1,11800,佐嘉城,lord_1_ryuzoji,clan_ryuzoji_1,13400,佐嘉城,lord_1_nabeshima_4,clan_nabeshima_1,16000
town_tk161,城,大村城,53,196,272.9,385.8,大村城,lord_1_omura,clan_omura_1,4000,大村城,lord_1_omura,clan_omura_1,4000,大村城,lord_1_omura,clan_omura_1,7400,大村城,lord_1_omura,clan_omura_1,8600,大村城,lord_1_omura,clan_omura_1,9800,大村城,lord_1_nabeshima_4,clan_nabeshima_1,14000
town_tk162,城,平户城,48,186,260.4,425.8,平户城,lord_1_matsuura,clan_matsuura_1,5200,平户城,lord_1_matsuura,clan_matsuura_1,5800,平户城,lord_1_matsuura,clan_matsuura_1,7400,平户城,lord_1_matsuura,clan_matsuura_1,8600,平户城,lord_1_matsuura,clan_matsuura_1,9800,平户城,lord_1_matsuura_2,clan_matsuura_1,16000
town_tk163,城,日野江城,56,203,282.4,354.9,日野江城,lord_1_ryuzoji,clan_ryuzoji_1,5200,日野江城,lord_1_ryuzoji,clan_ryuzoji_1,5800,日野江城,lord_1_ryuzoji,clan_ryuzoji_1,7400,日野江城,lord_1_ryuzoji,clan_ryuzoji_1,8600,日野江城,lord_1_arima_6,clan_arima_1,9800,日野江城,lord_1_arima_6,clan_arima_1,14000
town_tk164,城,岩尾城,80,208,389.3,326.4,岩尾城,lord_1_aso,clan_aso_1,5200,岩尾城,lord_1_aso,clan_aso_1,5800,岩尾城,lord_1_aso,clan_aso_1,7400,岩尾城,lord_1_aso,clan_aso_1,8600,岩尾城,lord_1_aso,clan_aso_1,9800,岩尾城,lord_1_katoo_kiyomasa,clan_katō_1,12000
town_tk165,城,隈本城,71,204,351.3,345.3,隈本城,lord_1_sagara,clan_sagara_1,6400,隈本城,lord_1_sagara,clan_sagara_1,7600,隈本城,lord_1_sagara,clan_sagara_1,9200,隈本城,lord_1_sagara,clan_sagara_1,10200,隈本城,lord_1_shimazu,clan_shimazu_1,11600,隈本城,lord_1_katoo_kiyomasa,clan_katō_1,16000
town_tk166,城,人吉城,66,218,323.5,281.0,人吉城,lord_1_sagara,clan_sagara_1,5200,人吉城,lord_1_sagara,clan_sagara_1,5800,人吉城,lord_1_sagara,clan_sagara_1,7400,人吉城,lord_1_sagara,clan_sagara_1,8600,人吉城,lord_1_sagara_yorifusa,clan_sagara_1,9800,人吉城,lord_1_sagara_yorifusa,clan_sagara_1,14000
town_tk167,城,八代城,69,210,340.0,317.7,八代城,lord_1_sagara,clan_sagara_1,5200,八代城,lord_1_sagara,clan_sagara_1,5800,八代城,lord_1_sagara,clan_sagara_1,7400,八代城,lord_1_sagara,clan_sagara_1,8600,八代城,lord_1_shimazu,clan_shimazu_1,9800,八代城,lord_1_konishi_yukinaga,clan_konishi_1,14000
town_tk168,城,城井谷城,87,187,421.4,415.3,城井谷城,lord_1_kii,clan_kii_1,4000,城井谷城,lord_1_kii,clan_kii_1,4000,城井谷城,lord_1_kii,clan_kii_1,7400,城井谷城,lord_1_kii,clan_kii_1,8600,城井谷城,lord_1_kii,clan_kii_1,9800,城井谷城,lord_1_kuroda_4,clan_kuroda_1,14000
town_tk169,城,小仓城,86,181,404.9,429.8,小仓城,lord_1_ouchi_yoshinaga,clan_ouchi_1,6400,小仓城,lord_1_otomo,clan_otomo_1,7600,小仓城,lord_1_otomo,clan_otomo_1,9200,小仓城,lord_1_takahashi_hiroyoshi,clan_takahashi_1,10200,小仓城,lord_1_mori,clan_mori_1,11600,小仓城,lord_1_mori_katsunaga,clan_mori_1,18000
town_tk170,城,府内城,95,199,457.4,360.4,府内城,lord_1_otomo,clan_otomo_1,6400,府内城,lord_1_otomo,clan_otomo_1,7600,府内城,lord_1_otomo,clan_otomo_1,9200,府内城,lord_1_otomo,clan_otomo_1,10200,府内城,lord_1_otomo,clan_otomo_1,11600,府内城,lord_1_kuroda_4,clan_kuroda_1,16000
town_tk171,城,冈城,87,205,421.4,340.0,冈城,lord_1_shiga_chikamori,clan_shiga_1,4000,冈城,lord_1_shiga_chikamori,clan_shiga_1,4000,冈城,lord_1_shiga_chikamori,clan_shiga_1,7400,冈城,lord_1_shiga_chikamori,clan_shiga_1,8600,冈城,lord_1_shiga_chikamori,clan_shiga_1,9800,冈城,lord_1_kinoshita_hideyori,clan_kinoshita_1,12000
town_tk172,城,佐伯城,100,208,472.4,321.9,佐伯城,lord_1_otomo,clan_otomo_1,5200,佐伯城,lord_1_otomo,clan_otomo_1,5800,佐伯城,lord_1_otomo,clan_otomo_1,7400,佐伯城,lord_1_otomo,clan_otomo_1,8600,佐伯城,lord_1_saeki_kore,clan_saeki_1,9800,佐伯城,lord_1_kinoshita_hideyori,clan_kinoshita_1,12000
town_tk173,城,都於郡城,80,226,378.4,246.9,都於郡城,lord_1_ito_hoan,clan_ito_1,5200,都於郡城,lord_1_ito_hoan,clan_ito_1,5800,都於郡城,lord_1_ito_hoan,clan_ito_1,7400,都於郡城,lord_1_ito_hoan,clan_ito_1,8600,都於郡城,lord_1_shimazu,clan_shimazu_1,9800,都於郡城,lord_1_shimazu_toyohisa,clan_shimazu_1,12000
town_tk174,城,饫肥城,74,236,351.5,197.8,饫肥城,lord_1_ito_hoan,clan_ito_1,5200,饫肥城,lord_1_ito_hoan,clan_ito_1,5800,饫肥城,lord_1_ito_hoan,clan_ito_1,7400,饫肥城,lord_1_ito_hoan,clan_ito_1,8600,饫肥城,lord_1_shimazu,clan_shimazu_1,9800,饫肥城,lord_1_ito_sadachika,clan_ito_1,14000
town_tk175,城,县城,91,216,425.9,297.9,县城,lord_1_ito_hoan,clan_ito_1,5200,县城,lord_1_ito_hoan,clan_ito_1,5800,县城,lord_1_ito_hoan,clan_ito_1,7400,县城,lord_1_ito_hoan,clan_ito_1,8600,县城,lord_1_shimazu,clan_shimazu_1,9800,县城,lord_1_shimazu_4,clan_shimazu_1,12000
town_tk176,城,大隅高山城,62,242,292.4,167.4,大隅高山城,dead_lord_1_kimotsuki_1,clan_kimotsuki_1,4000,大隅高山城,dead_lord_1_kimotsuki_1,clan_kimotsuki_1,4000,大隅高山城,lord_1_kimotsuki,clan_kimotsuki_1,7400,大隅高山城,lord_1_kimotsuki_5,clan_kimotsuki_1,8600,大隅高山城,lord_1_kimotsuki_5,clan_kimotsuki_1,9800,大隅高山城,lord_1_shimazu,clan_shimazu_1,12000
town_tk177,城,加治木城,59,230,287.8,226.1,加治木城,dead_lord_1_kimotsuki_1,clan_kimotsuki_1,5200,加治木城,dead_lord_1_kimotsuki_1,clan_kimotsuki_1,5800,加治木城,lord_1_kimotsuki,clan_kimotsuki_1,7400,加治木城,lord_1_shimazu,clan_shimazu_1,8600,加治木城,lord_1_shimazu,clan_shimazu_1,9800,加治木城,lord_1_shimazu,clan_shimazu_1,14000
town_tk178,城,内城,54,229,266.2,230.9,内城,lord_1_shimazu_11,clan_shimazu_1,7600,内城,lord_1_shimazu_11,clan_shimazu_1,9400,内城,lord_1_shimazu_11,clan_shimazu_1,11000,内城,lord_1_shimazu,clan_shimazu_1,11800,内城,lord_1_shimazu,clan_shimazu_1,13400,内城,lord_1_shimazu_4,clan_shimazu_1,16000
town_tk179,城,出水城,54,219,270.2,277.0,出水城,lord_1_shimazu_kagerai,clan_shimazu_1,4000,出水城,lord_1_shimazu_kagerai,clan_shimazu_1,4000,出水城,lord_1_shimazu_kagerai,clan_shimazu_1,7400,出水城,lord_1_shimazu_kagerai,clan_shimazu_1,8600,出水城,lord_1_shimazu_kagerai,clan_shimazu_1,9800,出水城,lord_1_shimazu_4,clan_shimazu_1,12000
village_tk180,町,宇须岸,398,48,1866.5,1060.6,宇须岸,,,,宇须岸,,,,宇须岸,,,,宇须岸,,,,宇须岸,,,,宇须岸,,,
village_tk181,町,弘前,380,75,1766.1,925.4,弘前,,,,弘前,,,,弘前,,,,弘前,,,,弘前,,,,弘前,,,
village_tk182,町,花卷,387,106,1784.4,782.4,花卷,,,,花卷,,,,花卷,,,,花卷,,,,花卷,,,,花卷,,,
village_tk183,町,仙台,374,134,1715.6,654.1,仙台,,,,仙台,,,,仙台,,,,仙台,,,,仙台,,,,仙台,,,
village_tk184,町,土崎凑,363,94,1694.6,827.2,土崎凑,,,,土崎凑,,,,土崎凑,,,,土崎凑,,,,土崎凑,,,,土崎凑,,,
village_tk185,町,酒田,350,112,1627.6,756.7,酒田,,,,酒田,,,,酒田,,,,酒田,,,,酒田,,,,酒田,,,
village_tk186,町,会津,339,149,1555.2,586.6,会津,,,,会津,,,,会津,,,,会津,,,,会津,,,,会津,,,
village_tk187,町,鹿岛,343,190,1556.2,397.8,鹿岛,,,,鹿岛,,,,鹿岛,,,,鹿岛,,,,鹿岛,,,,鹿岛,,,
village_tk188,町,足利,317,175,1447.7,467.9,足利,,,,足利,,,,足利,,,,足利,,,,足利,,,,足利,,,
village_tk189,町,厩桥,307,171,1405.2,486.8,厩桥,,,,厩桥,,,,厩桥,,,,厩桥,,,,厩桥,,,,厩桥,,,
village_tk190,町,木更津,317,202,1434.6,373.4,木更津,,,,木更津,,,,木更津,,,,木更津,,,,木更津,,,,木更津,,,
village_tk191,町,佐仓,329,195,1470.6,397.3,佐仓,,,,佐仓,,,,佐仓,,,,佐仓,,,,佐仓,,,,佐仓,,,
village_tk192,町,江户,317,194,1439.9,380.5,江户,,,,江户,,,,江户,,,,江户,,,,江户,,,,江户,,,
village_tk193,町,小田原,300,198,1363.3,362.8,小田原,,,,小田原,,,,小田原,,,,小田原,,,,小田原,,,,小田原,,,
village_tk194,町,直江津,295,145,1362.9,607.0,直江津,,,,直江津,,,,直江津,,,,直江津,,,,直江津,,,,直江津,,,
village_tk195,町,富山,264,148,1225.0,594.5,富山,,,,富山,,,,富山,,,,富山,,,,富山,,,,富山,,,
village_tk196,町,轮岛,262,130,1226.2,675.2,轮岛,,,,轮岛,,,,轮岛,,,,轮岛,,,,轮岛,,,,轮岛,,,
village_tk197,町,金泽,249,149,1158.4,590.6,金泽,,,,金泽,,,,金泽,,,,金泽,,,,金泽,,,,金泽,,,
village_tk198,町,敦贺,227,167,1050.2,498.3,敦贺,,,,敦贺,,,,敦贺,,,,敦贺,,,,敦贺,,,,敦贺,,,
village_tk199,町,小诸,294,166,1349.9,510.4,小诸,,,,小诸,,,,小诸,,,,小诸,,,,小诸,,,,小诸,,,
village_tk200,町,诹访,282,171,1295.0,487.9,诹访,,,,诹访,,,,诹访,,,,诹访,,,,诹访,,,,诹访,,,
village_tk201,町,甲府,288,186,1315.3,418.6,甲府,,,,甲府,,,,甲府,,,,甲府,,,,甲府,,,,甲府,,,
village_tk202,町,骏府,278,201,1265.1,350.0,骏府,,,,骏府,,,,骏府,,,,骏府,,,,骏府,,,,骏府,,,
village_tk203,町,滨松,258,203,1215.7,381.9,滨松,,,,滨松,,,,滨松,,,,滨松,,,,滨松,,,,滨松,,,
village_tk204,町,冈崎,245,193,1143.2,408.3,冈崎,,,,冈崎,,,,冈崎,,,,冈崎,,,,冈崎,,,,冈崎,,,
village_tk205,町,清洲,240,187,1084.7,433.3,清洲,,,,清洲,,,,清洲,,,,清洲,,,,清洲,,,,清洲,,,
village_tk206,町,井之口,241,174,1113.0,475.9,井之口,,,,井之口,,,,井之口,,,,井之口,,,,井之口,,,,井之口,,,
village_tk207,町,松仓,258,164,1192.0,521.2,松仓,,,,松仓,,,,松仓,,,,松仓,,,,松仓,,,,松仓,,,
village_tk208,町,大凑,232,200,1062.7,356.6,大凑,,,,大凑,,,,大凑,,,,大凑,,,,大凑,,,,大凑,,,
village_tk209,町,今滨,230,175,1046.2,476.8,今滨,,,,今滨,,,,今滨,,,,今滨,,,,今滨,,,,今滨,,,
village_tk210,町,加田,225,181,1039.6,444.4,加田,,,,加田,,,,加田,,,,加田,,,,加田,,,,加田,,,
village_tk211,町,奈良,215,191,991.4,398.8,奈良,,,,奈良,,,,奈良,,,,奈良,,,,奈良,,,,奈良,,,
village_tk212,町,京,214,183,990.3,435.6,京,,,,京,,,,京,,,,京,,,,京,,,,京,,,
village_tk213,町,龟山,209,177,970.7,463.5,龟山,,,,龟山,,,,龟山,,,,龟山,,,,龟山,,,,龟山,,,
village_tk214,町,小滨,218,170,1013.2,495.3,小滨,,,,小滨,,,,小滨,,,,小滨,,,,小滨,,,,小滨,,,
village_tk215,町,界,200,193,927.8,370.9,界,,,,界,,,,界,,,,界,,,,界,,,,界,,,
village_tk216,町,石山,204,190,965.8,380.4,石山,,,,石山,,,,石山,,,,石山,,,,石山,,,,石山,,,
village_tk217,町,杂贺,192,197,913.3,356.9,杂贺,,,,杂贺,,,,杂贺,,,,杂贺,,,,杂贺,,,,杂贺,,,
village_tk218,町,出石,195,165,913.9,519.3,出石,,,,出石,,,,出石,,,,出石,,,,出石,,,,出石,,,
village_tk219,町,鸟取,181,159,854.6,547.5,鸟取,,,,鸟取,,,,鸟取,,,,鸟取,,,,鸟取,,,,鸟取,,,
village_tk220,町,松江,152,153,724.3,572.3,松江,,,,松江,,,,松江,,,,松江,,,,松江,,,,松江,,,
village_tk221,町,温泉津,135,156,642.8,559.3,温泉津,,,,温泉津,,,,温泉津,,,,温泉津,,,,温泉津,,,,温泉津,,,
village_tk222,町,姬路,188,181,857.8,461.8,姬路,,,,姬路,,,,姬路,,,,姬路,,,,姬路,,,,姬路,,,
village_tk223,町,津山,173,169,815.2,501.9,津山,,,,津山,,,,津山,,,,津山,,,,津山,,,,津山,,,
village_tk224,町,长船,172,179,792.8,477.3,长船,,,,长船,,,,长船,,,,长船,,,,长船,,,,长船,,,
village_tk225,町,仓敷,162,180,760.8,450.8,仓敷,,,,仓敷,,,,仓敷,,,,仓敷,,,,仓敷,,,,仓敷,,,
village_tk226,町,尾道,147,180,701.8,456.3,尾道,,,,尾道,,,,尾道,,,,尾道,,,,尾道,,,,尾道,,,
village_tk227,町,严岛,123,177,600.9,478.3,严岛,,,,严岛,,,,严岛,,,,严岛,,,,严岛,,,,严岛,,,
village_tk228,町,赤间关,87,175,426.9,482.8,赤间关,,,,赤间关,,,,赤间关,,,,赤间关,,,,赤间关,,,,赤间关,,,
village_tk229,町,丸龟,160,187,750.6,419.6,丸龟,,,,丸龟,,,,丸龟,,,,丸龟,,,,丸龟,,,,丸龟,,,
village_tk230,町,今治,138,188,643.8,407.8,今治,,,,今治,,,,今治,,,,今治,,,,今治,,,,今治,,,
village_tk231,町,鸣门,176,198,819.3,355.9,鸣门,,,,鸣门,,,,鸣门,,,,鸣门,,,,鸣门,,,,鸣门,,,
village_tk232,町,浦户,147,205,667.8,345.4,浦户,,,,浦户,,,,浦户,,,,浦户,,,,浦户,,,,浦户,,,
village_tk233,町,博多,70,182,355.8,446.6,博多,,,,博多,,,,博多,,,,博多,,,,博多,,,,博多,,,
village_tk234,町,柳川,66,195,332.9,386.9,柳川,,,,柳川,,,,柳川,,,,柳川,,,,柳川,,,,柳川,,,
village_tk235,町,平户,48,183,241.4,433.8,平户,,,,平户,,,,平户,,,,平户,,,,平户,,,,平户,,,
village_tk236,町,八代,66,210,326.8,317.9,八代,,,,八代,,,,八代,,,,八代,,,,八代,,,,八代,,,
village_tk237,町,小仓,86,178,400.4,450.8,小仓,,,,小仓,,,,小仓,,,,小仓,,,,小仓,,,,小仓,,,
village_tk238,町,府内,98,199,455.9,389.8,府内,,,,府内,,,,府内,,,,府内,,,,府内,,,,府内,,,
village_tk239,町,油津,74,239,334.9,186.4,油津,,,,油津,,,,油津,,,,油津,,,,油津,,,,油津,,,
village_tk240,町,鹿屋,58,241,278.9,175.5,鹿屋,,,,鹿屋,,,,鹿屋,,,,鹿屋,,,,鹿屋,,,,鹿屋,,,
village_tk241,町,鹿儿岛,54,233,278.4,198.9,鹿儿岛,,,,鹿儿岛,,,,鹿儿岛,,,,鹿儿岛,,,,鹿儿岛,,,,鹿儿岛,,,
village_tk242,町,釜山,20,2,208.6,1277.2,釜山,,,,釜山,,,,釜山,,,,釜山,,,,釜山,,,,釜山,,,
village_tk243,町,宁波,12,10,170.1,1240.7,宁波,,,,宁波,,,,宁波,,,,宁波,,,,宁波,,,,宁波,,,
village_tk244,町,那霸,18,14,194.9,1222.0,那霸,,,,那霸,,,,那霸,,,,那霸,,,,那霸,,,,那霸,,,
village_tk245,町,吕宋,12,29,162.4,1153.3,吕宋,,,,吕宋,,,,吕宋,,,,吕宋,,,,吕宋,,,,吕宋,,,
castle_tk246,里,黑胫巾,366,131,1681.6,668.3,黑胫巾,lord_1_yanagihara_hyoe,clan_yanagihara_1,9000,黑胫巾,lord_1_yanagihara_hyoe,clan_yanagihara_1,9000,黑胫巾,lord_1_yanagihara_hyoe,clan_yanagihara_1,9000,黑胫巾,lord_1_yanagihara_hyoe,clan_yanagihara_1,9000,黑胫巾,lord_1_yanagihara_hyoe,clan_yanagihara_1,9000,黑胫巾,lord_1_yanagihara_hyoe,clan_yanagihara_1,9000
castle_tk247,里,羽黑,351,118,1620.8,728.8,羽黑,,,9000,羽黑,,,9000,羽黑,,,9000,羽黑,,,9000,羽黑,,,9000,羽黑,,,9000
castle_tk248,里,风魔,299,195,1360.2,376.7,风魔,lord_1_fuuma_kotaroo,clan_fūma_1,10000,风魔,lord_1_fuuma_kotaroo,clan_fūma_1,10000,风魔,lord_1_fuuma_kotaroo,clan_fūma_1,10000,风魔,lord_1_fuuma_kotaroo,clan_fūma_1,10000,风魔,lord_1_fuuma_kotaroo,clan_fūma_1,10000,风魔,,,10000
castle_tk249,里,户隐,288,154,1328.4,565.9,户隐,lord_1_deura_morikiyo,clan_deura_1,9000,户隐,lord_1_deura_morikiyo,clan_deura_1,9000,户隐,lord_1_deura_morikiyo,clan_deura_1,9000,户隐,lord_1_deura_morikiyo,clan_deura_1,9000,户隐,lord_1_deura_morikiyo,clan_deura_1,9000,户隐,lord_1_deura_morikiyo,clan_deura_1,9000
castle_tk250,里,透波,293,181,1339.4,441.4,透波,,,10000,透波,,,10000,透波,,,10000,透波,,,10000,透波,,,10000,透波,,,10000
castle_tk251,里,伊贺,223,194,1025.5,384.6,伊贺,lord_1_momochi_sandayuu,clan_momochi_1,12000,伊贺,lord_1_momochi_sandayuu,clan_momochi_1,12000,伊贺,lord_1_momochi_sandayuu,clan_momochi_1,12000,伊贺,lord_1_momochi_sandayuu,clan_momochi_1,12000,伊贺,lord_1_momochi_sandayuu,clan_momochi_1,12000,伊贺,lord_1_igasaki_doshun,clan_igasaki_1,12000
castle_tk252,里,轩辙,291,148,1344.0,593.3,轩辙,,,10000,轩辙,,,10000,轩辙,,,10000,轩辙,,,10000,轩辙,,,10000,轩辙,,,10000
castle_tk253,里,甲贺,225,188,1036.8,412.1,甲贺,lord_1_tarou_mitsutoshi,clan_tarou_1,12000,甲贺,lord_1_tarou_mitsutoshi,clan_tarou_1,12000,甲贺,lord_1_tarou_mitsutoshi,clan_tarou_1,12000,甲贺,lord_1_tarou_mitsutoshi,clan_tarou_1,12000,甲贺,lord_1_tarou_mitsutoshi,clan_tarou_1,12000,甲贺,,,12000
castle_tk254,里,根来,197,201,908.0,353.5,根来,lord_1_suginoboo_terusai,clan_suginobō_1,9000,根来,lord_1_suginoboo_terusai,clan_suginobō_1,9000,根来,lord_1_suginoboo_terusai,clan_suginobō_1,9000,根来,lord_1_suginoboo_terusai,clan_suginobō_1,9000,根来,lord_1_suginoboo_terusai,clan_suginobō_1,9000,根来,lord_1_suginoboo_terusai,clan_suginobō_1,9000
castle_tk255,里,外间,142,175,676.1,475.6,外间,lord_1_seiki_masatoki,clan_seiki_1,9500,外间,lord_1_seiki_masatoki,clan_seiki_1,9500,外间,lord_1_seiki_masatoki,clan_seiki_1,9500,外间,lord_1_seiki_masatoki,clan_seiki_1,9500,外间,lord_1_seiki_masatoki,clan_seiki_1,9500,外间,lord_1_sada_hikosaburoo,clan_sada_1,9500
castle_tk256,里,钵屋,146,156,701.5,562.9,钵屋,,,9000,钵屋,,,9000,钵屋,,,9000,钵屋,,,9000,钵屋,lord_1_seiki_masatoki,clan_seiki_1,9000,钵屋,,,9000
castle_tk257,里,山潜,61,221,300.3,267.5,山潜,,,9000,山潜,,,9000,山潜,,,9000,山潜,,,9000,山潜,,,9000,山潜,,,9000
castle_tk258,砦,十三凑,381,64,1774.6,975.6,十三凑,,,9000,十三凑,,,9000,十三凑,,,9000,十三凑,,,9000,十三凑,,,9000,十三凑,,,9000
castle_tk259,砦,石卷,382,134,1736.6,664.2,石卷,,,6500,石卷,,,6500,石卷,,,6500,石卷,,,6500,石卷,,,6500,石卷,spc_suruga_shu_leader_2,,6000
castle_tk260,砦,拍崎,305,142,1411.2,617.3,拍崎,,,6500,拍崎,,,6500,拍崎,,,6500,拍崎,,,6500,拍崎,,,6500,拍崎,spc_suruga_shu_leader_2,,6000
castle_tk261,砦,冈本,314,209,1373.7,337.9,冈本,lord_1_okumura_eifuku,clan_okumura_1,12000,冈本,lord_1_okumura_eifuku,clan_okumura_1,12000,冈本,lord_1_okumura_eifuku,clan_okumura_1,12000,冈本,lord_1_okumura_eifuku,clan_okumura_1,12000,冈本,lord_1_okumura_eifuku,clan_okumura_1,12000,冈本,lord_1_anzai_matasuke,clan_anzai_1,12000
castle_tk262,砦,一崎,310,204,1360.2,322.9,一崎,lord_1_ganshojii_shoei,clan_ganshojii_1,12000,一崎,lord_1_ganshojii_shoei,clan_ganshojii_1,12000,一崎,lord_1_ganshojii_shoei,clan_ganshojii_1,12000,一崎,lord_1_ganshojii_shoei,clan_ganshojii_1,12000,一崎,lord_1_ganshojii_shoei,clan_ganshojii_1,12000,一崎,spc_suruga_shu_leader_2,,10000
castle_tk263,砦,清水,282,199,1283.6,359.0,清水,spc_suruga_shu_leader_1,,10000,清水,spc_suruga_shu_leader_1,,10000,清水,spc_suruga_shu_leader_1,,10000,清水,spc_suruga_shu_leader_1,,10000,清水,lord_1_itami_yasunao,clan_itami_1,10000,清水,lord_1_kashin_koji,clan_kashin_1,10000
castle_tk264,砦,舞鹤,209,167,974.3,508.8,舞鹤,lord_1_nasa_nihonsuke,clan_nasa_1,9000,舞鹤,lord_1_nasa_nihonsuke,clan_nasa_1,9000,舞鹤,lord_1_nasa_nihonsuke,clan_nasa_1,9000,舞鹤,lord_1_nasa_nihonsuke,clan_nasa_1,9000,舞鹤,,,9000,舞鹤,,,9000
castle_tk265,砦,鸟羽,236,203,1081.7,342.4,鸟羽,lord_1_kuki,clan_kuki_1,12000,鸟羽,,,12000,鸟羽,lord_1_kuki,clan_kuki_1,12000,鸟羽,lord_1_kuki,clan_kuki_1,11000,鸟羽,lord_1_kuki,clan_kuki_1,8000,鸟羽,lord_1_kuki,clan_kuki_1,10000
castle_tk266,砦,洲本,187,191,919.8,430.8,洲本,dead_lord_1_atagi_2,clan_atagi_1,9000,洲本,dead_lord_1_atagi_2,clan_atagi_1,9000,洲本,lord_1_atagi,clan_atagi_1,9000,洲本,lord_1_atagi,clan_atagi_1,9000,洲本,lord_1_kuki,clan_kuki_1,8000,洲本,lord_1_sugata_nagatake,clan_sugata_1,9000
castle_tk267,砦,美保关,155,150,778.3,555.8,美保关,,,6500,美保关,,,6500,美保关,,,6500,美保关,,,6500,美保关,,,6500,美保关,lord_1_murakami_2,clan_murakami_1,6500
castle_tk268,砦,盐饱,158,184,727.8,455.8,盐饱,lord_1_miyamoto_denta,clan_miyamoto_1,9000,盐饱,lord_1_miyamoto_denta,clan_miyamoto_1,9000,盐饱,lord_1_miyamoto_denta,clan_miyamoto_1,9000,盐饱,lord_1_miyamoto_denta,clan_miyamoto_1,9000,盐饱,lord_1_miyamoto_denta,clan_miyamoto_1,9000,盐饱,lord_1_miyamoto_denta,clan_miyamoto_1,9000
castle_tk269,砦,岛,140,185,670.3,398.3,岛,lord_1_murakami,clan_murakami_1,13000,岛,lord_1_murakami,clan_murakami_1,12000,岛,lord_1_murakami,clan_murakami_1,10000,岛,lord_1_murakami,clan_murakami_1,9000,岛,lord_1_murakami,clan_murakami_1,8000,岛,lord_1_murakami_2,clan_murakami_1,8000
castle_tk270,砦,千市,151,205,710.3,346.4,千市,lord_1_ike_yorikazu,clan_ike_1,9000,千市,lord_1_ike_yorikazu,clan_ike_1,9000,千市,lord_1_ike_yorikazu,clan_ike_1,9000,千市,lord_1_ike_yorikazu,clan_ike_1,9000,千市,lord_1_ike_yorikazu,clan_ike_1,9000,千市,,,9000
castle_tk271,砦,一尺屋,101,200,466.9,342.4,一尺屋,lord_1_wakabayashi_shigeoki,clan_wakabayashi_1,10000,一尺屋,lord_1_wakabayashi_shigeoki,clan_wakabayashi_1,10000,一尺屋,lord_1_wakabayashi_shigeoki,clan_wakabayashi_1,10000,一尺屋,lord_1_wakabayashi_shigeoki,clan_wakabayashi_1,10000,一尺屋,lord_1_wakabayashi_shigeoki,clan_wakabayashi_1,10000,一尺屋,,,10000
castle_tk272,砦,江川,23,193,104.6,395.3,江川,lord_1_uku_sumisada,clan_uku_1,12000,江川,lord_1_uku_sumisada,clan_uku_1,12000,江川,lord_1_uku_sumisada,clan_uku_1,12000,江川,lord_1_uku_sumisada,clan_uku_1,12000,江川,lord_1_uku_sungen,clan_uku_1,12000,江川,,,12000
castle_tk273,砦,坊津,43,238,214.0,190.0,坊津,,,9000,坊津,,,9000,坊津,,,9000,坊津,,,9000,坊津,,,9000,坊津,,,9000
